SET LANGUAGE 'Bulgarian'
SET DATEFORMAT ymd
SET ARITHABORT, ANSI_PADDING, ANSI_WARNINGS, CONCAT_NULL_YIELDS_NULL, QUOTED_IDENTIFIER, ANSI_NULLS, NOCOUNT, XACT_ABORT ON
SET NUMERIC_ROUNDABORT, IMPLICIT_TRANSACTIONS OFF
GO

--
-- Backing up database CarsFactory
--
--
-- Backup database to the file with the name: <database_name>_<yyyy>_<mm>_<dd>_<hh>_<mi>.bak
--
DECLARE @filepath NVARCHAR(4000)
SET @filepath =
/*define base part*/ N'C:\Program Files (x86)\Microsoft SQL Server\MSSQL12.MSSQLSERVER\MSSQL\Backup\CarsFactory_' +
/*append date*/ REPLACE(CONVERT(NVARCHAR(10), GETDATE(), 102), '.', '_') + '_' +
/*append time*/ REPLACE(CONVERT(NVARCHAR(5), GETDATE(), 108), ':', '_') + '.bak'
BACKUP DATABASE CarsFactory TO DISK = @filepath WITH INIT
GO

USE CarsFactory
GO
IF DB_NAME() <> N'CarsFactory' SET NOEXEC ON
GO


--
-- Set transaction isolation level
--
SET TRANSACTION ISOLATION LEVEL SERIALIZABLE
GO

--
-- Start Transaction
--
BEGIN TRANSACTION
--
-- Delete data from the table 'dbo.Cars'
--
TRUNCATE TABLE dbo.Cars
GO

IF @@ERROR<>0 OR @@TRANCOUNT=0 BEGIN IF @@TRANCOUNT>0 ROLLBACK SET NOEXEC ON END
--
-- Delete data from the table 'dbo.Models'
--
DELETE dbo.Models
GO

IF @@ERROR<>0 OR @@TRANCOUNT=0 BEGIN IF @@TRANCOUNT>0 ROLLBACK SET NOEXEC ON END
--
-- Delete data from the table 'dbo.Dealers'
--
DELETE dbo.Dealers
GO

IF @@ERROR<>0 OR @@TRANCOUNT=0 BEGIN IF @@TRANCOUNT>0 ROLLBACK SET NOEXEC ON END
--
-- Delete data from the table 'dbo.Towns'
--
DELETE dbo.Towns
GO

IF @@ERROR<>0 OR @@TRANCOUNT=0 BEGIN IF @@TRANCOUNT>0 ROLLBACK SET NOEXEC ON END
--
-- Delete data from the table 'dbo.Platforms'
--
DELETE dbo.Platforms
GO

IF @@ERROR<>0 OR @@TRANCOUNT=0 BEGIN IF @@TRANCOUNT>0 ROLLBACK SET NOEXEC ON END
--
-- Delete data from the table 'dbo.Orders'
--
DELETE dbo.Orders
GO

IF @@ERROR<>0 OR @@TRANCOUNT=0 BEGIN IF @@TRANCOUNT>0 ROLLBACK SET NOEXEC ON END
--
-- Delete data from the table 'dbo.Manufacturers'
--
DELETE dbo.Manufacturers
GO

IF @@ERROR<>0 OR @@TRANCOUNT=0 BEGIN IF @@TRANCOUNT>0 ROLLBACK SET NOEXEC ON END
--
-- Delete data from the table 'dbo.Engines'
--
DELETE dbo.Engines
GO

IF @@ERROR<>0 OR @@TRANCOUNT=0 BEGIN IF @@TRANCOUNT>0 ROLLBACK SET NOEXEC ON END

--
-- Inserting data into table dbo.Engines
--
SET IDENTITY_INSERT dbo.Engines ON
GO

IF @@ERROR<>0 OR @@TRANCOUNT=0 BEGIN IF @@TRANCOUNT>0 ROLLBACK SET NOEXEC ON END
INSERT dbo.Engines(Id, Fuel, HorsePower) VALUES (1, 3000, 87)
INSERT dbo.Engines(Id, Fuel, HorsePower) VALUES (2, 2000, 159)
INSERT dbo.Engines(Id, Fuel, HorsePower) VALUES (3, 3000, 203)
INSERT dbo.Engines(Id, Fuel, HorsePower) VALUES (4, 3000, 102)
INSERT dbo.Engines(Id, Fuel, HorsePower) VALUES (5, 3000, 67)
INSERT dbo.Engines(Id, Fuel, HorsePower) VALUES (6, 3000, 157)
INSERT dbo.Engines(Id, Fuel, HorsePower) VALUES (7, 2000, 101)
INSERT dbo.Engines(Id, Fuel, HorsePower) VALUES (8, 1000, 259)
INSERT dbo.Engines(Id, Fuel, HorsePower) VALUES (9, 2000, 202)
INSERT dbo.Engines(Id, Fuel, HorsePower) VALUES (10, 1000, 244)
INSERT dbo.Engines(Id, Fuel, HorsePower) VALUES (11, 2000, 143)
INSERT dbo.Engines(Id, Fuel, HorsePower) VALUES (12, 1000, 303)
INSERT dbo.Engines(Id, Fuel, HorsePower) VALUES (13, 2000, 61)
INSERT dbo.Engines(Id, Fuel, HorsePower) VALUES (14, 2000, 84)
INSERT dbo.Engines(Id, Fuel, HorsePower) VALUES (15, 1000, 162)
INSERT dbo.Engines(Id, Fuel, HorsePower) VALUES (16, 2000, 86)
INSERT dbo.Engines(Id, Fuel, HorsePower) VALUES (17, 1000, 185)
INSERT dbo.Engines(Id, Fuel, HorsePower) VALUES (18, 2000, 60)
INSERT dbo.Engines(Id, Fuel, HorsePower) VALUES (19, 3000, 159)
INSERT dbo.Engines(Id, Fuel, HorsePower) VALUES (20, 2000, 88)
INSERT dbo.Engines(Id, Fuel, HorsePower) VALUES (21, 2000, 161)
INSERT dbo.Engines(Id, Fuel, HorsePower) VALUES (22, 1000, 189)
INSERT dbo.Engines(Id, Fuel, HorsePower) VALUES (23, 1000, 79)
INSERT dbo.Engines(Id, Fuel, HorsePower) VALUES (24, 1000, 60)
INSERT dbo.Engines(Id, Fuel, HorsePower) VALUES (25, 1000, 85)
INSERT dbo.Engines(Id, Fuel, HorsePower) VALUES (26, 1000, 126)
INSERT dbo.Engines(Id, Fuel, HorsePower) VALUES (27, 1000, 257)
INSERT dbo.Engines(Id, Fuel, HorsePower) VALUES (28, 1000, 61)
INSERT dbo.Engines(Id, Fuel, HorsePower) VALUES (29, 1000, 78)
INSERT dbo.Engines(Id, Fuel, HorsePower) VALUES (30, 3000, 180)
INSERT dbo.Engines(Id, Fuel, HorsePower) VALUES (31, 1000, 161)
INSERT dbo.Engines(Id, Fuel, HorsePower) VALUES (32, 1000, 64)
INSERT dbo.Engines(Id, Fuel, HorsePower) VALUES (33, 2000, 145)
INSERT dbo.Engines(Id, Fuel, HorsePower) VALUES (34, 1000, 85)
INSERT dbo.Engines(Id, Fuel, HorsePower) VALUES (35, 2000, 97)
INSERT dbo.Engines(Id, Fuel, HorsePower) VALUES (36, 1000, 89)
INSERT dbo.Engines(Id, Fuel, HorsePower) VALUES (37, 1000, 186)
INSERT dbo.Engines(Id, Fuel, HorsePower) VALUES (38, 1000, 131)
INSERT dbo.Engines(Id, Fuel, HorsePower) VALUES (39, 1000, 227)
INSERT dbo.Engines(Id, Fuel, HorsePower) VALUES (40, 1000, 302)
INSERT dbo.Engines(Id, Fuel, HorsePower) VALUES (41, 1000, 162)
INSERT dbo.Engines(Id, Fuel, HorsePower) VALUES (42, 1000, 179)
INSERT dbo.Engines(Id, Fuel, HorsePower) VALUES (43, 2000, 76)
INSERT dbo.Engines(Id, Fuel, HorsePower) VALUES (44, 3000, 72)
INSERT dbo.Engines(Id, Fuel, HorsePower) VALUES (45, 1000, 165)
INSERT dbo.Engines(Id, Fuel, HorsePower) VALUES (46, 1000, 344)
INSERT dbo.Engines(Id, Fuel, HorsePower) VALUES (47, 1000, 246)
INSERT dbo.Engines(Id, Fuel, HorsePower) VALUES (48, 2000, 186)
INSERT dbo.Engines(Id, Fuel, HorsePower) VALUES (49, 2000, 198)
INSERT dbo.Engines(Id, Fuel, HorsePower) VALUES (50, 1000, 100)
GO
SET IDENTITY_INSERT dbo.Engines OFF
GO

IF @@ERROR<>0 OR @@TRANCOUNT=0 BEGIN IF @@TRANCOUNT>0 ROLLBACK SET NOEXEC ON END

--
-- Inserting data into table dbo.Manufacturers
--
SET IDENTITY_INSERT dbo.Manufacturers ON
GO

IF @@ERROR<>0 OR @@TRANCOUNT=0 BEGIN IF @@TRANCOUNT>0 ROLLBACK SET NOEXEC ON END
INSERT dbo.Manufacturers(Id, Name) VALUES (1, N'Professional 2G Wireless Corporation')
INSERT dbo.Manufacturers(Id, Name) VALUES (2, N'Advanced L-Mobile Corporation')
INSERT dbo.Manufacturers(Id, Name) VALUES (3, N'North Renewable Energy Group')
INSERT dbo.Manufacturers(Id, Name) VALUES (4, N'Canadian G-Mobile Group')
INSERT dbo.Manufacturers(Id, Name) VALUES (5, N'Global N-Mobile Corporation')
INSERT dbo.Manufacturers(Id, Name) VALUES (6, N'Federal High-Technologies Corporation')
INSERT dbo.Manufacturers(Id, Name) VALUES (7, N'International High-Technologies Co.')
INSERT dbo.Manufacturers(Id, Name) VALUES (8, N'North Transportation Group')
INSERT dbo.Manufacturers(Id, Name) VALUES (9, N'North Computers Group')
INSERT dbo.Manufacturers(Id, Name) VALUES (10, N'South Computers Corp.')
GO
SET IDENTITY_INSERT dbo.Manufacturers OFF
GO

IF @@ERROR<>0 OR @@TRANCOUNT=0 BEGIN IF @@TRANCOUNT>0 ROLLBACK SET NOEXEC ON END

--
-- Inserting data into table dbo.Orders
--
SET IDENTITY_INSERT dbo.Orders ON
GO

IF @@ERROR<>0 OR @@TRANCOUNT=0 BEGIN IF @@TRANCOUNT>0 ROLLBACK SET NOEXEC ON END
INSERT dbo.Orders(Id, Date) VALUES (1, '2016-03-18 11:41:57.110')
INSERT dbo.Orders(Id, Date) VALUES (2, '2016-01-01 01:16:06.280')
INSERT dbo.Orders(Id, Date) VALUES (3, '2016-01-01 00:00:01.690')
INSERT dbo.Orders(Id, Date) VALUES (4, '2016-01-03 01:51:46.880')
INSERT dbo.Orders(Id, Date) VALUES (5, '2016-01-26 19:17:58.900')
INSERT dbo.Orders(Id, Date) VALUES (6, '2016-01-01 00:00:01.960')
INSERT dbo.Orders(Id, Date) VALUES (7, '2016-01-01 00:00:01.010')
INSERT dbo.Orders(Id, Date) VALUES (8, '2016-03-02 06:49:14.240')
INSERT dbo.Orders(Id, Date) VALUES (9, '2016-03-26 23:59:09.860')
INSERT dbo.Orders(Id, Date) VALUES (10, '2016-01-31 11:26:26.120')
INSERT dbo.Orders(Id, Date) VALUES (11, '2016-01-01 00:00:01.280')
INSERT dbo.Orders(Id, Date) VALUES (12, '2016-07-16 22:17:06.770')
INSERT dbo.Orders(Id, Date) VALUES (13, '2016-02-14 20:42:58.630')
INSERT dbo.Orders(Id, Date) VALUES (14, '2016-09-10 13:22:34.410')
INSERT dbo.Orders(Id, Date) VALUES (15, '2016-01-01 08:51:55.800')
INSERT dbo.Orders(Id, Date) VALUES (16, '2016-06-18 01:06:59.930')
INSERT dbo.Orders(Id, Date) VALUES (17, '2016-01-01 00:00:21.310')
INSERT dbo.Orders(Id, Date) VALUES (18, '2016-07-07 14:11:40.790')
INSERT dbo.Orders(Id, Date) VALUES (19, '2016-01-02 11:51:08.710')
INSERT dbo.Orders(Id, Date) VALUES (20, '2016-03-17 03:19:33.590')
INSERT dbo.Orders(Id, Date) VALUES (21, '2016-10-02 09:32:11.340')
INSERT dbo.Orders(Id, Date) VALUES (22, '2016-09-09 21:33:14.800')
INSERT dbo.Orders(Id, Date) VALUES (23, '2016-01-01 00:00:01.510')
INSERT dbo.Orders(Id, Date) VALUES (24, '2016-02-09 22:22:41.050')
INSERT dbo.Orders(Id, Date) VALUES (25, '2016-05-15 20:23:12.180')
INSERT dbo.Orders(Id, Date) VALUES (26, '2016-02-16 07:17:54.030')
INSERT dbo.Orders(Id, Date) VALUES (27, '2016-01-01 00:00:01.970')
INSERT dbo.Orders(Id, Date) VALUES (28, '2016-01-01 00:00:45.260')
INSERT dbo.Orders(Id, Date) VALUES (29, '2016-01-01 00:00:08.640')
INSERT dbo.Orders(Id, Date) VALUES (30, '2016-04-19 13:16:07.250')
INSERT dbo.Orders(Id, Date) VALUES (31, '2016-01-01 00:00:01.100')
INSERT dbo.Orders(Id, Date) VALUES (32, '2016-01-16 12:00:09.920')
INSERT dbo.Orders(Id, Date) VALUES (33, '2016-10-02 17:59:30.180')
INSERT dbo.Orders(Id, Date) VALUES (34, '2016-01-01 00:00:01.770')
INSERT dbo.Orders(Id, Date) VALUES (35, '2016-01-01 00:00:25.520')
INSERT dbo.Orders(Id, Date) VALUES (36, '2016-03-07 16:36:22.510')
INSERT dbo.Orders(Id, Date) VALUES (37, '2016-02-17 23:35:45.910')
INSERT dbo.Orders(Id, Date) VALUES (38, '2016-01-01 00:00:09.270')
INSERT dbo.Orders(Id, Date) VALUES (39, '2016-02-11 18:48:55.580')
INSERT dbo.Orders(Id, Date) VALUES (40, '2016-07-17 23:04:38.160')
INSERT dbo.Orders(Id, Date) VALUES (41, '2016-01-01 00:00:05.230')
INSERT dbo.Orders(Id, Date) VALUES (42, '2016-02-02 11:11:06.780')
INSERT dbo.Orders(Id, Date) VALUES (43, '2016-02-04 10:53:55.950')
INSERT dbo.Orders(Id, Date) VALUES (44, '2016-01-01 00:00:01.920')
INSERT dbo.Orders(Id, Date) VALUES (45, '2016-01-01 00:00:01.730')
INSERT dbo.Orders(Id, Date) VALUES (46, '2016-01-01 00:00:01.850')
INSERT dbo.Orders(Id, Date) VALUES (47, '2016-03-04 20:50:12.660')
INSERT dbo.Orders(Id, Date) VALUES (48, '2016-06-21 22:56:28.770')
INSERT dbo.Orders(Id, Date) VALUES (49, '2016-04-05 04:08:21.080')
INSERT dbo.Orders(Id, Date) VALUES (50, '2016-03-10 12:24:36.410')
INSERT dbo.Orders(Id, Date) VALUES (51, '2016-01-01 00:00:01.460')
INSERT dbo.Orders(Id, Date) VALUES (52, '2016-01-01 00:00:01.040')
INSERT dbo.Orders(Id, Date) VALUES (53, '2016-02-06 16:52:28.070')
INSERT dbo.Orders(Id, Date) VALUES (54, '2016-01-01 00:00:01.060')
INSERT dbo.Orders(Id, Date) VALUES (55, '2016-02-02 20:07:40.490')
INSERT dbo.Orders(Id, Date) VALUES (56, '2016-01-01 22:30:05.940')
INSERT dbo.Orders(Id, Date) VALUES (57, '2016-01-01 00:00:01.900')
INSERT dbo.Orders(Id, Date) VALUES (58, '2016-01-01 00:00:01.150')
INSERT dbo.Orders(Id, Date) VALUES (59, '2016-09-28 17:38:00.100')
INSERT dbo.Orders(Id, Date) VALUES (60, '2016-01-01 00:00:01.980')
INSERT dbo.Orders(Id, Date) VALUES (61, '2016-01-01 00:00:01.510')
INSERT dbo.Orders(Id, Date) VALUES (62, '2016-01-01 00:00:01.310')
INSERT dbo.Orders(Id, Date) VALUES (63, '2016-02-12 16:57:11.120')
INSERT dbo.Orders(Id, Date) VALUES (64, '2016-01-01 00:00:01.270')
INSERT dbo.Orders(Id, Date) VALUES (65, '2016-02-10 08:11:30.770')
INSERT dbo.Orders(Id, Date) VALUES (66, '2016-01-01 00:00:04.630')
INSERT dbo.Orders(Id, Date) VALUES (67, '2016-01-03 10:31:03.720')
INSERT dbo.Orders(Id, Date) VALUES (68, '2016-01-01 00:43:09.050')
INSERT dbo.Orders(Id, Date) VALUES (69, '2016-02-25 22:40:54.410')
INSERT dbo.Orders(Id, Date) VALUES (70, '2016-01-01 16:24:19.820')
INSERT dbo.Orders(Id, Date) VALUES (71, '2016-01-01 00:00:08.080')
INSERT dbo.Orders(Id, Date) VALUES (72, '2016-02-18 15:20:50.810')
INSERT dbo.Orders(Id, Date) VALUES (73, '2016-01-01 00:01:14.570')
INSERT dbo.Orders(Id, Date) VALUES (74, '2016-01-01 00:00:43.410')
INSERT dbo.Orders(Id, Date) VALUES (75, '2016-01-02 04:06:33.970')
INSERT dbo.Orders(Id, Date) VALUES (76, '2016-10-14 16:33:17.160')
INSERT dbo.Orders(Id, Date) VALUES (77, '2016-06-19 05:29:13.250')
INSERT dbo.Orders(Id, Date) VALUES (78, '2016-08-18 13:34:00.450')
INSERT dbo.Orders(Id, Date) VALUES (79, '2016-08-08 06:34:50.490')
INSERT dbo.Orders(Id, Date) VALUES (80, '2016-02-08 00:40:55.940')
INSERT dbo.Orders(Id, Date) VALUES (81, '2016-01-01 03:03:17.850')
INSERT dbo.Orders(Id, Date) VALUES (82, '2016-01-01 00:00:05.070')
INSERT dbo.Orders(Id, Date) VALUES (83, '2016-01-01 00:00:01.130')
INSERT dbo.Orders(Id, Date) VALUES (84, '2016-02-12 13:26:14.900')
INSERT dbo.Orders(Id, Date) VALUES (85, '2016-01-01 00:00:01.200')
INSERT dbo.Orders(Id, Date) VALUES (86, '2016-07-29 06:55:17.960')
INSERT dbo.Orders(Id, Date) VALUES (87, '2016-02-10 18:03:40.940')
INSERT dbo.Orders(Id, Date) VALUES (88, '2016-01-01 00:00:06.360')
INSERT dbo.Orders(Id, Date) VALUES (89, '2016-01-01 00:01:04.130')
INSERT dbo.Orders(Id, Date) VALUES (90, '2016-08-24 02:12:27.380')
INSERT dbo.Orders(Id, Date) VALUES (91, '2016-01-01 00:00:09.850')
INSERT dbo.Orders(Id, Date) VALUES (92, '2016-02-03 07:32:07.780')
INSERT dbo.Orders(Id, Date) VALUES (93, '2016-01-01 00:00:01.110')
INSERT dbo.Orders(Id, Date) VALUES (94, '2016-01-01 20:58:51.560')
INSERT dbo.Orders(Id, Date) VALUES (95, '2016-04-05 03:15:33.640')
INSERT dbo.Orders(Id, Date) VALUES (96, '2016-01-01 00:00:01.220')
INSERT dbo.Orders(Id, Date) VALUES (97, '2016-02-03 20:14:29.100')
INSERT dbo.Orders(Id, Date) VALUES (98, '2016-01-01 00:00:01.130')
INSERT dbo.Orders(Id, Date) VALUES (99, '2016-01-01 00:00:01.270')
INSERT dbo.Orders(Id, Date) VALUES (100, '2016-02-05 21:06:52.850')
INSERT dbo.Orders(Id, Date) VALUES (101, '2016-06-14 06:09:51.740')
INSERT dbo.Orders(Id, Date) VALUES (102, '2016-02-02 04:18:39.710')
INSERT dbo.Orders(Id, Date) VALUES (103, '2016-01-01 00:00:01.950')
INSERT dbo.Orders(Id, Date) VALUES (104, '2016-01-01 00:00:01.740')
INSERT dbo.Orders(Id, Date) VALUES (105, '2016-01-01 00:00:01.050')
INSERT dbo.Orders(Id, Date) VALUES (106, '2016-02-18 11:52:15.500')
INSERT dbo.Orders(Id, Date) VALUES (107, '2016-01-02 03:12:42.540')
INSERT dbo.Orders(Id, Date) VALUES (108, '2016-01-01 00:00:01.660')
INSERT dbo.Orders(Id, Date) VALUES (109, '2016-02-09 07:06:05.040')
INSERT dbo.Orders(Id, Date) VALUES (110, '2016-02-07 14:02:49.590')
INSERT dbo.Orders(Id, Date) VALUES (111, '2016-01-01 00:00:01.050')
INSERT dbo.Orders(Id, Date) VALUES (112, '2016-10-26 18:36:23.810')
INSERT dbo.Orders(Id, Date) VALUES (113, '2016-01-01 00:00:01.840')
INSERT dbo.Orders(Id, Date) VALUES (114, '2016-02-08 23:29:43.360')
INSERT dbo.Orders(Id, Date) VALUES (115, '2016-01-01 10:59:31.200')
INSERT dbo.Orders(Id, Date) VALUES (116, '2016-01-31 07:33:09.580')
INSERT dbo.Orders(Id, Date) VALUES (117, '2016-02-15 19:29:58.790')
INSERT dbo.Orders(Id, Date) VALUES (118, '2016-01-01 09:52:26.430')
INSERT dbo.Orders(Id, Date) VALUES (119, '2016-08-23 23:30:56.200')
INSERT dbo.Orders(Id, Date) VALUES (120, '2016-06-13 19:12:10.940')
INSERT dbo.Orders(Id, Date) VALUES (121, '2016-01-01 00:00:01.900')
INSERT dbo.Orders(Id, Date) VALUES (122, '2016-02-15 19:53:57.690')
INSERT dbo.Orders(Id, Date) VALUES (123, '2016-01-01 00:00:01.870')
INSERT dbo.Orders(Id, Date) VALUES (124, '2016-02-15 11:23:21.830')
INSERT dbo.Orders(Id, Date) VALUES (125, '2016-01-01 00:00:01.920')
INSERT dbo.Orders(Id, Date) VALUES (126, '2016-05-14 08:43:30.150')
INSERT dbo.Orders(Id, Date) VALUES (127, '2016-01-01 00:00:01.450')
INSERT dbo.Orders(Id, Date) VALUES (128, '2016-03-23 04:42:32.480')
INSERT dbo.Orders(Id, Date) VALUES (129, '2016-02-28 00:48:57.310')
INSERT dbo.Orders(Id, Date) VALUES (130, '2016-01-01 00:00:01.990')
INSERT dbo.Orders(Id, Date) VALUES (131, '2016-01-01 18:48:49.630')
INSERT dbo.Orders(Id, Date) VALUES (132, '2016-02-22 17:58:07.080')
INSERT dbo.Orders(Id, Date) VALUES (133, '2016-10-23 08:17:39.450')
INSERT dbo.Orders(Id, Date) VALUES (134, '2016-04-14 18:50:25.270')
INSERT dbo.Orders(Id, Date) VALUES (135, '2016-02-10 15:57:49.740')
INSERT dbo.Orders(Id, Date) VALUES (136, '2016-01-01 00:00:01.920')
INSERT dbo.Orders(Id, Date) VALUES (137, '2016-01-01 00:00:01.740')
INSERT dbo.Orders(Id, Date) VALUES (138, '2016-02-06 02:30:54.980')
INSERT dbo.Orders(Id, Date) VALUES (139, '2016-01-01 00:01:39.510')
INSERT dbo.Orders(Id, Date) VALUES (140, '2016-01-01 19:56:02.840')
INSERT dbo.Orders(Id, Date) VALUES (141, '2016-09-17 19:04:58.280')
INSERT dbo.Orders(Id, Date) VALUES (142, '2016-09-15 05:06:00.060')
INSERT dbo.Orders(Id, Date) VALUES (143, '2016-01-01 00:00:01.110')
INSERT dbo.Orders(Id, Date) VALUES (144, '2016-06-07 14:18:53.250')
INSERT dbo.Orders(Id, Date) VALUES (145, '2016-01-01 00:00:01.380')
INSERT dbo.Orders(Id, Date) VALUES (146, '2016-01-01 00:00:01.200')
INSERT dbo.Orders(Id, Date) VALUES (147, '2016-10-16 04:50:20.600')
INSERT dbo.Orders(Id, Date) VALUES (148, '2016-01-01 00:00:01.310')
INSERT dbo.Orders(Id, Date) VALUES (149, '2016-04-10 18:43:38.400')
INSERT dbo.Orders(Id, Date) VALUES (150, '2016-01-01 01:38:37.510')
INSERT dbo.Orders(Id, Date) VALUES (151, '2016-01-01 00:01:22.050')
INSERT dbo.Orders(Id, Date) VALUES (152, '2016-06-06 20:14:38.860')
INSERT dbo.Orders(Id, Date) VALUES (153, '2016-03-08 13:36:06.890')
INSERT dbo.Orders(Id, Date) VALUES (154, '2016-01-01 00:00:01.980')
INSERT dbo.Orders(Id, Date) VALUES (155, '2016-01-01 00:00:01.810')
INSERT dbo.Orders(Id, Date) VALUES (156, '2016-03-07 22:31:20.040')
INSERT dbo.Orders(Id, Date) VALUES (157, '2016-01-02 01:57:31.410')
INSERT dbo.Orders(Id, Date) VALUES (158, '2016-02-16 10:02:33.750')
INSERT dbo.Orders(Id, Date) VALUES (159, '2016-01-01 00:00:01.160')
INSERT dbo.Orders(Id, Date) VALUES (160, '2016-01-01 10:11:25.530')
INSERT dbo.Orders(Id, Date) VALUES (161, '2016-01-01 00:00:01.680')
INSERT dbo.Orders(Id, Date) VALUES (162, '2016-01-01 03:39:53.170')
INSERT dbo.Orders(Id, Date) VALUES (163, '2016-08-28 20:22:56.720')
INSERT dbo.Orders(Id, Date) VALUES (164, '2016-01-06 12:38:22.940')
INSERT dbo.Orders(Id, Date) VALUES (165, '2016-03-06 01:44:57.210')
INSERT dbo.Orders(Id, Date) VALUES (166, '2016-01-01 00:00:01.970')
INSERT dbo.Orders(Id, Date) VALUES (167, '2016-07-16 12:00:43.960')
INSERT dbo.Orders(Id, Date) VALUES (168, '2016-01-01 00:00:08.110')
INSERT dbo.Orders(Id, Date) VALUES (169, '2016-08-18 03:37:14.270')
INSERT dbo.Orders(Id, Date) VALUES (170, '2016-02-16 07:53:25.800')
INSERT dbo.Orders(Id, Date) VALUES (171, '2016-01-02 11:39:26.750')
INSERT dbo.Orders(Id, Date) VALUES (172, '2016-01-01 00:00:01.130')
INSERT dbo.Orders(Id, Date) VALUES (173, '2016-03-01 12:08:11.510')
INSERT dbo.Orders(Id, Date) VALUES (174, '2016-01-01 00:00:01.720')
INSERT dbo.Orders(Id, Date) VALUES (175, '2016-01-01 00:00:10.140')
INSERT dbo.Orders(Id, Date) VALUES (176, '2016-01-01 00:00:01.590')
INSERT dbo.Orders(Id, Date) VALUES (177, '2016-02-11 03:22:48.380')
INSERT dbo.Orders(Id, Date) VALUES (178, '2016-02-13 20:00:47.250')
INSERT dbo.Orders(Id, Date) VALUES (179, '2016-01-01 00:00:01.570')
INSERT dbo.Orders(Id, Date) VALUES (180, '2016-01-01 00:00:01.790')
INSERT dbo.Orders(Id, Date) VALUES (181, '2016-02-05 21:40:25.710')
INSERT dbo.Orders(Id, Date) VALUES (182, '2016-02-16 09:07:06.090')
INSERT dbo.Orders(Id, Date) VALUES (183, '2016-10-20 04:13:37.050')
INSERT dbo.Orders(Id, Date) VALUES (184, '2016-01-01 00:00:02.650')
INSERT dbo.Orders(Id, Date) VALUES (185, '2016-03-06 22:21:26.510')
INSERT dbo.Orders(Id, Date) VALUES (186, '2016-01-01 00:00:01.360')
INSERT dbo.Orders(Id, Date) VALUES (187, '2016-01-01 00:00:06.240')
INSERT dbo.Orders(Id, Date) VALUES (188, '2016-02-02 19:57:05.940')
INSERT dbo.Orders(Id, Date) VALUES (189, '2016-02-09 11:25:04.330')
INSERT dbo.Orders(Id, Date) VALUES (190, '2016-01-01 00:00:01.510')
INSERT dbo.Orders(Id, Date) VALUES (191, '2016-01-31 21:09:27.590')
INSERT dbo.Orders(Id, Date) VALUES (192, '2016-01-01 00:00:09.410')
INSERT dbo.Orders(Id, Date) VALUES (193, '2016-01-01 00:00:01.740')
INSERT dbo.Orders(Id, Date) VALUES (194, '2016-02-08 17:24:31.510')
INSERT dbo.Orders(Id, Date) VALUES (195, '2016-01-01 00:00:07.270')
INSERT dbo.Orders(Id, Date) VALUES (196, '2016-01-01 00:00:07.350')
INSERT dbo.Orders(Id, Date) VALUES (197, '2016-02-05 19:56:17.470')
INSERT dbo.Orders(Id, Date) VALUES (198, '2016-01-01 00:00:01.080')
INSERT dbo.Orders(Id, Date) VALUES (199, '2016-02-29 13:40:27.110')
INSERT dbo.Orders(Id, Date) VALUES (200, '2016-01-01 00:00:01.710')
INSERT dbo.Orders(Id, Date) VALUES (201, '2016-03-10 20:14:50.890')
INSERT dbo.Orders(Id, Date) VALUES (202, '2016-05-22 09:09:13.120')
INSERT dbo.Orders(Id, Date) VALUES (203, '2016-10-17 23:37:48.200')
INSERT dbo.Orders(Id, Date) VALUES (204, '2016-02-15 18:40:24.480')
INSERT dbo.Orders(Id, Date) VALUES (205, '2016-08-23 06:03:11.730')
INSERT dbo.Orders(Id, Date) VALUES (206, '2016-02-04 22:45:36.320')
INSERT dbo.Orders(Id, Date) VALUES (207, '2016-01-01 17:11:47.150')
INSERT dbo.Orders(Id, Date) VALUES (208, '2016-01-01 00:00:01.550')
INSERT dbo.Orders(Id, Date) VALUES (209, '2016-02-10 07:07:50.550')
INSERT dbo.Orders(Id, Date) VALUES (210, '2016-01-01 00:00:10.470')
INSERT dbo.Orders(Id, Date) VALUES (211, '2016-01-31 18:34:20.150')
INSERT dbo.Orders(Id, Date) VALUES (212, '2016-08-24 16:03:59.090')
INSERT dbo.Orders(Id, Date) VALUES (213, '2016-07-08 14:42:34.320')
INSERT dbo.Orders(Id, Date) VALUES (214, '2016-01-01 21:44:40.060')
INSERT dbo.Orders(Id, Date) VALUES (215, '2016-01-01 00:00:01.440')
INSERT dbo.Orders(Id, Date) VALUES (216, '2016-01-01 14:44:10.520')
INSERT dbo.Orders(Id, Date) VALUES (217, '2016-10-27 08:57:52.700')
INSERT dbo.Orders(Id, Date) VALUES (218, '2016-10-09 11:53:43.050')
INSERT dbo.Orders(Id, Date) VALUES (219, '2016-02-24 09:00:17.550')
INSERT dbo.Orders(Id, Date) VALUES (220, '2016-01-01 00:00:01.100')
INSERT dbo.Orders(Id, Date) VALUES (221, '2016-10-03 13:45:13.570')
INSERT dbo.Orders(Id, Date) VALUES (222, '2016-02-10 07:36:19.220')
INSERT dbo.Orders(Id, Date) VALUES (223, '2016-02-11 06:06:38.810')
INSERT dbo.Orders(Id, Date) VALUES (224, '2016-03-03 16:11:50.130')
INSERT dbo.Orders(Id, Date) VALUES (225, '2016-08-05 16:42:35.720')
INSERT dbo.Orders(Id, Date) VALUES (226, '2016-02-17 04:07:41.170')
INSERT dbo.Orders(Id, Date) VALUES (227, '2016-01-01 00:00:49.160')
INSERT dbo.Orders(Id, Date) VALUES (228, '2016-02-24 06:00:04.180')
INSERT dbo.Orders(Id, Date) VALUES (229, '2016-04-06 20:07:20.040')
INSERT dbo.Orders(Id, Date) VALUES (230, '2016-02-25 02:16:59.700')
INSERT dbo.Orders(Id, Date) VALUES (231, '2016-01-01 00:00:10.590')
INSERT dbo.Orders(Id, Date) VALUES (232, '2016-08-10 01:26:16.070')
INSERT dbo.Orders(Id, Date) VALUES (233, '2016-01-01 00:00:01.490')
INSERT dbo.Orders(Id, Date) VALUES (234, '2016-01-01 00:00:54.030')
INSERT dbo.Orders(Id, Date) VALUES (235, '2016-01-01 00:00:01.490')
INSERT dbo.Orders(Id, Date) VALUES (236, '2016-01-01 00:00:01.400')
INSERT dbo.Orders(Id, Date) VALUES (237, '2016-04-11 23:34:24.250')
INSERT dbo.Orders(Id, Date) VALUES (238, '2016-02-08 03:09:49.620')
INSERT dbo.Orders(Id, Date) VALUES (239, '2016-02-07 13:50:27.530')
INSERT dbo.Orders(Id, Date) VALUES (240, '2016-05-06 12:27:46.910')
INSERT dbo.Orders(Id, Date) VALUES (241, '2016-02-13 07:09:40.180')
INSERT dbo.Orders(Id, Date) VALUES (242, '2016-06-04 18:20:19.410')
INSERT dbo.Orders(Id, Date) VALUES (243, '2016-03-09 04:10:04.150')
INSERT dbo.Orders(Id, Date) VALUES (244, '2016-04-19 07:01:29.480')
INSERT dbo.Orders(Id, Date) VALUES (245, '2016-02-01 13:47:14.470')
INSERT dbo.Orders(Id, Date) VALUES (246, '2016-05-01 15:42:35.060')
INSERT dbo.Orders(Id, Date) VALUES (247, '2016-01-01 00:00:01.330')
INSERT dbo.Orders(Id, Date) VALUES (248, '2016-04-04 02:05:32.530')
INSERT dbo.Orders(Id, Date) VALUES (249, '2016-04-23 10:07:56.350')
INSERT dbo.Orders(Id, Date) VALUES (250, '2016-01-01 08:26:39.080')
INSERT dbo.Orders(Id, Date) VALUES (251, '2016-01-01 00:00:01.370')
INSERT dbo.Orders(Id, Date) VALUES (252, '2016-01-01 00:00:01.520')
INSERT dbo.Orders(Id, Date) VALUES (253, '2016-02-26 18:15:11.090')
INSERT dbo.Orders(Id, Date) VALUES (254, '2016-02-08 05:43:54.830')
INSERT dbo.Orders(Id, Date) VALUES (255, '2016-02-09 12:37:06.010')
INSERT dbo.Orders(Id, Date) VALUES (256, '2016-02-13 21:50:35.160')
INSERT dbo.Orders(Id, Date) VALUES (257, '2016-08-21 21:26:11.950')
INSERT dbo.Orders(Id, Date) VALUES (258, '2016-09-08 21:12:08.900')
INSERT dbo.Orders(Id, Date) VALUES (259, '2016-02-12 08:50:47.400')
INSERT dbo.Orders(Id, Date) VALUES (260, '2016-01-01 00:00:01.230')
INSERT dbo.Orders(Id, Date) VALUES (261, '2016-03-10 08:15:32.260')
INSERT dbo.Orders(Id, Date) VALUES (262, '2016-04-27 03:43:40.000')
INSERT dbo.Orders(Id, Date) VALUES (263, '2016-03-15 07:58:27.950')
INSERT dbo.Orders(Id, Date) VALUES (264, '2016-02-06 05:54:13.880')
INSERT dbo.Orders(Id, Date) VALUES (265, '2016-01-01 05:28:41.220')
INSERT dbo.Orders(Id, Date) VALUES (266, '2016-01-01 00:00:01.910')
INSERT dbo.Orders(Id, Date) VALUES (267, '2016-01-01 00:00:01.740')
INSERT dbo.Orders(Id, Date) VALUES (268, '2016-05-25 21:42:52.190')
INSERT dbo.Orders(Id, Date) VALUES (269, '2016-01-01 10:04:30.520')
INSERT dbo.Orders(Id, Date) VALUES (270, '2016-01-01 00:00:01.700')
INSERT dbo.Orders(Id, Date) VALUES (271, '2016-03-06 02:08:32.560')
INSERT dbo.Orders(Id, Date) VALUES (272, '2016-01-01 06:53:36.390')
INSERT dbo.Orders(Id, Date) VALUES (273, '2016-01-01 00:00:02.100')
INSERT dbo.Orders(Id, Date) VALUES (274, '2016-01-01 00:00:01.460')
INSERT dbo.Orders(Id, Date) VALUES (275, '2016-04-09 22:45:58.090')
INSERT dbo.Orders(Id, Date) VALUES (276, '2016-03-29 07:05:46.670')
INSERT dbo.Orders(Id, Date) VALUES (277, '2016-10-01 10:32:13.940')
INSERT dbo.Orders(Id, Date) VALUES (278, '2016-10-16 11:04:28.170')
INSERT dbo.Orders(Id, Date) VALUES (279, '2016-01-01 00:00:01.720')
INSERT dbo.Orders(Id, Date) VALUES (280, '2016-01-01 00:00:01.230')
INSERT dbo.Orders(Id, Date) VALUES (281, '2016-02-16 04:32:49.850')
INSERT dbo.Orders(Id, Date) VALUES (282, '2016-02-08 05:50:30.460')
INSERT dbo.Orders(Id, Date) VALUES (283, '2016-01-01 12:12:47.730')
INSERT dbo.Orders(Id, Date) VALUES (284, '2016-07-18 22:45:00.150')
INSERT dbo.Orders(Id, Date) VALUES (285, '2016-01-01 00:00:01.890')
INSERT dbo.Orders(Id, Date) VALUES (286, '2016-01-01 00:00:04.080')
INSERT dbo.Orders(Id, Date) VALUES (287, '2016-03-26 02:59:39.670')
INSERT dbo.Orders(Id, Date) VALUES (288, '2016-01-01 00:00:01.470')
INSERT dbo.Orders(Id, Date) VALUES (289, '2016-02-22 06:44:47.150')
INSERT dbo.Orders(Id, Date) VALUES (290, '2016-02-16 20:23:33.430')
INSERT dbo.Orders(Id, Date) VALUES (291, '2016-03-11 14:38:30.900')
INSERT dbo.Orders(Id, Date) VALUES (292, '2016-01-01 00:00:09.650')
INSERT dbo.Orders(Id, Date) VALUES (293, '2016-01-01 03:11:15.360')
INSERT dbo.Orders(Id, Date) VALUES (294, '2016-03-20 09:48:59.990')
INSERT dbo.Orders(Id, Date) VALUES (295, '2016-03-08 06:21:06.710')
INSERT dbo.Orders(Id, Date) VALUES (296, '2016-01-01 00:00:01.480')
INSERT dbo.Orders(Id, Date) VALUES (297, '2016-02-10 13:26:09.290')
INSERT dbo.Orders(Id, Date) VALUES (298, '2016-01-01 00:00:01.090')
INSERT dbo.Orders(Id, Date) VALUES (299, '2016-09-11 20:20:09.420')
INSERT dbo.Orders(Id, Date) VALUES (300, '2016-01-31 08:24:57.650')
INSERT dbo.Orders(Id, Date) VALUES (301, '2016-09-24 19:12:15.980')
INSERT dbo.Orders(Id, Date) VALUES (302, '2016-02-08 21:00:31.060')
INSERT dbo.Orders(Id, Date) VALUES (303, '2016-05-11 17:54:53.590')
INSERT dbo.Orders(Id, Date) VALUES (304, '2016-05-15 06:46:02.220')
INSERT dbo.Orders(Id, Date) VALUES (305, '2016-01-01 00:00:52.940')
INSERT dbo.Orders(Id, Date) VALUES (306, '2016-02-10 14:31:44.610')
INSERT dbo.Orders(Id, Date) VALUES (307, '2016-02-29 21:51:05.670')
INSERT dbo.Orders(Id, Date) VALUES (308, '2016-01-01 00:00:01.620')
INSERT dbo.Orders(Id, Date) VALUES (309, '2016-01-27 16:54:26.520')
INSERT dbo.Orders(Id, Date) VALUES (310, '2016-01-01 00:00:01.170')
INSERT dbo.Orders(Id, Date) VALUES (311, '2016-01-01 00:00:01.970')
INSERT dbo.Orders(Id, Date) VALUES (312, '2016-01-01 10:16:54.690')
INSERT dbo.Orders(Id, Date) VALUES (313, '2016-01-21 08:23:09.920')
INSERT dbo.Orders(Id, Date) VALUES (314, '2016-01-01 00:00:01.280')
INSERT dbo.Orders(Id, Date) VALUES (315, '2016-10-17 01:24:42.530')
INSERT dbo.Orders(Id, Date) VALUES (316, '2016-02-10 22:38:24.440')
INSERT dbo.Orders(Id, Date) VALUES (317, '2016-01-02 12:56:07.830')
INSERT dbo.Orders(Id, Date) VALUES (318, '2016-01-01 12:48:49.250')
INSERT dbo.Orders(Id, Date) VALUES (319, '2016-06-13 16:05:30.640')
INSERT dbo.Orders(Id, Date) VALUES (320, '2016-02-05 18:27:30.230')
INSERT dbo.Orders(Id, Date) VALUES (321, '2016-03-08 08:20:41.270')
INSERT dbo.Orders(Id, Date) VALUES (322, '2016-01-01 00:00:01.890')
INSERT dbo.Orders(Id, Date) VALUES (323, '2016-02-01 17:52:56.240')
INSERT dbo.Orders(Id, Date) VALUES (324, '2016-02-10 03:34:48.990')
INSERT dbo.Orders(Id, Date) VALUES (325, '2016-01-30 21:34:26.540')
INSERT dbo.Orders(Id, Date) VALUES (326, '2016-01-12 18:03:14.630')
INSERT dbo.Orders(Id, Date) VALUES (327, '2016-01-02 06:29:03.150')
INSERT dbo.Orders(Id, Date) VALUES (328, '2016-01-01 00:00:01.660')
INSERT dbo.Orders(Id, Date) VALUES (329, '2016-01-01 00:00:01.220')
INSERT dbo.Orders(Id, Date) VALUES (330, '2016-10-16 20:51:50.430')
INSERT dbo.Orders(Id, Date) VALUES (331, '2016-02-12 11:37:54.400')
INSERT dbo.Orders(Id, Date) VALUES (332, '2016-02-05 16:18:45.980')
INSERT dbo.Orders(Id, Date) VALUES (333, '2016-01-01 00:00:16.640')
INSERT dbo.Orders(Id, Date) VALUES (334, '2016-01-01 00:00:01.830')
INSERT dbo.Orders(Id, Date) VALUES (335, '2016-03-09 05:22:14.320')
INSERT dbo.Orders(Id, Date) VALUES (336, '2016-02-10 13:27:22.760')
INSERT dbo.Orders(Id, Date) VALUES (337, '2016-01-01 00:00:01.050')
INSERT dbo.Orders(Id, Date) VALUES (338, '2016-03-16 03:40:54.360')
INSERT dbo.Orders(Id, Date) VALUES (339, '2016-06-05 22:48:27.550')
INSERT dbo.Orders(Id, Date) VALUES (340, '2016-01-01 00:01:17.280')
INSERT dbo.Orders(Id, Date) VALUES (341, '2016-01-02 21:57:53.180')
INSERT dbo.Orders(Id, Date) VALUES (342, '2016-01-01 00:00:07.550')
INSERT dbo.Orders(Id, Date) VALUES (343, '2016-01-01 00:00:01.000')
INSERT dbo.Orders(Id, Date) VALUES (344, '2016-07-18 08:27:20.310')
INSERT dbo.Orders(Id, Date) VALUES (345, '2016-01-01 00:01:24.910')
INSERT dbo.Orders(Id, Date) VALUES (346, '2016-01-01 00:01:22.270')
INSERT dbo.Orders(Id, Date) VALUES (347, '2016-01-01 00:00:01.460')
INSERT dbo.Orders(Id, Date) VALUES (348, '2016-02-05 03:30:08.610')
INSERT dbo.Orders(Id, Date) VALUES (349, '2016-01-01 00:01:40.310')
INSERT dbo.Orders(Id, Date) VALUES (350, '2016-06-19 20:53:54.230')
INSERT dbo.Orders(Id, Date) VALUES (351, '2016-01-12 05:37:55.130')
INSERT dbo.Orders(Id, Date) VALUES (352, '2016-01-01 00:00:01.260')
INSERT dbo.Orders(Id, Date) VALUES (353, '2016-01-01 00:00:01.930')
INSERT dbo.Orders(Id, Date) VALUES (354, '2016-03-06 02:06:40.050')
INSERT dbo.Orders(Id, Date) VALUES (355, '2016-01-01 00:00:01.410')
INSERT dbo.Orders(Id, Date) VALUES (356, '2016-01-01 20:39:51.310')
INSERT dbo.Orders(Id, Date) VALUES (357, '2016-05-01 20:19:17.670')
INSERT dbo.Orders(Id, Date) VALUES (358, '2016-02-10 14:28:26.030')
INSERT dbo.Orders(Id, Date) VALUES (359, '2016-04-02 20:07:26.780')
INSERT dbo.Orders(Id, Date) VALUES (360, '2016-01-01 16:18:24.160')
INSERT dbo.Orders(Id, Date) VALUES (361, '2016-01-01 01:01:01.620')
INSERT dbo.Orders(Id, Date) VALUES (362, '2016-02-11 06:56:13.010')
INSERT dbo.Orders(Id, Date) VALUES (363, '2016-02-27 01:35:00.770')
INSERT dbo.Orders(Id, Date) VALUES (364, '2016-10-07 02:42:13.100')
INSERT dbo.Orders(Id, Date) VALUES (365, '2016-01-28 02:17:11.580')
INSERT dbo.Orders(Id, Date) VALUES (366, '2016-09-07 08:14:24.840')
INSERT dbo.Orders(Id, Date) VALUES (367, '2016-01-01 00:00:01.650')
INSERT dbo.Orders(Id, Date) VALUES (368, '2016-06-25 09:05:38.590')
INSERT dbo.Orders(Id, Date) VALUES (369, '2016-01-02 04:11:36.810')
INSERT dbo.Orders(Id, Date) VALUES (370, '2016-01-01 00:00:01.420')
INSERT dbo.Orders(Id, Date) VALUES (371, '2016-01-27 10:51:27.910')
INSERT dbo.Orders(Id, Date) VALUES (372, '2016-01-01 00:00:01.840')
INSERT dbo.Orders(Id, Date) VALUES (373, '2016-01-01 07:36:13.980')
INSERT dbo.Orders(Id, Date) VALUES (374, '2016-02-10 22:31:56.690')
INSERT dbo.Orders(Id, Date) VALUES (375, '2016-01-01 00:00:01.040')
INSERT dbo.Orders(Id, Date) VALUES (376, '2016-01-01 05:26:13.120')
INSERT dbo.Orders(Id, Date) VALUES (377, '2016-02-06 08:23:08.460')
INSERT dbo.Orders(Id, Date) VALUES (378, '2016-01-31 17:27:59.730')
INSERT dbo.Orders(Id, Date) VALUES (379, '2016-01-01 00:00:01.070')
INSERT dbo.Orders(Id, Date) VALUES (380, '2016-01-01 03:59:00.680')
INSERT dbo.Orders(Id, Date) VALUES (381, '2016-02-04 12:19:19.670')
INSERT dbo.Orders(Id, Date) VALUES (382, '2016-01-01 22:10:04.660')
INSERT dbo.Orders(Id, Date) VALUES (383, '2016-01-11 09:12:37.930')
INSERT dbo.Orders(Id, Date) VALUES (384, '2016-01-01 00:00:01.330')
INSERT dbo.Orders(Id, Date) VALUES (385, '2016-01-01 00:00:01.430')
INSERT dbo.Orders(Id, Date) VALUES (386, '2016-01-01 14:53:18.290')
INSERT dbo.Orders(Id, Date) VALUES (387, '2016-09-20 04:59:07.120')
INSERT dbo.Orders(Id, Date) VALUES (388, '2016-03-17 03:23:36.100')
INSERT dbo.Orders(Id, Date) VALUES (389, '2016-02-14 22:40:54.060')
INSERT dbo.Orders(Id, Date) VALUES (390, '2016-01-01 00:00:01.720')
INSERT dbo.Orders(Id, Date) VALUES (391, '2016-04-04 14:54:33.390')
INSERT dbo.Orders(Id, Date) VALUES (392, '2016-01-01 00:00:01.140')
INSERT dbo.Orders(Id, Date) VALUES (393, '2016-02-07 03:38:38.410')
INSERT dbo.Orders(Id, Date) VALUES (394, '2016-01-01 00:00:01.430')
INSERT dbo.Orders(Id, Date) VALUES (395, '2016-01-01 00:00:01.910')
INSERT dbo.Orders(Id, Date) VALUES (396, '2016-01-01 00:00:01.450')
INSERT dbo.Orders(Id, Date) VALUES (397, '2016-01-01 00:00:14.010')
INSERT dbo.Orders(Id, Date) VALUES (398, '2016-01-01 02:31:48.680')
INSERT dbo.Orders(Id, Date) VALUES (399, '2016-01-01 00:01:34.340')
INSERT dbo.Orders(Id, Date) VALUES (400, '2016-01-01 00:00:01.140')
INSERT dbo.Orders(Id, Date) VALUES (401, '2016-07-15 14:56:12.830')
INSERT dbo.Orders(Id, Date) VALUES (402, '2016-03-31 22:34:52.820')
INSERT dbo.Orders(Id, Date) VALUES (403, '2016-02-13 07:20:09.520')
INSERT dbo.Orders(Id, Date) VALUES (404, '2016-01-01 00:00:21.380')
INSERT dbo.Orders(Id, Date) VALUES (405, '2016-02-15 13:57:45.990')
INSERT dbo.Orders(Id, Date) VALUES (406, '2016-01-01 13:11:25.730')
INSERT dbo.Orders(Id, Date) VALUES (407, '2016-01-03 05:09:51.100')
INSERT dbo.Orders(Id, Date) VALUES (408, '2016-02-07 02:09:25.910')
INSERT dbo.Orders(Id, Date) VALUES (409, '2016-01-01 00:01:20.880')
INSERT dbo.Orders(Id, Date) VALUES (410, '2016-01-01 07:35:18.120')
INSERT dbo.Orders(Id, Date) VALUES (411, '2016-01-01 08:55:03.580')
INSERT dbo.Orders(Id, Date) VALUES (412, '2016-09-30 14:17:06.030')
INSERT dbo.Orders(Id, Date) VALUES (413, '2016-01-11 20:15:19.490')
INSERT dbo.Orders(Id, Date) VALUES (414, '2016-03-02 19:56:46.590')
INSERT dbo.Orders(Id, Date) VALUES (415, '2016-01-01 00:00:01.200')
INSERT dbo.Orders(Id, Date) VALUES (416, '2016-01-22 01:26:09.380')
INSERT dbo.Orders(Id, Date) VALUES (417, '2016-04-20 06:01:10.140')
INSERT dbo.Orders(Id, Date) VALUES (418, '2016-08-05 16:07:22.990')
INSERT dbo.Orders(Id, Date) VALUES (419, '2016-02-10 00:35:58.270')
INSERT dbo.Orders(Id, Date) VALUES (420, '2016-01-01 00:00:08.160')
INSERT dbo.Orders(Id, Date) VALUES (421, '2016-03-21 03:35:08.440')
INSERT dbo.Orders(Id, Date) VALUES (422, '2016-02-12 14:28:42.650')
INSERT dbo.Orders(Id, Date) VALUES (423, '2016-03-07 21:22:48.400')
INSERT dbo.Orders(Id, Date) VALUES (424, '2016-01-01 00:00:05.600')
INSERT dbo.Orders(Id, Date) VALUES (425, '2016-01-01 17:29:47.750')
INSERT dbo.Orders(Id, Date) VALUES (426, '2016-09-20 03:03:31.400')
INSERT dbo.Orders(Id, Date) VALUES (427, '2016-01-02 07:42:46.920')
INSERT dbo.Orders(Id, Date) VALUES (428, '2016-02-14 22:03:31.720')
INSERT dbo.Orders(Id, Date) VALUES (429, '2016-06-27 11:12:59.840')
INSERT dbo.Orders(Id, Date) VALUES (430, '2016-04-03 19:00:55.080')
INSERT dbo.Orders(Id, Date) VALUES (431, '2016-02-01 08:31:29.710')
INSERT dbo.Orders(Id, Date) VALUES (432, '2016-02-04 07:54:22.180')
INSERT dbo.Orders(Id, Date) VALUES (433, '2016-04-21 13:27:25.030')
INSERT dbo.Orders(Id, Date) VALUES (434, '2016-01-01 00:00:01.720')
INSERT dbo.Orders(Id, Date) VALUES (435, '2016-01-01 00:00:01.760')
INSERT dbo.Orders(Id, Date) VALUES (436, '2016-02-05 02:48:40.700')
INSERT dbo.Orders(Id, Date) VALUES (437, '2016-01-01 00:00:01.840')
INSERT dbo.Orders(Id, Date) VALUES (438, '2016-01-01 00:00:01.930')
INSERT dbo.Orders(Id, Date) VALUES (439, '2016-09-18 23:15:55.660')
INSERT dbo.Orders(Id, Date) VALUES (440, '2016-02-10 11:10:09.370')
INSERT dbo.Orders(Id, Date) VALUES (441, '2016-01-01 00:00:01.910')
INSERT dbo.Orders(Id, Date) VALUES (442, '2016-08-25 21:27:29.660')
INSERT dbo.Orders(Id, Date) VALUES (443, '2016-08-01 17:13:11.890')
INSERT dbo.Orders(Id, Date) VALUES (444, '2016-02-19 10:02:13.370')
INSERT dbo.Orders(Id, Date) VALUES (445, '2016-01-01 00:00:01.960')
INSERT dbo.Orders(Id, Date) VALUES (446, '2016-01-01 00:00:05.370')
INSERT dbo.Orders(Id, Date) VALUES (447, '2016-02-13 06:33:53.390')
INSERT dbo.Orders(Id, Date) VALUES (448, '2016-01-02 21:22:10.950')
INSERT dbo.Orders(Id, Date) VALUES (449, '2016-01-01 00:00:01.110')
INSERT dbo.Orders(Id, Date) VALUES (450, '2016-03-25 00:50:41.340')
INSERT dbo.Orders(Id, Date) VALUES (451, '2016-02-23 10:16:21.140')
INSERT dbo.Orders(Id, Date) VALUES (452, '2016-07-13 19:19:57.090')
INSERT dbo.Orders(Id, Date) VALUES (453, '2016-02-10 01:52:06.710')
INSERT dbo.Orders(Id, Date) VALUES (454, '2016-02-19 03:12:45.070')
INSERT dbo.Orders(Id, Date) VALUES (455, '2016-01-02 16:07:05.950')
INSERT dbo.Orders(Id, Date) VALUES (456, '2016-05-05 10:55:06.040')
INSERT dbo.Orders(Id, Date) VALUES (457, '2016-01-01 00:01:00.980')
INSERT dbo.Orders(Id, Date) VALUES (458, '2016-01-01 00:00:01.010')
INSERT dbo.Orders(Id, Date) VALUES (459, '2016-02-18 05:41:17.230')
INSERT dbo.Orders(Id, Date) VALUES (460, '2016-01-01 04:24:25.650')
INSERT dbo.Orders(Id, Date) VALUES (461, '2016-09-20 16:00:43.060')
INSERT dbo.Orders(Id, Date) VALUES (462, '2016-01-01 00:00:01.760')
INSERT dbo.Orders(Id, Date) VALUES (463, '2016-08-03 10:49:55.810')
INSERT dbo.Orders(Id, Date) VALUES (464, '2016-06-04 07:12:36.970')
INSERT dbo.Orders(Id, Date) VALUES (465, '2016-05-23 11:46:22.860')
INSERT dbo.Orders(Id, Date) VALUES (466, '2016-03-20 11:58:19.550')
INSERT dbo.Orders(Id, Date) VALUES (467, '2016-02-06 13:19:48.070')
INSERT dbo.Orders(Id, Date) VALUES (468, '2016-02-03 23:03:41.290')
INSERT dbo.Orders(Id, Date) VALUES (469, '2016-01-11 18:17:49.330')
INSERT dbo.Orders(Id, Date) VALUES (470, '2016-01-03 05:06:16.650')
INSERT dbo.Orders(Id, Date) VALUES (471, '2016-01-07 04:14:24.770')
INSERT dbo.Orders(Id, Date) VALUES (472, '2016-01-01 09:52:30.300')
INSERT dbo.Orders(Id, Date) VALUES (473, '2016-04-16 05:21:14.850')
INSERT dbo.Orders(Id, Date) VALUES (474, '2016-01-01 00:00:03.770')
INSERT dbo.Orders(Id, Date) VALUES (475, '2016-02-17 00:17:59.260')
INSERT dbo.Orders(Id, Date) VALUES (476, '2016-01-01 00:00:01.600')
INSERT dbo.Orders(Id, Date) VALUES (477, '2016-01-07 20:59:48.940')
INSERT dbo.Orders(Id, Date) VALUES (478, '2016-07-09 05:04:35.040')
INSERT dbo.Orders(Id, Date) VALUES (479, '2016-07-08 08:41:49.250')
INSERT dbo.Orders(Id, Date) VALUES (480, '2016-01-01 00:00:01.480')
INSERT dbo.Orders(Id, Date) VALUES (481, '2016-01-01 00:00:39.390')
INSERT dbo.Orders(Id, Date) VALUES (482, '2016-02-10 03:11:25.200')
INSERT dbo.Orders(Id, Date) VALUES (483, '2016-06-19 00:31:03.270')
INSERT dbo.Orders(Id, Date) VALUES (484, '2016-01-01 00:00:06.350')
INSERT dbo.Orders(Id, Date) VALUES (485, '2016-01-01 00:00:07.600')
INSERT dbo.Orders(Id, Date) VALUES (486, '2016-02-16 13:54:55.710')
INSERT dbo.Orders(Id, Date) VALUES (487, '2016-01-03 02:03:42.210')
INSERT dbo.Orders(Id, Date) VALUES (488, '2016-01-02 01:33:53.880')
INSERT dbo.Orders(Id, Date) VALUES (489, '2016-02-10 20:23:41.280')
INSERT dbo.Orders(Id, Date) VALUES (490, '2016-02-05 10:54:55.420')
INSERT dbo.Orders(Id, Date) VALUES (491, '2016-01-01 00:00:01.700')
INSERT dbo.Orders(Id, Date) VALUES (492, '2016-01-01 00:00:01.530')
INSERT dbo.Orders(Id, Date) VALUES (493, '2016-10-24 09:32:58.670')
INSERT dbo.Orders(Id, Date) VALUES (494, '2016-08-24 12:08:18.570')
INSERT dbo.Orders(Id, Date) VALUES (495, '2016-01-01 00:00:01.310')
INSERT dbo.Orders(Id, Date) VALUES (496, '2016-02-23 05:50:50.440')
INSERT dbo.Orders(Id, Date) VALUES (497, '2016-01-01 00:00:02.180')
INSERT dbo.Orders(Id, Date) VALUES (498, '2016-04-26 15:13:49.210')
INSERT dbo.Orders(Id, Date) VALUES (499, '2016-02-11 16:13:25.420')
INSERT dbo.Orders(Id, Date) VALUES (500, '2016-02-16 09:30:39.270')
INSERT dbo.Orders(Id, Date) VALUES (501, '2016-10-02 16:27:43.250')
INSERT dbo.Orders(Id, Date) VALUES (502, '2016-01-01 00:00:01.150')
INSERT dbo.Orders(Id, Date) VALUES (503, '2016-02-07 13:22:47.640')
INSERT dbo.Orders(Id, Date) VALUES (504, '2016-03-10 18:31:10.380')
INSERT dbo.Orders(Id, Date) VALUES (505, '2016-06-06 17:08:36.950')
INSERT dbo.Orders(Id, Date) VALUES (506, '2016-02-04 05:14:11.520')
INSERT dbo.Orders(Id, Date) VALUES (507, '2016-01-02 00:12:45.290')
INSERT dbo.Orders(Id, Date) VALUES (508, '2016-09-22 06:49:31.240')
INSERT dbo.Orders(Id, Date) VALUES (509, '2016-03-22 01:01:49.060')
INSERT dbo.Orders(Id, Date) VALUES (510, '2016-01-01 00:00:01.050')
INSERT dbo.Orders(Id, Date) VALUES (511, '2016-08-04 19:15:54.280')
INSERT dbo.Orders(Id, Date) VALUES (512, '2016-01-01 00:00:01.530')
INSERT dbo.Orders(Id, Date) VALUES (513, '2016-02-01 15:45:31.210')
INSERT dbo.Orders(Id, Date) VALUES (514, '2016-02-14 08:27:00.620')
INSERT dbo.Orders(Id, Date) VALUES (515, '2016-09-17 21:40:39.500')
INSERT dbo.Orders(Id, Date) VALUES (516, '2016-01-01 00:00:01.380')
INSERT dbo.Orders(Id, Date) VALUES (517, '2016-02-15 01:23:57.700')
INSERT dbo.Orders(Id, Date) VALUES (518, '2016-01-01 00:00:01.970')
INSERT dbo.Orders(Id, Date) VALUES (519, '2016-01-01 00:00:01.620')
INSERT dbo.Orders(Id, Date) VALUES (520, '2016-08-23 21:27:56.460')
INSERT dbo.Orders(Id, Date) VALUES (521, '2016-08-12 05:30:58.040')
INSERT dbo.Orders(Id, Date) VALUES (522, '2016-03-08 05:00:17.680')
INSERT dbo.Orders(Id, Date) VALUES (523, '2016-01-01 00:00:09.300')
INSERT dbo.Orders(Id, Date) VALUES (524, '2016-01-01 00:00:01.220')
INSERT dbo.Orders(Id, Date) VALUES (525, '2016-02-13 03:53:06.160')
INSERT dbo.Orders(Id, Date) VALUES (526, '2016-01-01 00:00:01.740')
INSERT dbo.Orders(Id, Date) VALUES (527, '2016-09-06 05:30:36.950')
INSERT dbo.Orders(Id, Date) VALUES (528, '2016-01-21 15:29:25.590')
INSERT dbo.Orders(Id, Date) VALUES (529, '2016-07-26 15:47:15.160')
INSERT dbo.Orders(Id, Date) VALUES (530, '2016-02-06 15:38:56.460')
INSERT dbo.Orders(Id, Date) VALUES (531, '2016-01-01 00:00:01.240')
INSERT dbo.Orders(Id, Date) VALUES (532, '2016-01-01 00:00:01.520')
INSERT dbo.Orders(Id, Date) VALUES (533, '2016-01-01 00:00:01.140')
INSERT dbo.Orders(Id, Date) VALUES (534, '2016-01-12 11:56:16.750')
INSERT dbo.Orders(Id, Date) VALUES (535, '2016-02-05 21:52:12.710')
INSERT dbo.Orders(Id, Date) VALUES (536, '2016-02-12 10:09:03.680')
INSERT dbo.Orders(Id, Date) VALUES (537, '2016-02-15 01:36:56.940')
INSERT dbo.Orders(Id, Date) VALUES (538, '2016-02-16 15:08:33.270')
INSERT dbo.Orders(Id, Date) VALUES (539, '2016-01-01 00:00:01.460')
INSERT dbo.Orders(Id, Date) VALUES (540, '2016-01-01 00:00:01.540')
INSERT dbo.Orders(Id, Date) VALUES (541, '2016-01-01 00:00:01.600')
INSERT dbo.Orders(Id, Date) VALUES (542, '2016-01-01 00:00:01.420')
INSERT dbo.Orders(Id, Date) VALUES (543, '2016-02-03 19:51:30.010')
INSERT dbo.Orders(Id, Date) VALUES (544, '2016-02-20 18:43:05.620')
INSERT dbo.Orders(Id, Date) VALUES (545, '2016-01-01 00:00:01.430')
INSERT dbo.Orders(Id, Date) VALUES (546, '2016-09-03 19:39:15.550')
INSERT dbo.Orders(Id, Date) VALUES (547, '2016-01-01 00:00:01.480')
INSERT dbo.Orders(Id, Date) VALUES (548, '2016-01-01 15:04:14.990')
INSERT dbo.Orders(Id, Date) VALUES (549, '2016-02-12 05:09:16.560')
INSERT dbo.Orders(Id, Date) VALUES (550, '2016-01-01 00:00:01.900')
INSERT dbo.Orders(Id, Date) VALUES (551, '2016-01-01 00:00:01.280')
INSERT dbo.Orders(Id, Date) VALUES (552, '2016-01-01 00:00:01.260')
INSERT dbo.Orders(Id, Date) VALUES (553, '2016-04-13 19:23:50.620')
INSERT dbo.Orders(Id, Date) VALUES (554, '2016-03-30 17:11:14.310')
INSERT dbo.Orders(Id, Date) VALUES (555, '2016-02-21 08:35:26.240')
INSERT dbo.Orders(Id, Date) VALUES (556, '2016-01-01 11:59:25.980')
INSERT dbo.Orders(Id, Date) VALUES (557, '2016-02-19 18:31:56.660')
INSERT dbo.Orders(Id, Date) VALUES (558, '2016-01-01 00:00:01.550')
INSERT dbo.Orders(Id, Date) VALUES (559, '2016-01-01 00:00:45.490')
INSERT dbo.Orders(Id, Date) VALUES (560, '2016-01-01 00:00:01.250')
INSERT dbo.Orders(Id, Date) VALUES (561, '2016-02-09 23:27:36.510')
INSERT dbo.Orders(Id, Date) VALUES (562, '2016-01-01 18:54:27.260')
INSERT dbo.Orders(Id, Date) VALUES (563, '2016-01-01 23:17:16.020')
INSERT dbo.Orders(Id, Date) VALUES (564, '2016-01-02 16:25:20.140')
INSERT dbo.Orders(Id, Date) VALUES (565, '2016-02-05 23:44:40.460')
INSERT dbo.Orders(Id, Date) VALUES (566, '2016-02-12 13:42:55.160')
INSERT dbo.Orders(Id, Date) VALUES (567, '2016-02-11 12:46:58.270')
INSERT dbo.Orders(Id, Date) VALUES (568, '2016-01-07 08:16:41.600')
INSERT dbo.Orders(Id, Date) VALUES (569, '2016-02-14 03:20:23.780')
INSERT dbo.Orders(Id, Date) VALUES (570, '2016-01-01 00:00:02.670')
INSERT dbo.Orders(Id, Date) VALUES (571, '2016-03-12 02:33:28.740')
INSERT dbo.Orders(Id, Date) VALUES (572, '2016-01-01 00:00:01.680')
INSERT dbo.Orders(Id, Date) VALUES (573, '2016-02-15 01:05:08.400')
INSERT dbo.Orders(Id, Date) VALUES (574, '2016-01-01 03:34:21.770')
INSERT dbo.Orders(Id, Date) VALUES (575, '2016-02-14 18:17:31.180')
INSERT dbo.Orders(Id, Date) VALUES (576, '2016-01-01 00:00:17.580')
INSERT dbo.Orders(Id, Date) VALUES (577, '2016-02-01 22:49:53.710')
INSERT dbo.Orders(Id, Date) VALUES (578, '2016-02-11 00:30:39.960')
INSERT dbo.Orders(Id, Date) VALUES (579, '2016-01-01 06:50:59.590')
INSERT dbo.Orders(Id, Date) VALUES (580, '2016-01-31 12:55:05.160')
INSERT dbo.Orders(Id, Date) VALUES (581, '2016-02-12 17:35:16.460')
INSERT dbo.Orders(Id, Date) VALUES (582, '2016-01-01 00:00:01.020')
INSERT dbo.Orders(Id, Date) VALUES (583, '2016-10-26 01:35:30.930')
INSERT dbo.Orders(Id, Date) VALUES (584, '2016-02-09 02:10:39.160')
INSERT dbo.Orders(Id, Date) VALUES (585, '2016-01-01 00:01:38.980')
INSERT dbo.Orders(Id, Date) VALUES (586, '2016-02-17 08:04:57.030')
INSERT dbo.Orders(Id, Date) VALUES (587, '2016-03-01 09:25:33.990')
INSERT dbo.Orders(Id, Date) VALUES (588, '2016-01-02 15:20:42.810')
INSERT dbo.Orders(Id, Date) VALUES (589, '2016-03-20 15:44:03.760')
INSERT dbo.Orders(Id, Date) VALUES (590, '2016-02-05 23:18:08.140')
INSERT dbo.Orders(Id, Date) VALUES (591, '2016-03-04 09:58:17.480')
INSERT dbo.Orders(Id, Date) VALUES (592, '2016-01-01 00:00:01.910')
INSERT dbo.Orders(Id, Date) VALUES (593, '2016-07-20 18:22:35.450')
INSERT dbo.Orders(Id, Date) VALUES (594, '2016-01-01 17:17:19.830')
INSERT dbo.Orders(Id, Date) VALUES (595, '2016-01-01 00:00:19.720')
INSERT dbo.Orders(Id, Date) VALUES (596, '2016-01-31 19:02:40.490')
INSERT dbo.Orders(Id, Date) VALUES (597, '2016-08-11 02:40:48.940')
INSERT dbo.Orders(Id, Date) VALUES (598, '2016-01-07 02:56:38.570')
INSERT dbo.Orders(Id, Date) VALUES (599, '2016-01-01 13:47:35.630')
INSERT dbo.Orders(Id, Date) VALUES (600, '2016-02-11 02:56:26.900')
INSERT dbo.Orders(Id, Date) VALUES (601, '2016-01-01 00:00:09.960')
INSERT dbo.Orders(Id, Date) VALUES (602, '2016-01-26 11:19:09.970')
INSERT dbo.Orders(Id, Date) VALUES (603, '2016-01-01 00:00:01.680')
INSERT dbo.Orders(Id, Date) VALUES (604, '2016-03-05 04:44:15.970')
INSERT dbo.Orders(Id, Date) VALUES (605, '2016-02-17 13:06:11.640')
INSERT dbo.Orders(Id, Date) VALUES (606, '2016-02-02 01:39:57.770')
INSERT dbo.Orders(Id, Date) VALUES (607, '2016-06-21 02:42:05.290')
INSERT dbo.Orders(Id, Date) VALUES (608, '2016-03-02 19:26:53.770')
INSERT dbo.Orders(Id, Date) VALUES (609, '2016-06-05 09:52:10.340')
INSERT dbo.Orders(Id, Date) VALUES (610, '2016-06-14 08:30:40.540')
INSERT dbo.Orders(Id, Date) VALUES (611, '2016-01-01 00:00:10.440')
INSERT dbo.Orders(Id, Date) VALUES (612, '2016-02-18 22:54:14.260')
INSERT dbo.Orders(Id, Date) VALUES (613, '2016-02-18 03:08:30.450')
INSERT dbo.Orders(Id, Date) VALUES (614, '2016-04-07 16:13:38.180')
INSERT dbo.Orders(Id, Date) VALUES (615, '2016-07-23 16:17:14.180')
INSERT dbo.Orders(Id, Date) VALUES (616, '2016-03-18 16:51:12.670')
INSERT dbo.Orders(Id, Date) VALUES (617, '2016-02-27 11:30:33.100')
INSERT dbo.Orders(Id, Date) VALUES (618, '2016-10-06 08:22:00.020')
INSERT dbo.Orders(Id, Date) VALUES (619, '2016-05-15 23:21:31.170')
INSERT dbo.Orders(Id, Date) VALUES (620, '2016-01-01 00:00:01.120')
INSERT dbo.Orders(Id, Date) VALUES (621, '2016-07-08 00:33:51.070')
INSERT dbo.Orders(Id, Date) VALUES (622, '2016-01-01 11:52:20.690')
INSERT dbo.Orders(Id, Date) VALUES (623, '2016-01-01 16:55:25.830')
INSERT dbo.Orders(Id, Date) VALUES (624, '2016-01-01 00:00:01.610')
INSERT dbo.Orders(Id, Date) VALUES (625, '2016-03-17 19:16:23.570')
INSERT dbo.Orders(Id, Date) VALUES (626, '2016-01-17 16:38:39.850')
INSERT dbo.Orders(Id, Date) VALUES (627, '2016-01-07 12:20:46.450')
INSERT dbo.Orders(Id, Date) VALUES (628, '2016-02-08 04:44:52.050')
INSERT dbo.Orders(Id, Date) VALUES (629, '2016-02-25 22:53:29.050')
INSERT dbo.Orders(Id, Date) VALUES (630, '2016-04-08 09:18:22.810')
INSERT dbo.Orders(Id, Date) VALUES (631, '2016-01-01 11:32:12.190')
INSERT dbo.Orders(Id, Date) VALUES (632, '2016-01-01 00:00:01.620')
INSERT dbo.Orders(Id, Date) VALUES (633, '2016-02-03 04:36:13.780')
INSERT dbo.Orders(Id, Date) VALUES (634, '2016-01-03 03:14:06.470')
INSERT dbo.Orders(Id, Date) VALUES (635, '2016-01-31 22:57:34.750')
INSERT dbo.Orders(Id, Date) VALUES (636, '2016-06-11 06:49:31.460')
INSERT dbo.Orders(Id, Date) VALUES (637, '2016-02-22 03:09:59.240')
INSERT dbo.Orders(Id, Date) VALUES (638, '2016-07-30 14:06:58.060')
INSERT dbo.Orders(Id, Date) VALUES (639, '2016-01-01 14:20:34.550')
INSERT dbo.Orders(Id, Date) VALUES (640, '2016-06-18 06:38:53.450')
INSERT dbo.Orders(Id, Date) VALUES (641, '2016-01-01 00:00:06.910')
INSERT dbo.Orders(Id, Date) VALUES (642, '2016-02-01 07:39:36.460')
INSERT dbo.Orders(Id, Date) VALUES (643, '2016-05-24 08:51:42.900')
INSERT dbo.Orders(Id, Date) VALUES (644, '2016-01-01 00:00:49.300')
INSERT dbo.Orders(Id, Date) VALUES (645, '2016-01-01 18:06:42.780')
INSERT dbo.Orders(Id, Date) VALUES (646, '2016-10-20 18:55:56.500')
INSERT dbo.Orders(Id, Date) VALUES (647, '2016-01-01 00:00:01.540')
INSERT dbo.Orders(Id, Date) VALUES (648, '2016-01-01 00:00:02.920')
INSERT dbo.Orders(Id, Date) VALUES (649, '2016-09-02 21:35:48.410')
INSERT dbo.Orders(Id, Date) VALUES (650, '2016-04-29 15:15:18.920')
INSERT dbo.Orders(Id, Date) VALUES (651, '2016-01-03 01:48:20.480')
INSERT dbo.Orders(Id, Date) VALUES (652, '2016-01-03 01:37:06.750')
INSERT dbo.Orders(Id, Date) VALUES (653, '2016-04-18 12:47:02.010')
INSERT dbo.Orders(Id, Date) VALUES (654, '2016-02-07 18:40:27.460')
INSERT dbo.Orders(Id, Date) VALUES (655, '2016-02-28 13:42:47.640')
INSERT dbo.Orders(Id, Date) VALUES (656, '2016-02-07 03:49:37.570')
INSERT dbo.Orders(Id, Date) VALUES (657, '2016-01-01 00:00:01.860')
INSERT dbo.Orders(Id, Date) VALUES (658, '2016-01-31 18:39:38.850')
INSERT dbo.Orders(Id, Date) VALUES (659, '2016-01-01 04:20:12.440')
INSERT dbo.Orders(Id, Date) VALUES (660, '2016-09-22 03:06:07.010')
INSERT dbo.Orders(Id, Date) VALUES (661, '2016-01-01 00:00:01.730')
INSERT dbo.Orders(Id, Date) VALUES (662, '2016-01-01 23:13:42.680')
INSERT dbo.Orders(Id, Date) VALUES (663, '2016-09-19 03:41:17.530')
INSERT dbo.Orders(Id, Date) VALUES (664, '2016-04-23 21:42:18.610')
INSERT dbo.Orders(Id, Date) VALUES (665, '2016-10-12 09:04:08.100')
INSERT dbo.Orders(Id, Date) VALUES (666, '2016-01-01 00:00:01.850')
INSERT dbo.Orders(Id, Date) VALUES (667, '2016-01-01 00:00:05.200')
INSERT dbo.Orders(Id, Date) VALUES (668, '2016-01-01 00:00:01.370')
INSERT dbo.Orders(Id, Date) VALUES (669, '2016-02-11 23:37:23.850')
INSERT dbo.Orders(Id, Date) VALUES (670, '2016-01-01 00:00:07.380')
INSERT dbo.Orders(Id, Date) VALUES (671, '2016-01-01 00:00:01.460')
INSERT dbo.Orders(Id, Date) VALUES (672, '2016-04-07 18:36:18.260')
INSERT dbo.Orders(Id, Date) VALUES (673, '2016-01-01 00:00:01.850')
INSERT dbo.Orders(Id, Date) VALUES (674, '2016-09-26 22:48:37.760')
INSERT dbo.Orders(Id, Date) VALUES (675, '2016-01-01 23:22:34.040')
INSERT dbo.Orders(Id, Date) VALUES (676, '2016-02-26 07:26:13.460')
INSERT dbo.Orders(Id, Date) VALUES (677, '2016-02-05 05:23:05.460')
INSERT dbo.Orders(Id, Date) VALUES (678, '2016-01-01 00:00:01.120')
INSERT dbo.Orders(Id, Date) VALUES (679, '2016-01-25 21:01:37.780')
INSERT dbo.Orders(Id, Date) VALUES (680, '2016-03-10 16:09:04.470')
INSERT dbo.Orders(Id, Date) VALUES (681, '2016-09-08 10:15:55.560')
INSERT dbo.Orders(Id, Date) VALUES (682, '2016-01-22 09:25:41.680')
INSERT dbo.Orders(Id, Date) VALUES (683, '2016-01-01 00:01:01.480')
INSERT dbo.Orders(Id, Date) VALUES (684, '2016-01-01 00:00:01.800')
INSERT dbo.Orders(Id, Date) VALUES (685, '2016-01-01 00:00:01.850')
INSERT dbo.Orders(Id, Date) VALUES (686, '2016-07-02 05:53:02.650')
INSERT dbo.Orders(Id, Date) VALUES (687, '2016-01-01 00:00:05.760')
INSERT dbo.Orders(Id, Date) VALUES (688, '2016-01-01 00:00:01.180')
INSERT dbo.Orders(Id, Date) VALUES (689, '2016-02-07 18:58:57.580')
INSERT dbo.Orders(Id, Date) VALUES (690, '2016-01-01 00:00:04.570')
INSERT dbo.Orders(Id, Date) VALUES (691, '2016-02-16 06:38:57.960')
INSERT dbo.Orders(Id, Date) VALUES (692, '2016-02-01 10:01:58.750')
INSERT dbo.Orders(Id, Date) VALUES (693, '2016-03-16 23:29:07.560')
INSERT dbo.Orders(Id, Date) VALUES (694, '2016-01-01 00:01:27.540')
INSERT dbo.Orders(Id, Date) VALUES (695, '2016-04-09 15:37:51.460')
INSERT dbo.Orders(Id, Date) VALUES (696, '2016-01-01 22:39:47.570')
INSERT dbo.Orders(Id, Date) VALUES (697, '2016-03-08 23:55:43.420')
INSERT dbo.Orders(Id, Date) VALUES (698, '2016-02-11 08:39:40.020')
INSERT dbo.Orders(Id, Date) VALUES (699, '2016-02-18 23:46:25.850')
INSERT dbo.Orders(Id, Date) VALUES (700, '2016-02-14 02:31:09.200')
INSERT dbo.Orders(Id, Date) VALUES (701, '2016-01-01 00:00:01.900')
INSERT dbo.Orders(Id, Date) VALUES (702, '2016-01-01 00:01:00.750')
INSERT dbo.Orders(Id, Date) VALUES (703, '2016-06-03 11:43:11.180')
INSERT dbo.Orders(Id, Date) VALUES (704, '2016-09-27 12:26:35.040')
INSERT dbo.Orders(Id, Date) VALUES (705, '2016-07-09 18:34:51.580')
INSERT dbo.Orders(Id, Date) VALUES (706, '2016-02-06 13:46:36.970')
INSERT dbo.Orders(Id, Date) VALUES (707, '2016-02-23 00:44:56.830')
INSERT dbo.Orders(Id, Date) VALUES (708, '2016-03-11 22:41:54.690')
INSERT dbo.Orders(Id, Date) VALUES (709, '2016-04-03 22:51:28.890')
INSERT dbo.Orders(Id, Date) VALUES (710, '2016-07-26 06:49:27.500')
INSERT dbo.Orders(Id, Date) VALUES (711, '2016-01-01 00:00:09.100')
INSERT dbo.Orders(Id, Date) VALUES (712, '2016-01-01 00:00:05.980')
INSERT dbo.Orders(Id, Date) VALUES (713, '2016-01-02 01:58:44.250')
INSERT dbo.Orders(Id, Date) VALUES (714, '2016-02-02 16:45:19.260')
INSERT dbo.Orders(Id, Date) VALUES (715, '2016-01-01 10:17:03.400')
INSERT dbo.Orders(Id, Date) VALUES (716, '2016-01-01 00:00:01.780')
INSERT dbo.Orders(Id, Date) VALUES (717, '2016-01-01 00:00:01.710')
INSERT dbo.Orders(Id, Date) VALUES (718, '2016-08-04 08:23:33.490')
INSERT dbo.Orders(Id, Date) VALUES (719, '2016-09-29 05:25:31.900')
INSERT dbo.Orders(Id, Date) VALUES (720, '2016-07-17 01:35:55.170')
INSERT dbo.Orders(Id, Date) VALUES (721, '2016-03-09 18:25:32.870')
INSERT dbo.Orders(Id, Date) VALUES (722, '2016-01-01 00:00:01.120')
INSERT dbo.Orders(Id, Date) VALUES (723, '2016-07-25 17:10:32.350')
INSERT dbo.Orders(Id, Date) VALUES (724, '2016-01-01 00:00:05.880')
INSERT dbo.Orders(Id, Date) VALUES (725, '2016-02-08 23:23:02.080')
INSERT dbo.Orders(Id, Date) VALUES (726, '2016-01-02 05:52:17.650')
INSERT dbo.Orders(Id, Date) VALUES (727, '2016-05-01 20:48:04.790')
INSERT dbo.Orders(Id, Date) VALUES (728, '2016-06-20 19:55:15.020')
INSERT dbo.Orders(Id, Date) VALUES (729, '2016-01-01 00:00:01.060')
INSERT dbo.Orders(Id, Date) VALUES (730, '2016-04-12 22:15:19.420')
INSERT dbo.Orders(Id, Date) VALUES (731, '2016-01-01 00:00:01.090')
INSERT dbo.Orders(Id, Date) VALUES (732, '2016-01-01 00:00:01.610')
INSERT dbo.Orders(Id, Date) VALUES (733, '2016-02-08 02:30:26.070')
INSERT dbo.Orders(Id, Date) VALUES (734, '2016-01-01 00:00:01.790')
INSERT dbo.Orders(Id, Date) VALUES (735, '2016-01-02 23:03:58.710')
INSERT dbo.Orders(Id, Date) VALUES (736, '2016-07-09 17:37:51.900')
INSERT dbo.Orders(Id, Date) VALUES (737, '2016-06-18 04:38:12.470')
INSERT dbo.Orders(Id, Date) VALUES (738, '2016-02-07 10:32:25.910')
INSERT dbo.Orders(Id, Date) VALUES (739, '2016-06-09 15:23:32.910')
INSERT dbo.Orders(Id, Date) VALUES (740, '2016-05-31 01:26:24.650')
INSERT dbo.Orders(Id, Date) VALUES (741, '2016-05-01 12:39:31.400')
INSERT dbo.Orders(Id, Date) VALUES (742, '2016-03-03 09:29:26.260')
INSERT dbo.Orders(Id, Date) VALUES (743, '2016-01-01 00:00:01.580')
INSERT dbo.Orders(Id, Date) VALUES (744, '2016-01-26 06:44:06.570')
INSERT dbo.Orders(Id, Date) VALUES (745, '2016-02-13 14:25:49.080')
INSERT dbo.Orders(Id, Date) VALUES (746, '2016-01-01 11:48:16.600')
INSERT dbo.Orders(Id, Date) VALUES (747, '2016-01-01 00:00:10.250')
INSERT dbo.Orders(Id, Date) VALUES (748, '2016-01-01 00:00:01.400')
INSERT dbo.Orders(Id, Date) VALUES (749, '2016-04-07 03:40:26.670')
INSERT dbo.Orders(Id, Date) VALUES (750, '2016-04-15 10:45:54.490')
INSERT dbo.Orders(Id, Date) VALUES (751, '2016-01-16 00:17:40.580')
INSERT dbo.Orders(Id, Date) VALUES (752, '2016-01-07 05:20:27.320')
INSERT dbo.Orders(Id, Date) VALUES (753, '2016-01-01 00:00:01.740')
INSERT dbo.Orders(Id, Date) VALUES (754, '2016-01-01 00:00:01.480')
INSERT dbo.Orders(Id, Date) VALUES (755, '2016-07-30 19:00:29.710')
INSERT dbo.Orders(Id, Date) VALUES (756, '2016-01-01 00:00:01.410')
INSERT dbo.Orders(Id, Date) VALUES (757, '2016-04-16 05:29:06.480')
INSERT dbo.Orders(Id, Date) VALUES (758, '2016-02-27 21:20:51.080')
INSERT dbo.Orders(Id, Date) VALUES (759, '2016-01-01 00:00:01.410')
INSERT dbo.Orders(Id, Date) VALUES (760, '2016-01-01 22:00:30.560')
INSERT dbo.Orders(Id, Date) VALUES (761, '2016-02-05 04:23:06.020')
INSERT dbo.Orders(Id, Date) VALUES (762, '2016-06-28 05:17:26.650')
INSERT dbo.Orders(Id, Date) VALUES (763, '2016-02-21 19:12:49.060')
INSERT dbo.Orders(Id, Date) VALUES (764, '2016-03-05 18:11:35.570')
INSERT dbo.Orders(Id, Date) VALUES (765, '2016-10-13 12:32:11.940')
INSERT dbo.Orders(Id, Date) VALUES (766, '2016-01-01 00:00:08.930')
INSERT dbo.Orders(Id, Date) VALUES (767, '2016-01-01 00:00:01.100')
INSERT dbo.Orders(Id, Date) VALUES (768, '2016-01-01 00:00:01.090')
INSERT dbo.Orders(Id, Date) VALUES (769, '2016-02-14 03:40:51.580')
INSERT dbo.Orders(Id, Date) VALUES (770, '2016-09-12 03:22:21.520')
INSERT dbo.Orders(Id, Date) VALUES (771, '2016-02-17 19:01:08.370')
INSERT dbo.Orders(Id, Date) VALUES (772, '2016-02-23 00:55:41.800')
INSERT dbo.Orders(Id, Date) VALUES (773, '2016-07-28 06:47:27.060')
INSERT dbo.Orders(Id, Date) VALUES (774, '2016-02-10 03:38:54.750')
INSERT dbo.Orders(Id, Date) VALUES (775, '2016-01-01 00:00:01.790')
INSERT dbo.Orders(Id, Date) VALUES (776, '2016-01-01 00:00:01.060')
INSERT dbo.Orders(Id, Date) VALUES (777, '2016-01-01 00:00:10.320')
INSERT dbo.Orders(Id, Date) VALUES (778, '2016-01-01 00:00:01.780')
INSERT dbo.Orders(Id, Date) VALUES (779, '2016-01-21 03:17:47.090')
INSERT dbo.Orders(Id, Date) VALUES (780, '2016-07-17 05:04:17.720')
INSERT dbo.Orders(Id, Date) VALUES (781, '2016-10-09 03:46:46.300')
INSERT dbo.Orders(Id, Date) VALUES (782, '2016-01-01 00:00:01.550')
INSERT dbo.Orders(Id, Date) VALUES (783, '2016-06-28 21:10:27.980')
INSERT dbo.Orders(Id, Date) VALUES (784, '2016-09-17 08:56:21.510')
INSERT dbo.Orders(Id, Date) VALUES (785, '2016-01-01 00:00:01.780')
INSERT dbo.Orders(Id, Date) VALUES (786, '2016-01-01 00:00:01.310')
INSERT dbo.Orders(Id, Date) VALUES (787, '2016-01-01 00:00:01.940')
INSERT dbo.Orders(Id, Date) VALUES (788, '2016-02-27 07:31:44.640')
INSERT dbo.Orders(Id, Date) VALUES (789, '2016-03-16 09:00:06.070')
INSERT dbo.Orders(Id, Date) VALUES (790, '2016-02-14 18:38:19.290')
INSERT dbo.Orders(Id, Date) VALUES (791, '2016-01-01 13:34:36.170')
INSERT dbo.Orders(Id, Date) VALUES (792, '2016-10-10 10:54:04.240')
INSERT dbo.Orders(Id, Date) VALUES (793, '2016-06-13 12:49:11.780')
INSERT dbo.Orders(Id, Date) VALUES (794, '2016-01-02 11:01:02.050')
INSERT dbo.Orders(Id, Date) VALUES (795, '2016-03-15 14:39:04.930')
INSERT dbo.Orders(Id, Date) VALUES (796, '2016-01-01 00:00:01.440')
INSERT dbo.Orders(Id, Date) VALUES (797, '2016-01-01 08:29:14.340')
INSERT dbo.Orders(Id, Date) VALUES (798, '2016-09-04 22:08:58.200')
INSERT dbo.Orders(Id, Date) VALUES (799, '2016-02-12 07:54:15.610')
INSERT dbo.Orders(Id, Date) VALUES (800, '2016-02-18 03:17:50.600')
INSERT dbo.Orders(Id, Date) VALUES (801, '2016-01-01 00:00:10.740')
INSERT dbo.Orders(Id, Date) VALUES (802, '2016-02-16 15:49:12.490')
INSERT dbo.Orders(Id, Date) VALUES (803, '2016-02-15 05:09:25.060')
INSERT dbo.Orders(Id, Date) VALUES (804, '2016-01-02 00:18:21.920')
INSERT dbo.Orders(Id, Date) VALUES (805, '2016-09-27 02:40:13.840')
INSERT dbo.Orders(Id, Date) VALUES (806, '2016-03-04 04:54:26.610')
INSERT dbo.Orders(Id, Date) VALUES (807, '2016-01-01 00:00:01.760')
INSERT dbo.Orders(Id, Date) VALUES (808, '2016-01-01 00:00:02.930')
INSERT dbo.Orders(Id, Date) VALUES (809, '2016-01-01 00:00:04.320')
INSERT dbo.Orders(Id, Date) VALUES (810, '2016-02-06 04:32:04.590')
INSERT dbo.Orders(Id, Date) VALUES (811, '2016-03-05 11:28:08.770')
INSERT dbo.Orders(Id, Date) VALUES (812, '2016-01-02 14:00:01.150')
INSERT dbo.Orders(Id, Date) VALUES (813, '2016-02-20 11:31:40.940')
INSERT dbo.Orders(Id, Date) VALUES (814, '2016-09-14 07:48:46.100')
INSERT dbo.Orders(Id, Date) VALUES (815, '2016-03-15 21:22:24.500')
INSERT dbo.Orders(Id, Date) VALUES (816, '2016-06-14 04:48:00.360')
INSERT dbo.Orders(Id, Date) VALUES (817, '2016-01-01 00:00:01.950')
INSERT dbo.Orders(Id, Date) VALUES (818, '2016-01-01 00:00:03.390')
INSERT dbo.Orders(Id, Date) VALUES (819, '2016-01-06 22:37:11.510')
INSERT dbo.Orders(Id, Date) VALUES (820, '2016-01-01 00:00:01.070')
INSERT dbo.Orders(Id, Date) VALUES (821, '2016-01-01 00:00:01.900')
INSERT dbo.Orders(Id, Date) VALUES (822, '2016-01-01 00:00:07.840')
INSERT dbo.Orders(Id, Date) VALUES (823, '2016-02-16 22:51:28.580')
INSERT dbo.Orders(Id, Date) VALUES (824, '2016-01-01 00:00:08.820')
INSERT dbo.Orders(Id, Date) VALUES (825, '2016-01-01 00:00:01.620')
INSERT dbo.Orders(Id, Date) VALUES (826, '2016-02-16 21:50:44.660')
INSERT dbo.Orders(Id, Date) VALUES (827, '2016-01-01 00:00:01.870')
INSERT dbo.Orders(Id, Date) VALUES (828, '2016-01-01 06:53:30.890')
INSERT dbo.Orders(Id, Date) VALUES (829, '2016-01-01 04:11:30.080')
INSERT dbo.Orders(Id, Date) VALUES (830, '2016-02-02 11:25:37.540')
INSERT dbo.Orders(Id, Date) VALUES (831, '2016-02-26 01:20:21.950')
INSERT dbo.Orders(Id, Date) VALUES (832, '2016-03-01 11:21:51.460')
INSERT dbo.Orders(Id, Date) VALUES (833, '2016-01-01 00:00:01.400')
INSERT dbo.Orders(Id, Date) VALUES (834, '2016-02-15 08:17:22.700')
INSERT dbo.Orders(Id, Date) VALUES (835, '2016-02-08 09:20:29.380')
INSERT dbo.Orders(Id, Date) VALUES (836, '2016-01-02 22:48:05.630')
INSERT dbo.Orders(Id, Date) VALUES (837, '2016-01-31 03:07:53.770')
INSERT dbo.Orders(Id, Date) VALUES (838, '2016-02-27 12:26:50.170')
INSERT dbo.Orders(Id, Date) VALUES (839, '2016-04-25 02:11:41.790')
INSERT dbo.Orders(Id, Date) VALUES (840, '2016-02-11 01:52:01.760')
INSERT dbo.Orders(Id, Date) VALUES (841, '2016-01-01 03:41:29.090')
INSERT dbo.Orders(Id, Date) VALUES (842, '2016-10-02 11:42:24.750')
INSERT dbo.Orders(Id, Date) VALUES (843, '2016-01-01 00:00:01.750')
INSERT dbo.Orders(Id, Date) VALUES (844, '2016-01-01 00:00:01.310')
INSERT dbo.Orders(Id, Date) VALUES (845, '2016-07-13 08:58:30.240')
INSERT dbo.Orders(Id, Date) VALUES (846, '2016-02-06 22:31:18.330')
INSERT dbo.Orders(Id, Date) VALUES (847, '2016-01-02 02:25:33.640')
INSERT dbo.Orders(Id, Date) VALUES (848, '2016-10-02 15:12:27.510')
INSERT dbo.Orders(Id, Date) VALUES (849, '2016-01-01 00:00:07.090')
INSERT dbo.Orders(Id, Date) VALUES (850, '2016-04-17 22:55:06.250')
INSERT dbo.Orders(Id, Date) VALUES (851, '2016-10-03 03:06:23.640')
INSERT dbo.Orders(Id, Date) VALUES (852, '2016-06-10 00:41:01.420')
INSERT dbo.Orders(Id, Date) VALUES (853, '2016-01-02 06:00:48.850')
INSERT dbo.Orders(Id, Date) VALUES (854, '2016-02-08 05:32:32.790')
INSERT dbo.Orders(Id, Date) VALUES (855, '2016-01-01 00:01:17.230')
INSERT dbo.Orders(Id, Date) VALUES (856, '2016-01-01 00:00:01.140')
INSERT dbo.Orders(Id, Date) VALUES (857, '2016-04-22 08:50:49.240')
INSERT dbo.Orders(Id, Date) VALUES (858, '2016-02-02 18:23:07.430')
INSERT dbo.Orders(Id, Date) VALUES (859, '2016-01-01 00:00:01.720')
INSERT dbo.Orders(Id, Date) VALUES (860, '2016-02-23 15:13:54.460')
INSERT dbo.Orders(Id, Date) VALUES (861, '2016-03-21 21:35:44.210')
INSERT dbo.Orders(Id, Date) VALUES (862, '2016-07-08 10:20:01.350')
INSERT dbo.Orders(Id, Date) VALUES (863, '2016-02-19 22:13:07.290')
INSERT dbo.Orders(Id, Date) VALUES (864, '2016-01-01 00:00:01.440')
INSERT dbo.Orders(Id, Date) VALUES (865, '2016-02-15 10:15:04.760')
INSERT dbo.Orders(Id, Date) VALUES (866, '2016-01-02 04:36:39.720')
INSERT dbo.Orders(Id, Date) VALUES (867, '2016-02-23 10:12:57.720')
INSERT dbo.Orders(Id, Date) VALUES (868, '2016-01-01 13:11:22.310')
INSERT dbo.Orders(Id, Date) VALUES (869, '2016-01-01 00:00:51.250')
INSERT dbo.Orders(Id, Date) VALUES (870, '2016-02-23 17:42:04.280')
INSERT dbo.Orders(Id, Date) VALUES (871, '2016-01-01 00:00:01.050')
INSERT dbo.Orders(Id, Date) VALUES (872, '2016-06-24 23:53:37.190')
INSERT dbo.Orders(Id, Date) VALUES (873, '2016-01-01 21:48:16.200')
INSERT dbo.Orders(Id, Date) VALUES (874, '2016-07-05 17:45:23.410')
INSERT dbo.Orders(Id, Date) VALUES (875, '2016-01-01 00:00:07.990')
INSERT dbo.Orders(Id, Date) VALUES (876, '2016-01-01 00:00:01.490')
INSERT dbo.Orders(Id, Date) VALUES (877, '2016-01-01 00:00:01.010')
INSERT dbo.Orders(Id, Date) VALUES (878, '2016-01-01 02:19:31.280')
INSERT dbo.Orders(Id, Date) VALUES (879, '2016-01-03 02:26:51.260')
INSERT dbo.Orders(Id, Date) VALUES (880, '2016-01-01 00:00:01.670')
INSERT dbo.Orders(Id, Date) VALUES (881, '2016-01-01 00:00:48.550')
INSERT dbo.Orders(Id, Date) VALUES (882, '2016-01-31 17:35:09.360')
INSERT dbo.Orders(Id, Date) VALUES (883, '2016-02-20 22:03:21.910')
INSERT dbo.Orders(Id, Date) VALUES (884, '2016-03-04 22:45:07.720')
INSERT dbo.Orders(Id, Date) VALUES (885, '2016-01-01 00:00:01.310')
INSERT dbo.Orders(Id, Date) VALUES (886, '2016-01-01 00:00:01.830')
INSERT dbo.Orders(Id, Date) VALUES (887, '2016-01-01 00:00:01.590')
INSERT dbo.Orders(Id, Date) VALUES (888, '2016-01-16 02:09:18.860')
INSERT dbo.Orders(Id, Date) VALUES (889, '2016-03-16 08:21:19.500')
INSERT dbo.Orders(Id, Date) VALUES (890, '2016-01-01 00:00:01.860')
INSERT dbo.Orders(Id, Date) VALUES (891, '2016-06-07 15:29:45.980')
INSERT dbo.Orders(Id, Date) VALUES (892, '2016-02-17 18:52:31.050')
INSERT dbo.Orders(Id, Date) VALUES (893, '2016-01-01 00:00:01.120')
INSERT dbo.Orders(Id, Date) VALUES (894, '2016-01-01 00:01:36.060')
INSERT dbo.Orders(Id, Date) VALUES (895, '2016-01-03 04:16:52.200')
INSERT dbo.Orders(Id, Date) VALUES (896, '2016-02-24 18:32:25.640')
INSERT dbo.Orders(Id, Date) VALUES (897, '2016-02-17 15:29:36.760')
INSERT dbo.Orders(Id, Date) VALUES (898, '2016-02-18 07:41:27.940')
INSERT dbo.Orders(Id, Date) VALUES (899, '2016-01-01 00:00:01.200')
INSERT dbo.Orders(Id, Date) VALUES (900, '2016-01-01 00:00:02.540')
INSERT dbo.Orders(Id, Date) VALUES (901, '2016-03-04 22:15:25.100')
INSERT dbo.Orders(Id, Date) VALUES (902, '2016-04-18 22:43:18.110')
INSERT dbo.Orders(Id, Date) VALUES (903, '2016-02-16 02:32:06.460')
INSERT dbo.Orders(Id, Date) VALUES (904, '2016-03-08 05:13:20.740')
INSERT dbo.Orders(Id, Date) VALUES (905, '2016-02-02 11:47:06.510')
INSERT dbo.Orders(Id, Date) VALUES (906, '2016-01-01 00:00:01.140')
INSERT dbo.Orders(Id, Date) VALUES (907, '2016-01-01 03:41:00.510')
INSERT dbo.Orders(Id, Date) VALUES (908, '2016-01-01 00:00:01.300')
INSERT dbo.Orders(Id, Date) VALUES (909, '2016-05-16 02:25:50.890')
INSERT dbo.Orders(Id, Date) VALUES (910, '2016-01-01 00:00:44.410')
INSERT dbo.Orders(Id, Date) VALUES (911, '2016-02-08 08:55:30.410')
INSERT dbo.Orders(Id, Date) VALUES (912, '2016-02-03 10:15:44.860')
INSERT dbo.Orders(Id, Date) VALUES (913, '2016-02-22 17:17:35.300')
INSERT dbo.Orders(Id, Date) VALUES (914, '2016-01-06 10:15:04.200')
INSERT dbo.Orders(Id, Date) VALUES (915, '2016-03-14 10:09:17.200')
INSERT dbo.Orders(Id, Date) VALUES (916, '2016-01-01 10:51:23.610')
INSERT dbo.Orders(Id, Date) VALUES (917, '2016-07-08 13:02:37.630')
INSERT dbo.Orders(Id, Date) VALUES (918, '2016-04-11 00:29:37.690')
INSERT dbo.Orders(Id, Date) VALUES (919, '2016-02-18 22:33:51.110')
INSERT dbo.Orders(Id, Date) VALUES (920, '2016-01-01 00:00:05.050')
INSERT dbo.Orders(Id, Date) VALUES (921, '2016-01-01 09:53:40.830')
INSERT dbo.Orders(Id, Date) VALUES (922, '2016-01-01 00:00:01.370')
INSERT dbo.Orders(Id, Date) VALUES (923, '2016-02-05 09:41:43.280')
INSERT dbo.Orders(Id, Date) VALUES (924, '2016-01-01 00:00:07.680')
INSERT dbo.Orders(Id, Date) VALUES (925, '2016-02-25 07:33:39.020')
INSERT dbo.Orders(Id, Date) VALUES (926, '2016-10-23 01:35:01.170')
INSERT dbo.Orders(Id, Date) VALUES (927, '2016-07-27 17:19:41.840')
INSERT dbo.Orders(Id, Date) VALUES (928, '2016-01-01 00:01:13.430')
INSERT dbo.Orders(Id, Date) VALUES (929, '2016-02-14 08:46:31.660')
INSERT dbo.Orders(Id, Date) VALUES (930, '2016-01-01 14:52:59.020')
INSERT dbo.Orders(Id, Date) VALUES (931, '2016-02-23 03:51:04.280')
INSERT dbo.Orders(Id, Date) VALUES (932, '2016-01-01 00:00:01.680')
INSERT dbo.Orders(Id, Date) VALUES (933, '2016-01-02 13:33:19.840')
INSERT dbo.Orders(Id, Date) VALUES (934, '2016-01-01 00:00:01.810')
INSERT dbo.Orders(Id, Date) VALUES (935, '2016-01-01 00:00:01.670')
INSERT dbo.Orders(Id, Date) VALUES (936, '2016-05-17 03:30:11.020')
INSERT dbo.Orders(Id, Date) VALUES (937, '2016-01-01 00:00:01.530')
INSERT dbo.Orders(Id, Date) VALUES (938, '2016-01-01 00:00:01.650')
INSERT dbo.Orders(Id, Date) VALUES (939, '2016-04-21 02:48:19.390')
INSERT dbo.Orders(Id, Date) VALUES (940, '2016-03-15 10:02:13.180')
INSERT dbo.Orders(Id, Date) VALUES (941, '2016-01-01 00:00:10.910')
INSERT dbo.Orders(Id, Date) VALUES (942, '2016-02-09 15:25:47.340')
INSERT dbo.Orders(Id, Date) VALUES (943, '2016-02-18 19:50:24.510')
INSERT dbo.Orders(Id, Date) VALUES (944, '2016-01-01 00:01:31.950')
INSERT dbo.Orders(Id, Date) VALUES (945, '2016-02-08 08:20:20.330')
INSERT dbo.Orders(Id, Date) VALUES (946, '2016-01-01 00:00:06.530')
INSERT dbo.Orders(Id, Date) VALUES (947, '2016-02-16 17:55:15.520')
INSERT dbo.Orders(Id, Date) VALUES (948, '2016-02-18 20:46:11.100')
INSERT dbo.Orders(Id, Date) VALUES (949, '2016-03-08 23:46:06.250')
INSERT dbo.Orders(Id, Date) VALUES (950, '2016-02-16 05:27:07.960')
INSERT dbo.Orders(Id, Date) VALUES (951, '2016-02-17 02:12:57.470')
INSERT dbo.Orders(Id, Date) VALUES (952, '2016-02-10 15:05:26.070')
INSERT dbo.Orders(Id, Date) VALUES (953, '2016-02-07 06:31:25.820')
INSERT dbo.Orders(Id, Date) VALUES (954, '2016-01-16 10:36:17.320')
INSERT dbo.Orders(Id, Date) VALUES (955, '2016-10-21 21:03:15.000')
INSERT dbo.Orders(Id, Date) VALUES (956, '2016-01-21 12:06:55.270')
INSERT dbo.Orders(Id, Date) VALUES (957, '2016-03-09 16:38:09.180')
INSERT dbo.Orders(Id, Date) VALUES (958, '2016-01-01 00:00:01.700')
INSERT dbo.Orders(Id, Date) VALUES (959, '2016-06-21 07:08:43.060')
INSERT dbo.Orders(Id, Date) VALUES (960, '2016-03-01 01:06:45.820')
INSERT dbo.Orders(Id, Date) VALUES (961, '2016-02-15 06:52:19.190')
INSERT dbo.Orders(Id, Date) VALUES (962, '2016-02-19 07:06:51.770')
INSERT dbo.Orders(Id, Date) VALUES (963, '2016-01-01 00:00:01.830')
INSERT dbo.Orders(Id, Date) VALUES (964, '2016-01-01 14:13:10.220')
INSERT dbo.Orders(Id, Date) VALUES (965, '2016-02-05 11:13:18.520')
INSERT dbo.Orders(Id, Date) VALUES (966, '2016-06-11 03:00:45.360')
INSERT dbo.Orders(Id, Date) VALUES (967, '2016-02-01 07:15:57.480')
INSERT dbo.Orders(Id, Date) VALUES (968, '2016-01-01 00:00:01.590')
INSERT dbo.Orders(Id, Date) VALUES (969, '2016-01-01 20:28:51.860')
INSERT dbo.Orders(Id, Date) VALUES (970, '2016-06-21 08:46:33.350')
INSERT dbo.Orders(Id, Date) VALUES (971, '2016-01-01 00:00:06.080')
INSERT dbo.Orders(Id, Date) VALUES (972, '2016-10-22 07:08:12.040')
INSERT dbo.Orders(Id, Date) VALUES (973, '2016-03-30 02:17:25.750')
INSERT dbo.Orders(Id, Date) VALUES (974, '2016-01-01 00:00:01.100')
INSERT dbo.Orders(Id, Date) VALUES (975, '2016-09-19 02:36:37.630')
INSERT dbo.Orders(Id, Date) VALUES (976, '2016-01-01 00:00:51.880')
INSERT dbo.Orders(Id, Date) VALUES (977, '2016-02-11 01:29:33.840')
INSERT dbo.Orders(Id, Date) VALUES (978, '2016-01-01 00:00:10.710')
INSERT dbo.Orders(Id, Date) VALUES (979, '2016-02-08 21:30:49.620')
INSERT dbo.Orders(Id, Date) VALUES (980, '2016-01-01 00:00:01.560')
INSERT dbo.Orders(Id, Date) VALUES (981, '2016-08-06 17:29:49.540')
INSERT dbo.Orders(Id, Date) VALUES (982, '2016-05-18 14:23:00.350')
INSERT dbo.Orders(Id, Date) VALUES (983, '2016-01-08 05:40:15.250')
INSERT dbo.Orders(Id, Date) VALUES (984, '2016-02-01 19:06:16.810')
INSERT dbo.Orders(Id, Date) VALUES (985, '2016-08-02 00:23:37.300')
INSERT dbo.Orders(Id, Date) VALUES (986, '2016-01-01 00:00:01.900')
INSERT dbo.Orders(Id, Date) VALUES (987, '2016-01-01 00:00:01.760')
INSERT dbo.Orders(Id, Date) VALUES (988, '2016-01-01 00:00:01.340')
INSERT dbo.Orders(Id, Date) VALUES (989, '2016-03-01 01:13:51.060')
INSERT dbo.Orders(Id, Date) VALUES (990, '2016-01-01 00:00:06.040')
INSERT dbo.Orders(Id, Date) VALUES (991, '2016-01-01 00:00:01.080')
INSERT dbo.Orders(Id, Date) VALUES (992, '2016-01-31 08:47:06.580')
INSERT dbo.Orders(Id, Date) VALUES (993, '2016-02-11 14:49:44.250')
INSERT dbo.Orders(Id, Date) VALUES (994, '2016-03-05 19:34:23.120')
INSERT dbo.Orders(Id, Date) VALUES (995, '2016-01-17 06:33:27.100')
INSERT dbo.Orders(Id, Date) VALUES (996, '2016-04-11 14:02:41.850')
INSERT dbo.Orders(Id, Date) VALUES (997, '2016-01-01 00:00:21.780')
INSERT dbo.Orders(Id, Date) VALUES (998, '2016-01-01 00:00:01.920')
INSERT dbo.Orders(Id, Date) VALUES (999, '2016-01-01 00:00:08.790')
INSERT dbo.Orders(Id, Date) VALUES (1000, '2016-03-22 05:21:32.740')
GO
SET IDENTITY_INSERT dbo.Orders OFF
GO

IF @@ERROR<>0 OR @@TRANCOUNT=0 BEGIN IF @@TRANCOUNT>0 ROLLBACK SET NOEXEC ON END

--
-- Inserting data into table dbo.Platforms
--
SET IDENTITY_INSERT dbo.Platforms ON
GO

IF @@ERROR<>0 OR @@TRANCOUNT=0 BEGIN IF @@TRANCOUNT>0 ROLLBACK SET NOEXEC ON END
INSERT dbo.Platforms(Id, PlatformType, NumberOfDoors) VALUES (1, 200, 5)
INSERT dbo.Platforms(Id, PlatformType, NumberOfDoors) VALUES (2, 200, 2)
INSERT dbo.Platforms(Id, PlatformType, NumberOfDoors) VALUES (3, 400, 6)
INSERT dbo.Platforms(Id, PlatformType, NumberOfDoors) VALUES (4, 100, 2)
INSERT dbo.Platforms(Id, PlatformType, NumberOfDoors) VALUES (5, 100, 4)
INSERT dbo.Platforms(Id, PlatformType, NumberOfDoors) VALUES (6, 400, 5)
INSERT dbo.Platforms(Id, PlatformType, NumberOfDoors) VALUES (7, 300, 4)
INSERT dbo.Platforms(Id, PlatformType, NumberOfDoors) VALUES (8, 400, 3)
INSERT dbo.Platforms(Id, PlatformType, NumberOfDoors) VALUES (9, 200, 2)
INSERT dbo.Platforms(Id, PlatformType, NumberOfDoors) VALUES (10, 100, 2)
INSERT dbo.Platforms(Id, PlatformType, NumberOfDoors) VALUES (11, 400, 6)
INSERT dbo.Platforms(Id, PlatformType, NumberOfDoors) VALUES (12, 200, 5)
INSERT dbo.Platforms(Id, PlatformType, NumberOfDoors) VALUES (13, 200, 3)
INSERT dbo.Platforms(Id, PlatformType, NumberOfDoors) VALUES (14, 100, 2)
INSERT dbo.Platforms(Id, PlatformType, NumberOfDoors) VALUES (15, 100, 2)
INSERT dbo.Platforms(Id, PlatformType, NumberOfDoors) VALUES (16, 100, 5)
INSERT dbo.Platforms(Id, PlatformType, NumberOfDoors) VALUES (17, 100, 5)
INSERT dbo.Platforms(Id, PlatformType, NumberOfDoors) VALUES (18, 100, 3)
INSERT dbo.Platforms(Id, PlatformType, NumberOfDoors) VALUES (19, 100, 2)
INSERT dbo.Platforms(Id, PlatformType, NumberOfDoors) VALUES (20, 100, 6)
INSERT dbo.Platforms(Id, PlatformType, NumberOfDoors) VALUES (21, 200, 4)
INSERT dbo.Platforms(Id, PlatformType, NumberOfDoors) VALUES (22, 100, 6)
INSERT dbo.Platforms(Id, PlatformType, NumberOfDoors) VALUES (23, 100, 4)
INSERT dbo.Platforms(Id, PlatformType, NumberOfDoors) VALUES (24, 200, 2)
INSERT dbo.Platforms(Id, PlatformType, NumberOfDoors) VALUES (25, 400, 4)
INSERT dbo.Platforms(Id, PlatformType, NumberOfDoors) VALUES (26, 400, 2)
INSERT dbo.Platforms(Id, PlatformType, NumberOfDoors) VALUES (27, 100, 6)
INSERT dbo.Platforms(Id, PlatformType, NumberOfDoors) VALUES (28, 300, 3)
INSERT dbo.Platforms(Id, PlatformType, NumberOfDoors) VALUES (29, 100, 3)
INSERT dbo.Platforms(Id, PlatformType, NumberOfDoors) VALUES (30, 200, 4)
INSERT dbo.Platforms(Id, PlatformType, NumberOfDoors) VALUES (31, 400, 6)
INSERT dbo.Platforms(Id, PlatformType, NumberOfDoors) VALUES (32, 400, 2)
INSERT dbo.Platforms(Id, PlatformType, NumberOfDoors) VALUES (33, 200, 4)
INSERT dbo.Platforms(Id, PlatformType, NumberOfDoors) VALUES (34, 100, 3)
INSERT dbo.Platforms(Id, PlatformType, NumberOfDoors) VALUES (35, 100, 3)
INSERT dbo.Platforms(Id, PlatformType, NumberOfDoors) VALUES (36, 100, 5)
INSERT dbo.Platforms(Id, PlatformType, NumberOfDoors) VALUES (37, 300, 6)
INSERT dbo.Platforms(Id, PlatformType, NumberOfDoors) VALUES (38, 100, 2)
INSERT dbo.Platforms(Id, PlatformType, NumberOfDoors) VALUES (39, 200, 2)
INSERT dbo.Platforms(Id, PlatformType, NumberOfDoors) VALUES (40, 100, 5)
INSERT dbo.Platforms(Id, PlatformType, NumberOfDoors) VALUES (41, 200, 3)
INSERT dbo.Platforms(Id, PlatformType, NumberOfDoors) VALUES (42, 100, 3)
INSERT dbo.Platforms(Id, PlatformType, NumberOfDoors) VALUES (43, 200, 6)
INSERT dbo.Platforms(Id, PlatformType, NumberOfDoors) VALUES (44, 300, 2)
INSERT dbo.Platforms(Id, PlatformType, NumberOfDoors) VALUES (45, 300, 4)
INSERT dbo.Platforms(Id, PlatformType, NumberOfDoors) VALUES (46, 100, 4)
INSERT dbo.Platforms(Id, PlatformType, NumberOfDoors) VALUES (47, 300, 2)
INSERT dbo.Platforms(Id, PlatformType, NumberOfDoors) VALUES (48, 200, 5)
INSERT dbo.Platforms(Id, PlatformType, NumberOfDoors) VALUES (49, 200, 3)
INSERT dbo.Platforms(Id, PlatformType, NumberOfDoors) VALUES (50, 400, 6)
INSERT dbo.Platforms(Id, PlatformType, NumberOfDoors) VALUES (51, 400, 3)
INSERT dbo.Platforms(Id, PlatformType, NumberOfDoors) VALUES (52, 200, 3)
INSERT dbo.Platforms(Id, PlatformType, NumberOfDoors) VALUES (53, 100, 6)
INSERT dbo.Platforms(Id, PlatformType, NumberOfDoors) VALUES (54, 100, 2)
INSERT dbo.Platforms(Id, PlatformType, NumberOfDoors) VALUES (55, 300, 3)
INSERT dbo.Platforms(Id, PlatformType, NumberOfDoors) VALUES (56, 200, 3)
INSERT dbo.Platforms(Id, PlatformType, NumberOfDoors) VALUES (57, 200, 2)
INSERT dbo.Platforms(Id, PlatformType, NumberOfDoors) VALUES (58, 100, 2)
INSERT dbo.Platforms(Id, PlatformType, NumberOfDoors) VALUES (59, 100, 5)
INSERT dbo.Platforms(Id, PlatformType, NumberOfDoors) VALUES (60, 100, 4)
INSERT dbo.Platforms(Id, PlatformType, NumberOfDoors) VALUES (61, 300, 3)
INSERT dbo.Platforms(Id, PlatformType, NumberOfDoors) VALUES (62, 400, 4)
INSERT dbo.Platforms(Id, PlatformType, NumberOfDoors) VALUES (63, 300, 2)
INSERT dbo.Platforms(Id, PlatformType, NumberOfDoors) VALUES (64, 100, 5)
INSERT dbo.Platforms(Id, PlatformType, NumberOfDoors) VALUES (65, 100, 4)
INSERT dbo.Platforms(Id, PlatformType, NumberOfDoors) VALUES (66, 400, 3)
INSERT dbo.Platforms(Id, PlatformType, NumberOfDoors) VALUES (67, 100, 3)
INSERT dbo.Platforms(Id, PlatformType, NumberOfDoors) VALUES (68, 100, 2)
INSERT dbo.Platforms(Id, PlatformType, NumberOfDoors) VALUES (69, 100, 3)
INSERT dbo.Platforms(Id, PlatformType, NumberOfDoors) VALUES (70, 300, 5)
INSERT dbo.Platforms(Id, PlatformType, NumberOfDoors) VALUES (71, 100, 2)
INSERT dbo.Platforms(Id, PlatformType, NumberOfDoors) VALUES (72, 100, 2)
INSERT dbo.Platforms(Id, PlatformType, NumberOfDoors) VALUES (73, 200, 6)
INSERT dbo.Platforms(Id, PlatformType, NumberOfDoors) VALUES (74, 300, 2)
INSERT dbo.Platforms(Id, PlatformType, NumberOfDoors) VALUES (75, 400, 2)
INSERT dbo.Platforms(Id, PlatformType, NumberOfDoors) VALUES (76, 100, 4)
INSERT dbo.Platforms(Id, PlatformType, NumberOfDoors) VALUES (77, 200, 3)
INSERT dbo.Platforms(Id, PlatformType, NumberOfDoors) VALUES (78, 200, 3)
INSERT dbo.Platforms(Id, PlatformType, NumberOfDoors) VALUES (79, 300, 6)
INSERT dbo.Platforms(Id, PlatformType, NumberOfDoors) VALUES (80, 300, 5)
INSERT dbo.Platforms(Id, PlatformType, NumberOfDoors) VALUES (81, 100, 5)
INSERT dbo.Platforms(Id, PlatformType, NumberOfDoors) VALUES (82, 200, 3)
INSERT dbo.Platforms(Id, PlatformType, NumberOfDoors) VALUES (83, 100, 6)
INSERT dbo.Platforms(Id, PlatformType, NumberOfDoors) VALUES (84, 100, 4)
INSERT dbo.Platforms(Id, PlatformType, NumberOfDoors) VALUES (85, 200, 2)
INSERT dbo.Platforms(Id, PlatformType, NumberOfDoors) VALUES (86, 100, 2)
INSERT dbo.Platforms(Id, PlatformType, NumberOfDoors) VALUES (87, 300, 2)
INSERT dbo.Platforms(Id, PlatformType, NumberOfDoors) VALUES (88, 100, 2)
INSERT dbo.Platforms(Id, PlatformType, NumberOfDoors) VALUES (89, 200, 4)
INSERT dbo.Platforms(Id, PlatformType, NumberOfDoors) VALUES (90, 300, 3)
INSERT dbo.Platforms(Id, PlatformType, NumberOfDoors) VALUES (91, 400, 2)
INSERT dbo.Platforms(Id, PlatformType, NumberOfDoors) VALUES (92, 200, 2)
INSERT dbo.Platforms(Id, PlatformType, NumberOfDoors) VALUES (93, 400, 5)
INSERT dbo.Platforms(Id, PlatformType, NumberOfDoors) VALUES (94, 100, 4)
INSERT dbo.Platforms(Id, PlatformType, NumberOfDoors) VALUES (95, 200, 3)
INSERT dbo.Platforms(Id, PlatformType, NumberOfDoors) VALUES (96, 200, 5)
INSERT dbo.Platforms(Id, PlatformType, NumberOfDoors) VALUES (97, 200, 6)
INSERT dbo.Platforms(Id, PlatformType, NumberOfDoors) VALUES (98, 200, 3)
INSERT dbo.Platforms(Id, PlatformType, NumberOfDoors) VALUES (99, 200, 4)
INSERT dbo.Platforms(Id, PlatformType, NumberOfDoors) VALUES (100, 300, 3)
INSERT dbo.Platforms(Id, PlatformType, NumberOfDoors) VALUES (101, 100, 6)
INSERT dbo.Platforms(Id, PlatformType, NumberOfDoors) VALUES (102, 200, 3)
INSERT dbo.Platforms(Id, PlatformType, NumberOfDoors) VALUES (103, 200, 3)
INSERT dbo.Platforms(Id, PlatformType, NumberOfDoors) VALUES (104, 200, 3)
INSERT dbo.Platforms(Id, PlatformType, NumberOfDoors) VALUES (105, 200, 3)
INSERT dbo.Platforms(Id, PlatformType, NumberOfDoors) VALUES (106, 400, 6)
INSERT dbo.Platforms(Id, PlatformType, NumberOfDoors) VALUES (107, 100, 5)
INSERT dbo.Platforms(Id, PlatformType, NumberOfDoors) VALUES (108, 100, 2)
INSERT dbo.Platforms(Id, PlatformType, NumberOfDoors) VALUES (109, 100, 4)
INSERT dbo.Platforms(Id, PlatformType, NumberOfDoors) VALUES (110, 200, 5)
INSERT dbo.Platforms(Id, PlatformType, NumberOfDoors) VALUES (111, 400, 2)
INSERT dbo.Platforms(Id, PlatformType, NumberOfDoors) VALUES (112, 400, 3)
INSERT dbo.Platforms(Id, PlatformType, NumberOfDoors) VALUES (113, 200, 2)
INSERT dbo.Platforms(Id, PlatformType, NumberOfDoors) VALUES (114, 200, 4)
INSERT dbo.Platforms(Id, PlatformType, NumberOfDoors) VALUES (115, 100, 4)
INSERT dbo.Platforms(Id, PlatformType, NumberOfDoors) VALUES (116, 100, 2)
INSERT dbo.Platforms(Id, PlatformType, NumberOfDoors) VALUES (117, 200, 4)
INSERT dbo.Platforms(Id, PlatformType, NumberOfDoors) VALUES (118, 200, 4)
INSERT dbo.Platforms(Id, PlatformType, NumberOfDoors) VALUES (119, 100, 4)
INSERT dbo.Platforms(Id, PlatformType, NumberOfDoors) VALUES (120, 300, 2)
INSERT dbo.Platforms(Id, PlatformType, NumberOfDoors) VALUES (121, 100, 2)
INSERT dbo.Platforms(Id, PlatformType, NumberOfDoors) VALUES (122, 300, 4)
INSERT dbo.Platforms(Id, PlatformType, NumberOfDoors) VALUES (123, 300, 3)
INSERT dbo.Platforms(Id, PlatformType, NumberOfDoors) VALUES (124, 100, 3)
INSERT dbo.Platforms(Id, PlatformType, NumberOfDoors) VALUES (125, 400, 2)
INSERT dbo.Platforms(Id, PlatformType, NumberOfDoors) VALUES (126, 300, 3)
INSERT dbo.Platforms(Id, PlatformType, NumberOfDoors) VALUES (127, 100, 2)
INSERT dbo.Platforms(Id, PlatformType, NumberOfDoors) VALUES (128, 100, 5)
INSERT dbo.Platforms(Id, PlatformType, NumberOfDoors) VALUES (129, 100, 6)
INSERT dbo.Platforms(Id, PlatformType, NumberOfDoors) VALUES (130, 100, 6)
INSERT dbo.Platforms(Id, PlatformType, NumberOfDoors) VALUES (131, 300, 5)
INSERT dbo.Platforms(Id, PlatformType, NumberOfDoors) VALUES (132, 400, 4)
INSERT dbo.Platforms(Id, PlatformType, NumberOfDoors) VALUES (133, 300, 2)
INSERT dbo.Platforms(Id, PlatformType, NumberOfDoors) VALUES (134, 100, 4)
INSERT dbo.Platforms(Id, PlatformType, NumberOfDoors) VALUES (135, 200, 4)
INSERT dbo.Platforms(Id, PlatformType, NumberOfDoors) VALUES (136, 200, 3)
INSERT dbo.Platforms(Id, PlatformType, NumberOfDoors) VALUES (137, 400, 3)
INSERT dbo.Platforms(Id, PlatformType, NumberOfDoors) VALUES (138, 200, 6)
INSERT dbo.Platforms(Id, PlatformType, NumberOfDoors) VALUES (139, 200, 2)
INSERT dbo.Platforms(Id, PlatformType, NumberOfDoors) VALUES (140, 300, 2)
INSERT dbo.Platforms(Id, PlatformType, NumberOfDoors) VALUES (141, 100, 4)
INSERT dbo.Platforms(Id, PlatformType, NumberOfDoors) VALUES (142, 200, 5)
INSERT dbo.Platforms(Id, PlatformType, NumberOfDoors) VALUES (143, 100, 6)
INSERT dbo.Platforms(Id, PlatformType, NumberOfDoors) VALUES (144, 400, 2)
INSERT dbo.Platforms(Id, PlatformType, NumberOfDoors) VALUES (145, 300, 3)
INSERT dbo.Platforms(Id, PlatformType, NumberOfDoors) VALUES (146, 400, 4)
INSERT dbo.Platforms(Id, PlatformType, NumberOfDoors) VALUES (147, 100, 3)
INSERT dbo.Platforms(Id, PlatformType, NumberOfDoors) VALUES (148, 100, 6)
INSERT dbo.Platforms(Id, PlatformType, NumberOfDoors) VALUES (149, 100, 5)
INSERT dbo.Platforms(Id, PlatformType, NumberOfDoors) VALUES (150, 100, 4)
INSERT dbo.Platforms(Id, PlatformType, NumberOfDoors) VALUES (151, 400, 2)
INSERT dbo.Platforms(Id, PlatformType, NumberOfDoors) VALUES (152, 400, 5)
INSERT dbo.Platforms(Id, PlatformType, NumberOfDoors) VALUES (153, 100, 6)
INSERT dbo.Platforms(Id, PlatformType, NumberOfDoors) VALUES (154, 400, 5)
INSERT dbo.Platforms(Id, PlatformType, NumberOfDoors) VALUES (155, 200, 2)
INSERT dbo.Platforms(Id, PlatformType, NumberOfDoors) VALUES (156, 200, 2)
INSERT dbo.Platforms(Id, PlatformType, NumberOfDoors) VALUES (157, 300, 3)
INSERT dbo.Platforms(Id, PlatformType, NumberOfDoors) VALUES (158, 100, 2)
INSERT dbo.Platforms(Id, PlatformType, NumberOfDoors) VALUES (159, 300, 4)
INSERT dbo.Platforms(Id, PlatformType, NumberOfDoors) VALUES (160, 300, 6)
INSERT dbo.Platforms(Id, PlatformType, NumberOfDoors) VALUES (161, 200, 2)
INSERT dbo.Platforms(Id, PlatformType, NumberOfDoors) VALUES (162, 400, 6)
INSERT dbo.Platforms(Id, PlatformType, NumberOfDoors) VALUES (163, 100, 2)
INSERT dbo.Platforms(Id, PlatformType, NumberOfDoors) VALUES (164, 400, 5)
INSERT dbo.Platforms(Id, PlatformType, NumberOfDoors) VALUES (165, 400, 2)
INSERT dbo.Platforms(Id, PlatformType, NumberOfDoors) VALUES (166, 100, 5)
INSERT dbo.Platforms(Id, PlatformType, NumberOfDoors) VALUES (167, 100, 3)
INSERT dbo.Platforms(Id, PlatformType, NumberOfDoors) VALUES (168, 200, 2)
INSERT dbo.Platforms(Id, PlatformType, NumberOfDoors) VALUES (169, 100, 5)
INSERT dbo.Platforms(Id, PlatformType, NumberOfDoors) VALUES (170, 200, 5)
INSERT dbo.Platforms(Id, PlatformType, NumberOfDoors) VALUES (171, 200, 3)
INSERT dbo.Platforms(Id, PlatformType, NumberOfDoors) VALUES (172, 400, 2)
INSERT dbo.Platforms(Id, PlatformType, NumberOfDoors) VALUES (173, 100, 4)
INSERT dbo.Platforms(Id, PlatformType, NumberOfDoors) VALUES (174, 200, 2)
INSERT dbo.Platforms(Id, PlatformType, NumberOfDoors) VALUES (175, 100, 4)
INSERT dbo.Platforms(Id, PlatformType, NumberOfDoors) VALUES (176, 300, 3)
INSERT dbo.Platforms(Id, PlatformType, NumberOfDoors) VALUES (177, 200, 5)
INSERT dbo.Platforms(Id, PlatformType, NumberOfDoors) VALUES (178, 300, 2)
INSERT dbo.Platforms(Id, PlatformType, NumberOfDoors) VALUES (179, 200, 4)
INSERT dbo.Platforms(Id, PlatformType, NumberOfDoors) VALUES (180, 400, 5)
INSERT dbo.Platforms(Id, PlatformType, NumberOfDoors) VALUES (181, 300, 2)
INSERT dbo.Platforms(Id, PlatformType, NumberOfDoors) VALUES (182, 400, 4)
INSERT dbo.Platforms(Id, PlatformType, NumberOfDoors) VALUES (183, 300, 3)
INSERT dbo.Platforms(Id, PlatformType, NumberOfDoors) VALUES (184, 400, 2)
INSERT dbo.Platforms(Id, PlatformType, NumberOfDoors) VALUES (185, 200, 4)
INSERT dbo.Platforms(Id, PlatformType, NumberOfDoors) VALUES (186, 400, 2)
INSERT dbo.Platforms(Id, PlatformType, NumberOfDoors) VALUES (187, 400, 2)
INSERT dbo.Platforms(Id, PlatformType, NumberOfDoors) VALUES (188, 300, 2)
INSERT dbo.Platforms(Id, PlatformType, NumberOfDoors) VALUES (189, 200, 5)
INSERT dbo.Platforms(Id, PlatformType, NumberOfDoors) VALUES (190, 100, 4)
INSERT dbo.Platforms(Id, PlatformType, NumberOfDoors) VALUES (191, 400, 5)
INSERT dbo.Platforms(Id, PlatformType, NumberOfDoors) VALUES (192, 200, 2)
INSERT dbo.Platforms(Id, PlatformType, NumberOfDoors) VALUES (193, 400, 4)
INSERT dbo.Platforms(Id, PlatformType, NumberOfDoors) VALUES (194, 400, 5)
INSERT dbo.Platforms(Id, PlatformType, NumberOfDoors) VALUES (195, 100, 5)
INSERT dbo.Platforms(Id, PlatformType, NumberOfDoors) VALUES (196, 100, 3)
INSERT dbo.Platforms(Id, PlatformType, NumberOfDoors) VALUES (197, 100, 2)
INSERT dbo.Platforms(Id, PlatformType, NumberOfDoors) VALUES (198, 100, 2)
INSERT dbo.Platforms(Id, PlatformType, NumberOfDoors) VALUES (199, 100, 3)
INSERT dbo.Platforms(Id, PlatformType, NumberOfDoors) VALUES (200, 200, 5)
INSERT dbo.Platforms(Id, PlatformType, NumberOfDoors) VALUES (201, 300, 2)
INSERT dbo.Platforms(Id, PlatformType, NumberOfDoors) VALUES (202, 200, 2)
INSERT dbo.Platforms(Id, PlatformType, NumberOfDoors) VALUES (203, 100, 5)
INSERT dbo.Platforms(Id, PlatformType, NumberOfDoors) VALUES (204, 400, 4)
INSERT dbo.Platforms(Id, PlatformType, NumberOfDoors) VALUES (205, 200, 2)
INSERT dbo.Platforms(Id, PlatformType, NumberOfDoors) VALUES (206, 400, 2)
INSERT dbo.Platforms(Id, PlatformType, NumberOfDoors) VALUES (207, 400, 2)
INSERT dbo.Platforms(Id, PlatformType, NumberOfDoors) VALUES (208, 200, 6)
INSERT dbo.Platforms(Id, PlatformType, NumberOfDoors) VALUES (209, 200, 5)
INSERT dbo.Platforms(Id, PlatformType, NumberOfDoors) VALUES (210, 400, 3)
INSERT dbo.Platforms(Id, PlatformType, NumberOfDoors) VALUES (211, 400, 3)
INSERT dbo.Platforms(Id, PlatformType, NumberOfDoors) VALUES (212, 400, 2)
INSERT dbo.Platforms(Id, PlatformType, NumberOfDoors) VALUES (213, 200, 3)
INSERT dbo.Platforms(Id, PlatformType, NumberOfDoors) VALUES (214, 300, 2)
INSERT dbo.Platforms(Id, PlatformType, NumberOfDoors) VALUES (215, 400, 6)
INSERT dbo.Platforms(Id, PlatformType, NumberOfDoors) VALUES (216, 300, 5)
INSERT dbo.Platforms(Id, PlatformType, NumberOfDoors) VALUES (217, 100, 5)
INSERT dbo.Platforms(Id, PlatformType, NumberOfDoors) VALUES (218, 100, 2)
INSERT dbo.Platforms(Id, PlatformType, NumberOfDoors) VALUES (219, 100, 2)
INSERT dbo.Platforms(Id, PlatformType, NumberOfDoors) VALUES (220, 100, 4)
INSERT dbo.Platforms(Id, PlatformType, NumberOfDoors) VALUES (221, 100, 3)
INSERT dbo.Platforms(Id, PlatformType, NumberOfDoors) VALUES (222, 200, 2)
INSERT dbo.Platforms(Id, PlatformType, NumberOfDoors) VALUES (223, 400, 5)
INSERT dbo.Platforms(Id, PlatformType, NumberOfDoors) VALUES (224, 400, 2)
INSERT dbo.Platforms(Id, PlatformType, NumberOfDoors) VALUES (225, 200, 5)
INSERT dbo.Platforms(Id, PlatformType, NumberOfDoors) VALUES (226, 400, 6)
INSERT dbo.Platforms(Id, PlatformType, NumberOfDoors) VALUES (227, 100, 6)
INSERT dbo.Platforms(Id, PlatformType, NumberOfDoors) VALUES (228, 100, 5)
INSERT dbo.Platforms(Id, PlatformType, NumberOfDoors) VALUES (229, 200, 3)
INSERT dbo.Platforms(Id, PlatformType, NumberOfDoors) VALUES (230, 100, 4)
INSERT dbo.Platforms(Id, PlatformType, NumberOfDoors) VALUES (231, 200, 3)
INSERT dbo.Platforms(Id, PlatformType, NumberOfDoors) VALUES (232, 100, 3)
INSERT dbo.Platforms(Id, PlatformType, NumberOfDoors) VALUES (233, 300, 6)
INSERT dbo.Platforms(Id, PlatformType, NumberOfDoors) VALUES (234, 400, 2)
INSERT dbo.Platforms(Id, PlatformType, NumberOfDoors) VALUES (235, 100, 2)
INSERT dbo.Platforms(Id, PlatformType, NumberOfDoors) VALUES (236, 100, 5)
INSERT dbo.Platforms(Id, PlatformType, NumberOfDoors) VALUES (237, 300, 5)
INSERT dbo.Platforms(Id, PlatformType, NumberOfDoors) VALUES (238, 400, 4)
INSERT dbo.Platforms(Id, PlatformType, NumberOfDoors) VALUES (239, 100, 4)
INSERT dbo.Platforms(Id, PlatformType, NumberOfDoors) VALUES (240, 300, 5)
INSERT dbo.Platforms(Id, PlatformType, NumberOfDoors) VALUES (241, 400, 2)
INSERT dbo.Platforms(Id, PlatformType, NumberOfDoors) VALUES (242, 100, 6)
INSERT dbo.Platforms(Id, PlatformType, NumberOfDoors) VALUES (243, 100, 3)
INSERT dbo.Platforms(Id, PlatformType, NumberOfDoors) VALUES (244, 200, 3)
INSERT dbo.Platforms(Id, PlatformType, NumberOfDoors) VALUES (245, 100, 2)
INSERT dbo.Platforms(Id, PlatformType, NumberOfDoors) VALUES (246, 400, 4)
INSERT dbo.Platforms(Id, PlatformType, NumberOfDoors) VALUES (247, 400, 2)
INSERT dbo.Platforms(Id, PlatformType, NumberOfDoors) VALUES (248, 100, 6)
INSERT dbo.Platforms(Id, PlatformType, NumberOfDoors) VALUES (249, 400, 5)
INSERT dbo.Platforms(Id, PlatformType, NumberOfDoors) VALUES (250, 200, 6)
INSERT dbo.Platforms(Id, PlatformType, NumberOfDoors) VALUES (251, 100, 3)
INSERT dbo.Platforms(Id, PlatformType, NumberOfDoors) VALUES (252, 400, 4)
INSERT dbo.Platforms(Id, PlatformType, NumberOfDoors) VALUES (253, 300, 2)
INSERT dbo.Platforms(Id, PlatformType, NumberOfDoors) VALUES (254, 100, 6)
INSERT dbo.Platforms(Id, PlatformType, NumberOfDoors) VALUES (255, 200, 2)
INSERT dbo.Platforms(Id, PlatformType, NumberOfDoors) VALUES (256, 100, 2)
INSERT dbo.Platforms(Id, PlatformType, NumberOfDoors) VALUES (257, 200, 3)
INSERT dbo.Platforms(Id, PlatformType, NumberOfDoors) VALUES (258, 100, 5)
INSERT dbo.Platforms(Id, PlatformType, NumberOfDoors) VALUES (259, 100, 5)
INSERT dbo.Platforms(Id, PlatformType, NumberOfDoors) VALUES (260, 300, 2)
INSERT dbo.Platforms(Id, PlatformType, NumberOfDoors) VALUES (261, 300, 6)
INSERT dbo.Platforms(Id, PlatformType, NumberOfDoors) VALUES (262, 300, 4)
INSERT dbo.Platforms(Id, PlatformType, NumberOfDoors) VALUES (263, 100, 4)
INSERT dbo.Platforms(Id, PlatformType, NumberOfDoors) VALUES (264, 200, 2)
INSERT dbo.Platforms(Id, PlatformType, NumberOfDoors) VALUES (265, 100, 2)
INSERT dbo.Platforms(Id, PlatformType, NumberOfDoors) VALUES (266, 200, 2)
INSERT dbo.Platforms(Id, PlatformType, NumberOfDoors) VALUES (267, 100, 6)
INSERT dbo.Platforms(Id, PlatformType, NumberOfDoors) VALUES (268, 200, 4)
INSERT dbo.Platforms(Id, PlatformType, NumberOfDoors) VALUES (269, 200, 4)
INSERT dbo.Platforms(Id, PlatformType, NumberOfDoors) VALUES (270, 300, 2)
INSERT dbo.Platforms(Id, PlatformType, NumberOfDoors) VALUES (271, 400, 2)
INSERT dbo.Platforms(Id, PlatformType, NumberOfDoors) VALUES (272, 100, 2)
INSERT dbo.Platforms(Id, PlatformType, NumberOfDoors) VALUES (273, 400, 3)
INSERT dbo.Platforms(Id, PlatformType, NumberOfDoors) VALUES (274, 300, 3)
INSERT dbo.Platforms(Id, PlatformType, NumberOfDoors) VALUES (275, 100, 5)
INSERT dbo.Platforms(Id, PlatformType, NumberOfDoors) VALUES (276, 400, 2)
INSERT dbo.Platforms(Id, PlatformType, NumberOfDoors) VALUES (277, 100, 4)
INSERT dbo.Platforms(Id, PlatformType, NumberOfDoors) VALUES (278, 100, 2)
INSERT dbo.Platforms(Id, PlatformType, NumberOfDoors) VALUES (279, 200, 4)
INSERT dbo.Platforms(Id, PlatformType, NumberOfDoors) VALUES (280, 300, 5)
INSERT dbo.Platforms(Id, PlatformType, NumberOfDoors) VALUES (281, 400, 6)
INSERT dbo.Platforms(Id, PlatformType, NumberOfDoors) VALUES (282, 100, 3)
INSERT dbo.Platforms(Id, PlatformType, NumberOfDoors) VALUES (283, 100, 3)
INSERT dbo.Platforms(Id, PlatformType, NumberOfDoors) VALUES (284, 400, 6)
INSERT dbo.Platforms(Id, PlatformType, NumberOfDoors) VALUES (285, 400, 4)
INSERT dbo.Platforms(Id, PlatformType, NumberOfDoors) VALUES (286, 200, 3)
INSERT dbo.Platforms(Id, PlatformType, NumberOfDoors) VALUES (287, 200, 3)
INSERT dbo.Platforms(Id, PlatformType, NumberOfDoors) VALUES (288, 300, 6)
INSERT dbo.Platforms(Id, PlatformType, NumberOfDoors) VALUES (289, 200, 6)
INSERT dbo.Platforms(Id, PlatformType, NumberOfDoors) VALUES (290, 100, 4)
INSERT dbo.Platforms(Id, PlatformType, NumberOfDoors) VALUES (291, 200, 2)
INSERT dbo.Platforms(Id, PlatformType, NumberOfDoors) VALUES (292, 200, 5)
INSERT dbo.Platforms(Id, PlatformType, NumberOfDoors) VALUES (293, 200, 3)
INSERT dbo.Platforms(Id, PlatformType, NumberOfDoors) VALUES (294, 200, 2)
INSERT dbo.Platforms(Id, PlatformType, NumberOfDoors) VALUES (295, 400, 3)
INSERT dbo.Platforms(Id, PlatformType, NumberOfDoors) VALUES (296, 100, 2)
INSERT dbo.Platforms(Id, PlatformType, NumberOfDoors) VALUES (297, 100, 3)
INSERT dbo.Platforms(Id, PlatformType, NumberOfDoors) VALUES (298, 200, 6)
INSERT dbo.Platforms(Id, PlatformType, NumberOfDoors) VALUES (299, 100, 4)
INSERT dbo.Platforms(Id, PlatformType, NumberOfDoors) VALUES (300, 300, 4)
INSERT dbo.Platforms(Id, PlatformType, NumberOfDoors) VALUES (301, 200, 5)
INSERT dbo.Platforms(Id, PlatformType, NumberOfDoors) VALUES (302, 100, 3)
INSERT dbo.Platforms(Id, PlatformType, NumberOfDoors) VALUES (303, 200, 5)
INSERT dbo.Platforms(Id, PlatformType, NumberOfDoors) VALUES (304, 100, 2)
INSERT dbo.Platforms(Id, PlatformType, NumberOfDoors) VALUES (305, 200, 3)
INSERT dbo.Platforms(Id, PlatformType, NumberOfDoors) VALUES (306, 300, 4)
INSERT dbo.Platforms(Id, PlatformType, NumberOfDoors) VALUES (307, 100, 2)
INSERT dbo.Platforms(Id, PlatformType, NumberOfDoors) VALUES (308, 100, 2)
INSERT dbo.Platforms(Id, PlatformType, NumberOfDoors) VALUES (309, 100, 4)
INSERT dbo.Platforms(Id, PlatformType, NumberOfDoors) VALUES (310, 200, 4)
INSERT dbo.Platforms(Id, PlatformType, NumberOfDoors) VALUES (311, 400, 3)
INSERT dbo.Platforms(Id, PlatformType, NumberOfDoors) VALUES (312, 100, 2)
INSERT dbo.Platforms(Id, PlatformType, NumberOfDoors) VALUES (313, 200, 5)
INSERT dbo.Platforms(Id, PlatformType, NumberOfDoors) VALUES (314, 200, 2)
INSERT dbo.Platforms(Id, PlatformType, NumberOfDoors) VALUES (315, 300, 2)
INSERT dbo.Platforms(Id, PlatformType, NumberOfDoors) VALUES (316, 200, 5)
INSERT dbo.Platforms(Id, PlatformType, NumberOfDoors) VALUES (317, 100, 3)
INSERT dbo.Platforms(Id, PlatformType, NumberOfDoors) VALUES (318, 100, 5)
INSERT dbo.Platforms(Id, PlatformType, NumberOfDoors) VALUES (319, 300, 4)
INSERT dbo.Platforms(Id, PlatformType, NumberOfDoors) VALUES (320, 300, 2)
INSERT dbo.Platforms(Id, PlatformType, NumberOfDoors) VALUES (321, 400, 2)
INSERT dbo.Platforms(Id, PlatformType, NumberOfDoors) VALUES (322, 200, 6)
INSERT dbo.Platforms(Id, PlatformType, NumberOfDoors) VALUES (323, 100, 2)
INSERT dbo.Platforms(Id, PlatformType, NumberOfDoors) VALUES (324, 100, 6)
INSERT dbo.Platforms(Id, PlatformType, NumberOfDoors) VALUES (325, 100, 3)
INSERT dbo.Platforms(Id, PlatformType, NumberOfDoors) VALUES (326, 200, 2)
INSERT dbo.Platforms(Id, PlatformType, NumberOfDoors) VALUES (327, 300, 5)
INSERT dbo.Platforms(Id, PlatformType, NumberOfDoors) VALUES (328, 100, 5)
INSERT dbo.Platforms(Id, PlatformType, NumberOfDoors) VALUES (329, 300, 6)
INSERT dbo.Platforms(Id, PlatformType, NumberOfDoors) VALUES (330, 300, 2)
INSERT dbo.Platforms(Id, PlatformType, NumberOfDoors) VALUES (331, 200, 6)
INSERT dbo.Platforms(Id, PlatformType, NumberOfDoors) VALUES (332, 300, 6)
INSERT dbo.Platforms(Id, PlatformType, NumberOfDoors) VALUES (333, 100, 4)
INSERT dbo.Platforms(Id, PlatformType, NumberOfDoors) VALUES (334, 400, 4)
INSERT dbo.Platforms(Id, PlatformType, NumberOfDoors) VALUES (335, 100, 4)
INSERT dbo.Platforms(Id, PlatformType, NumberOfDoors) VALUES (336, 200, 6)
INSERT dbo.Platforms(Id, PlatformType, NumberOfDoors) VALUES (337, 200, 3)
INSERT dbo.Platforms(Id, PlatformType, NumberOfDoors) VALUES (338, 100, 6)
INSERT dbo.Platforms(Id, PlatformType, NumberOfDoors) VALUES (339, 100, 3)
INSERT dbo.Platforms(Id, PlatformType, NumberOfDoors) VALUES (340, 100, 5)
INSERT dbo.Platforms(Id, PlatformType, NumberOfDoors) VALUES (341, 200, 2)
INSERT dbo.Platforms(Id, PlatformType, NumberOfDoors) VALUES (342, 100, 3)
INSERT dbo.Platforms(Id, PlatformType, NumberOfDoors) VALUES (343, 300, 2)
INSERT dbo.Platforms(Id, PlatformType, NumberOfDoors) VALUES (344, 400, 6)
INSERT dbo.Platforms(Id, PlatformType, NumberOfDoors) VALUES (345, 100, 4)
INSERT dbo.Platforms(Id, PlatformType, NumberOfDoors) VALUES (346, 100, 2)
INSERT dbo.Platforms(Id, PlatformType, NumberOfDoors) VALUES (347, 300, 4)
INSERT dbo.Platforms(Id, PlatformType, NumberOfDoors) VALUES (348, 400, 3)
INSERT dbo.Platforms(Id, PlatformType, NumberOfDoors) VALUES (349, 400, 2)
INSERT dbo.Platforms(Id, PlatformType, NumberOfDoors) VALUES (350, 100, 5)
INSERT dbo.Platforms(Id, PlatformType, NumberOfDoors) VALUES (351, 400, 2)
INSERT dbo.Platforms(Id, PlatformType, NumberOfDoors) VALUES (352, 100, 2)
INSERT dbo.Platforms(Id, PlatformType, NumberOfDoors) VALUES (353, 400, 4)
INSERT dbo.Platforms(Id, PlatformType, NumberOfDoors) VALUES (354, 200, 6)
INSERT dbo.Platforms(Id, PlatformType, NumberOfDoors) VALUES (355, 400, 5)
INSERT dbo.Platforms(Id, PlatformType, NumberOfDoors) VALUES (356, 100, 5)
INSERT dbo.Platforms(Id, PlatformType, NumberOfDoors) VALUES (357, 100, 5)
INSERT dbo.Platforms(Id, PlatformType, NumberOfDoors) VALUES (358, 100, 4)
INSERT dbo.Platforms(Id, PlatformType, NumberOfDoors) VALUES (359, 300, 3)
INSERT dbo.Platforms(Id, PlatformType, NumberOfDoors) VALUES (360, 100, 5)
INSERT dbo.Platforms(Id, PlatformType, NumberOfDoors) VALUES (361, 100, 2)
INSERT dbo.Platforms(Id, PlatformType, NumberOfDoors) VALUES (362, 300, 5)
INSERT dbo.Platforms(Id, PlatformType, NumberOfDoors) VALUES (363, 200, 2)
INSERT dbo.Platforms(Id, PlatformType, NumberOfDoors) VALUES (364, 100, 5)
INSERT dbo.Platforms(Id, PlatformType, NumberOfDoors) VALUES (365, 400, 6)
INSERT dbo.Platforms(Id, PlatformType, NumberOfDoors) VALUES (366, 100, 4)
INSERT dbo.Platforms(Id, PlatformType, NumberOfDoors) VALUES (367, 100, 4)
INSERT dbo.Platforms(Id, PlatformType, NumberOfDoors) VALUES (368, 300, 5)
INSERT dbo.Platforms(Id, PlatformType, NumberOfDoors) VALUES (369, 200, 5)
INSERT dbo.Platforms(Id, PlatformType, NumberOfDoors) VALUES (370, 100, 2)
INSERT dbo.Platforms(Id, PlatformType, NumberOfDoors) VALUES (371, 100, 6)
INSERT dbo.Platforms(Id, PlatformType, NumberOfDoors) VALUES (372, 100, 3)
INSERT dbo.Platforms(Id, PlatformType, NumberOfDoors) VALUES (373, 300, 2)
INSERT dbo.Platforms(Id, PlatformType, NumberOfDoors) VALUES (374, 200, 4)
INSERT dbo.Platforms(Id, PlatformType, NumberOfDoors) VALUES (375, 100, 2)
INSERT dbo.Platforms(Id, PlatformType, NumberOfDoors) VALUES (376, 200, 3)
INSERT dbo.Platforms(Id, PlatformType, NumberOfDoors) VALUES (377, 400, 4)
INSERT dbo.Platforms(Id, PlatformType, NumberOfDoors) VALUES (378, 100, 3)
INSERT dbo.Platforms(Id, PlatformType, NumberOfDoors) VALUES (379, 100, 5)
INSERT dbo.Platforms(Id, PlatformType, NumberOfDoors) VALUES (380, 100, 3)
INSERT dbo.Platforms(Id, PlatformType, NumberOfDoors) VALUES (381, 200, 2)
INSERT dbo.Platforms(Id, PlatformType, NumberOfDoors) VALUES (382, 300, 3)
INSERT dbo.Platforms(Id, PlatformType, NumberOfDoors) VALUES (383, 100, 4)
INSERT dbo.Platforms(Id, PlatformType, NumberOfDoors) VALUES (384, 100, 2)
INSERT dbo.Platforms(Id, PlatformType, NumberOfDoors) VALUES (385, 300, 3)
INSERT dbo.Platforms(Id, PlatformType, NumberOfDoors) VALUES (386, 200, 6)
INSERT dbo.Platforms(Id, PlatformType, NumberOfDoors) VALUES (387, 400, 5)
INSERT dbo.Platforms(Id, PlatformType, NumberOfDoors) VALUES (388, 200, 3)
INSERT dbo.Platforms(Id, PlatformType, NumberOfDoors) VALUES (389, 400, 2)
INSERT dbo.Platforms(Id, PlatformType, NumberOfDoors) VALUES (390, 400, 3)
INSERT dbo.Platforms(Id, PlatformType, NumberOfDoors) VALUES (391, 100, 5)
INSERT dbo.Platforms(Id, PlatformType, NumberOfDoors) VALUES (392, 100, 2)
INSERT dbo.Platforms(Id, PlatformType, NumberOfDoors) VALUES (393, 200, 6)
INSERT dbo.Platforms(Id, PlatformType, NumberOfDoors) VALUES (394, 100, 6)
INSERT dbo.Platforms(Id, PlatformType, NumberOfDoors) VALUES (395, 400, 4)
INSERT dbo.Platforms(Id, PlatformType, NumberOfDoors) VALUES (396, 200, 5)
INSERT dbo.Platforms(Id, PlatformType, NumberOfDoors) VALUES (397, 400, 3)
INSERT dbo.Platforms(Id, PlatformType, NumberOfDoors) VALUES (398, 100, 3)
INSERT dbo.Platforms(Id, PlatformType, NumberOfDoors) VALUES (399, 400, 4)
INSERT dbo.Platforms(Id, PlatformType, NumberOfDoors) VALUES (400, 400, 2)
INSERT dbo.Platforms(Id, PlatformType, NumberOfDoors) VALUES (401, 400, 2)
INSERT dbo.Platforms(Id, PlatformType, NumberOfDoors) VALUES (402, 100, 4)
INSERT dbo.Platforms(Id, PlatformType, NumberOfDoors) VALUES (403, 100, 5)
INSERT dbo.Platforms(Id, PlatformType, NumberOfDoors) VALUES (404, 300, 4)
INSERT dbo.Platforms(Id, PlatformType, NumberOfDoors) VALUES (405, 100, 2)
INSERT dbo.Platforms(Id, PlatformType, NumberOfDoors) VALUES (406, 300, 2)
INSERT dbo.Platforms(Id, PlatformType, NumberOfDoors) VALUES (407, 200, 2)
INSERT dbo.Platforms(Id, PlatformType, NumberOfDoors) VALUES (408, 100, 6)
INSERT dbo.Platforms(Id, PlatformType, NumberOfDoors) VALUES (409, 100, 4)
INSERT dbo.Platforms(Id, PlatformType, NumberOfDoors) VALUES (410, 100, 6)
INSERT dbo.Platforms(Id, PlatformType, NumberOfDoors) VALUES (411, 100, 3)
INSERT dbo.Platforms(Id, PlatformType, NumberOfDoors) VALUES (412, 100, 6)
INSERT dbo.Platforms(Id, PlatformType, NumberOfDoors) VALUES (413, 400, 3)
INSERT dbo.Platforms(Id, PlatformType, NumberOfDoors) VALUES (414, 200, 3)
INSERT dbo.Platforms(Id, PlatformType, NumberOfDoors) VALUES (415, 200, 5)
INSERT dbo.Platforms(Id, PlatformType, NumberOfDoors) VALUES (416, 100, 4)
INSERT dbo.Platforms(Id, PlatformType, NumberOfDoors) VALUES (417, 200, 5)
INSERT dbo.Platforms(Id, PlatformType, NumberOfDoors) VALUES (418, 100, 2)
INSERT dbo.Platforms(Id, PlatformType, NumberOfDoors) VALUES (419, 200, 3)
INSERT dbo.Platforms(Id, PlatformType, NumberOfDoors) VALUES (420, 200, 2)
INSERT dbo.Platforms(Id, PlatformType, NumberOfDoors) VALUES (421, 100, 4)
INSERT dbo.Platforms(Id, PlatformType, NumberOfDoors) VALUES (422, 300, 2)
INSERT dbo.Platforms(Id, PlatformType, NumberOfDoors) VALUES (423, 300, 2)
INSERT dbo.Platforms(Id, PlatformType, NumberOfDoors) VALUES (424, 300, 2)
INSERT dbo.Platforms(Id, PlatformType, NumberOfDoors) VALUES (425, 300, 3)
INSERT dbo.Platforms(Id, PlatformType, NumberOfDoors) VALUES (426, 400, 3)
INSERT dbo.Platforms(Id, PlatformType, NumberOfDoors) VALUES (427, 200, 2)
INSERT dbo.Platforms(Id, PlatformType, NumberOfDoors) VALUES (428, 200, 3)
INSERT dbo.Platforms(Id, PlatformType, NumberOfDoors) VALUES (429, 200, 4)
INSERT dbo.Platforms(Id, PlatformType, NumberOfDoors) VALUES (430, 200, 4)
INSERT dbo.Platforms(Id, PlatformType, NumberOfDoors) VALUES (431, 200, 5)
INSERT dbo.Platforms(Id, PlatformType, NumberOfDoors) VALUES (432, 200, 2)
INSERT dbo.Platforms(Id, PlatformType, NumberOfDoors) VALUES (433, 100, 3)
INSERT dbo.Platforms(Id, PlatformType, NumberOfDoors) VALUES (434, 100, 6)
INSERT dbo.Platforms(Id, PlatformType, NumberOfDoors) VALUES (435, 100, 5)
INSERT dbo.Platforms(Id, PlatformType, NumberOfDoors) VALUES (436, 200, 3)
INSERT dbo.Platforms(Id, PlatformType, NumberOfDoors) VALUES (437, 100, 4)
INSERT dbo.Platforms(Id, PlatformType, NumberOfDoors) VALUES (438, 200, 2)
INSERT dbo.Platforms(Id, PlatformType, NumberOfDoors) VALUES (439, 100, 2)
INSERT dbo.Platforms(Id, PlatformType, NumberOfDoors) VALUES (440, 100, 2)
INSERT dbo.Platforms(Id, PlatformType, NumberOfDoors) VALUES (441, 100, 4)
INSERT dbo.Platforms(Id, PlatformType, NumberOfDoors) VALUES (442, 300, 3)
INSERT dbo.Platforms(Id, PlatformType, NumberOfDoors) VALUES (443, 100, 6)
INSERT dbo.Platforms(Id, PlatformType, NumberOfDoors) VALUES (444, 200, 4)
INSERT dbo.Platforms(Id, PlatformType, NumberOfDoors) VALUES (445, 200, 6)
INSERT dbo.Platforms(Id, PlatformType, NumberOfDoors) VALUES (446, 100, 3)
INSERT dbo.Platforms(Id, PlatformType, NumberOfDoors) VALUES (447, 100, 2)
INSERT dbo.Platforms(Id, PlatformType, NumberOfDoors) VALUES (448, 400, 3)
INSERT dbo.Platforms(Id, PlatformType, NumberOfDoors) VALUES (449, 400, 3)
INSERT dbo.Platforms(Id, PlatformType, NumberOfDoors) VALUES (450, 200, 5)
INSERT dbo.Platforms(Id, PlatformType, NumberOfDoors) VALUES (451, 100, 6)
INSERT dbo.Platforms(Id, PlatformType, NumberOfDoors) VALUES (452, 400, 2)
INSERT dbo.Platforms(Id, PlatformType, NumberOfDoors) VALUES (453, 400, 3)
INSERT dbo.Platforms(Id, PlatformType, NumberOfDoors) VALUES (454, 100, 3)
INSERT dbo.Platforms(Id, PlatformType, NumberOfDoors) VALUES (455, 200, 3)
INSERT dbo.Platforms(Id, PlatformType, NumberOfDoors) VALUES (456, 100, 3)
INSERT dbo.Platforms(Id, PlatformType, NumberOfDoors) VALUES (457, 100, 2)
INSERT dbo.Platforms(Id, PlatformType, NumberOfDoors) VALUES (458, 300, 5)
INSERT dbo.Platforms(Id, PlatformType, NumberOfDoors) VALUES (459, 100, 4)
INSERT dbo.Platforms(Id, PlatformType, NumberOfDoors) VALUES (460, 100, 6)
INSERT dbo.Platforms(Id, PlatformType, NumberOfDoors) VALUES (461, 100, 2)
INSERT dbo.Platforms(Id, PlatformType, NumberOfDoors) VALUES (462, 100, 3)
INSERT dbo.Platforms(Id, PlatformType, NumberOfDoors) VALUES (463, 200, 4)
INSERT dbo.Platforms(Id, PlatformType, NumberOfDoors) VALUES (464, 200, 2)
INSERT dbo.Platforms(Id, PlatformType, NumberOfDoors) VALUES (465, 300, 5)
INSERT dbo.Platforms(Id, PlatformType, NumberOfDoors) VALUES (466, 300, 6)
INSERT dbo.Platforms(Id, PlatformType, NumberOfDoors) VALUES (467, 300, 5)
INSERT dbo.Platforms(Id, PlatformType, NumberOfDoors) VALUES (468, 200, 2)
INSERT dbo.Platforms(Id, PlatformType, NumberOfDoors) VALUES (469, 100, 4)
INSERT dbo.Platforms(Id, PlatformType, NumberOfDoors) VALUES (470, 300, 2)
INSERT dbo.Platforms(Id, PlatformType, NumberOfDoors) VALUES (471, 100, 2)
INSERT dbo.Platforms(Id, PlatformType, NumberOfDoors) VALUES (472, 300, 5)
INSERT dbo.Platforms(Id, PlatformType, NumberOfDoors) VALUES (473, 300, 5)
INSERT dbo.Platforms(Id, PlatformType, NumberOfDoors) VALUES (474, 100, 4)
INSERT dbo.Platforms(Id, PlatformType, NumberOfDoors) VALUES (475, 200, 3)
INSERT dbo.Platforms(Id, PlatformType, NumberOfDoors) VALUES (476, 300, 4)
INSERT dbo.Platforms(Id, PlatformType, NumberOfDoors) VALUES (477, 200, 4)
INSERT dbo.Platforms(Id, PlatformType, NumberOfDoors) VALUES (478, 100, 5)
INSERT dbo.Platforms(Id, PlatformType, NumberOfDoors) VALUES (479, 100, 3)
INSERT dbo.Platforms(Id, PlatformType, NumberOfDoors) VALUES (480, 100, 5)
INSERT dbo.Platforms(Id, PlatformType, NumberOfDoors) VALUES (481, 200, 6)
INSERT dbo.Platforms(Id, PlatformType, NumberOfDoors) VALUES (482, 300, 3)
INSERT dbo.Platforms(Id, PlatformType, NumberOfDoors) VALUES (483, 200, 5)
INSERT dbo.Platforms(Id, PlatformType, NumberOfDoors) VALUES (484, 100, 6)
INSERT dbo.Platforms(Id, PlatformType, NumberOfDoors) VALUES (485, 200, 3)
INSERT dbo.Platforms(Id, PlatformType, NumberOfDoors) VALUES (486, 300, 4)
INSERT dbo.Platforms(Id, PlatformType, NumberOfDoors) VALUES (487, 200, 2)
INSERT dbo.Platforms(Id, PlatformType, NumberOfDoors) VALUES (488, 400, 3)
INSERT dbo.Platforms(Id, PlatformType, NumberOfDoors) VALUES (489, 400, 2)
INSERT dbo.Platforms(Id, PlatformType, NumberOfDoors) VALUES (490, 100, 6)
INSERT dbo.Platforms(Id, PlatformType, NumberOfDoors) VALUES (491, 200, 4)
INSERT dbo.Platforms(Id, PlatformType, NumberOfDoors) VALUES (492, 200, 4)
INSERT dbo.Platforms(Id, PlatformType, NumberOfDoors) VALUES (493, 200, 5)
INSERT dbo.Platforms(Id, PlatformType, NumberOfDoors) VALUES (494, 100, 4)
INSERT dbo.Platforms(Id, PlatformType, NumberOfDoors) VALUES (495, 400, 5)
INSERT dbo.Platforms(Id, PlatformType, NumberOfDoors) VALUES (496, 100, 2)
INSERT dbo.Platforms(Id, PlatformType, NumberOfDoors) VALUES (497, 100, 2)
INSERT dbo.Platforms(Id, PlatformType, NumberOfDoors) VALUES (498, 200, 2)
INSERT dbo.Platforms(Id, PlatformType, NumberOfDoors) VALUES (499, 400, 2)
INSERT dbo.Platforms(Id, PlatformType, NumberOfDoors) VALUES (500, 400, 6)
INSERT dbo.Platforms(Id, PlatformType, NumberOfDoors) VALUES (501, 200, 5)
INSERT dbo.Platforms(Id, PlatformType, NumberOfDoors) VALUES (502, 400, 3)
INSERT dbo.Platforms(Id, PlatformType, NumberOfDoors) VALUES (503, 200, 6)
INSERT dbo.Platforms(Id, PlatformType, NumberOfDoors) VALUES (504, 100, 2)
INSERT dbo.Platforms(Id, PlatformType, NumberOfDoors) VALUES (505, 200, 2)
INSERT dbo.Platforms(Id, PlatformType, NumberOfDoors) VALUES (506, 100, 2)
INSERT dbo.Platforms(Id, PlatformType, NumberOfDoors) VALUES (507, 100, 6)
INSERT dbo.Platforms(Id, PlatformType, NumberOfDoors) VALUES (508, 200, 5)
INSERT dbo.Platforms(Id, PlatformType, NumberOfDoors) VALUES (509, 400, 4)
INSERT dbo.Platforms(Id, PlatformType, NumberOfDoors) VALUES (510, 400, 6)
INSERT dbo.Platforms(Id, PlatformType, NumberOfDoors) VALUES (511, 200, 3)
INSERT dbo.Platforms(Id, PlatformType, NumberOfDoors) VALUES (512, 100, 4)
INSERT dbo.Platforms(Id, PlatformType, NumberOfDoors) VALUES (513, 200, 6)
INSERT dbo.Platforms(Id, PlatformType, NumberOfDoors) VALUES (514, 300, 2)
INSERT dbo.Platforms(Id, PlatformType, NumberOfDoors) VALUES (515, 300, 2)
INSERT dbo.Platforms(Id, PlatformType, NumberOfDoors) VALUES (516, 100, 2)
INSERT dbo.Platforms(Id, PlatformType, NumberOfDoors) VALUES (517, 200, 4)
INSERT dbo.Platforms(Id, PlatformType, NumberOfDoors) VALUES (518, 200, 3)
INSERT dbo.Platforms(Id, PlatformType, NumberOfDoors) VALUES (519, 100, 6)
INSERT dbo.Platforms(Id, PlatformType, NumberOfDoors) VALUES (520, 400, 2)
INSERT dbo.Platforms(Id, PlatformType, NumberOfDoors) VALUES (521, 100, 2)
INSERT dbo.Platforms(Id, PlatformType, NumberOfDoors) VALUES (522, 400, 2)
INSERT dbo.Platforms(Id, PlatformType, NumberOfDoors) VALUES (523, 200, 5)
INSERT dbo.Platforms(Id, PlatformType, NumberOfDoors) VALUES (524, 100, 2)
INSERT dbo.Platforms(Id, PlatformType, NumberOfDoors) VALUES (525, 100, 2)
INSERT dbo.Platforms(Id, PlatformType, NumberOfDoors) VALUES (526, 100, 4)
INSERT dbo.Platforms(Id, PlatformType, NumberOfDoors) VALUES (527, 100, 2)
INSERT dbo.Platforms(Id, PlatformType, NumberOfDoors) VALUES (528, 300, 2)
INSERT dbo.Platforms(Id, PlatformType, NumberOfDoors) VALUES (529, 200, 4)
INSERT dbo.Platforms(Id, PlatformType, NumberOfDoors) VALUES (530, 200, 2)
INSERT dbo.Platforms(Id, PlatformType, NumberOfDoors) VALUES (531, 200, 6)
INSERT dbo.Platforms(Id, PlatformType, NumberOfDoors) VALUES (532, 400, 5)
INSERT dbo.Platforms(Id, PlatformType, NumberOfDoors) VALUES (533, 100, 4)
INSERT dbo.Platforms(Id, PlatformType, NumberOfDoors) VALUES (534, 100, 5)
INSERT dbo.Platforms(Id, PlatformType, NumberOfDoors) VALUES (535, 400, 6)
INSERT dbo.Platforms(Id, PlatformType, NumberOfDoors) VALUES (536, 200, 3)
INSERT dbo.Platforms(Id, PlatformType, NumberOfDoors) VALUES (537, 100, 2)
INSERT dbo.Platforms(Id, PlatformType, NumberOfDoors) VALUES (538, 200, 3)
INSERT dbo.Platforms(Id, PlatformType, NumberOfDoors) VALUES (539, 200, 5)
INSERT dbo.Platforms(Id, PlatformType, NumberOfDoors) VALUES (540, 100, 4)
INSERT dbo.Platforms(Id, PlatformType, NumberOfDoors) VALUES (541, 300, 3)
INSERT dbo.Platforms(Id, PlatformType, NumberOfDoors) VALUES (542, 100, 5)
INSERT dbo.Platforms(Id, PlatformType, NumberOfDoors) VALUES (543, 400, 2)
INSERT dbo.Platforms(Id, PlatformType, NumberOfDoors) VALUES (544, 100, 5)
INSERT dbo.Platforms(Id, PlatformType, NumberOfDoors) VALUES (545, 200, 2)
INSERT dbo.Platforms(Id, PlatformType, NumberOfDoors) VALUES (546, 100, 5)
INSERT dbo.Platforms(Id, PlatformType, NumberOfDoors) VALUES (547, 400, 5)
INSERT dbo.Platforms(Id, PlatformType, NumberOfDoors) VALUES (548, 400, 2)
INSERT dbo.Platforms(Id, PlatformType, NumberOfDoors) VALUES (549, 100, 4)
INSERT dbo.Platforms(Id, PlatformType, NumberOfDoors) VALUES (550, 200, 4)
INSERT dbo.Platforms(Id, PlatformType, NumberOfDoors) VALUES (551, 200, 3)
INSERT dbo.Platforms(Id, PlatformType, NumberOfDoors) VALUES (552, 200, 5)
INSERT dbo.Platforms(Id, PlatformType, NumberOfDoors) VALUES (553, 200, 5)
INSERT dbo.Platforms(Id, PlatformType, NumberOfDoors) VALUES (554, 400, 2)
INSERT dbo.Platforms(Id, PlatformType, NumberOfDoors) VALUES (555, 200, 4)
INSERT dbo.Platforms(Id, PlatformType, NumberOfDoors) VALUES (556, 200, 4)
INSERT dbo.Platforms(Id, PlatformType, NumberOfDoors) VALUES (557, 100, 5)
INSERT dbo.Platforms(Id, PlatformType, NumberOfDoors) VALUES (558, 100, 3)
INSERT dbo.Platforms(Id, PlatformType, NumberOfDoors) VALUES (559, 300, 5)
INSERT dbo.Platforms(Id, PlatformType, NumberOfDoors) VALUES (560, 100, 3)
INSERT dbo.Platforms(Id, PlatformType, NumberOfDoors) VALUES (561, 100, 4)
INSERT dbo.Platforms(Id, PlatformType, NumberOfDoors) VALUES (562, 100, 3)
INSERT dbo.Platforms(Id, PlatformType, NumberOfDoors) VALUES (563, 100, 3)
INSERT dbo.Platforms(Id, PlatformType, NumberOfDoors) VALUES (564, 200, 4)
INSERT dbo.Platforms(Id, PlatformType, NumberOfDoors) VALUES (565, 100, 3)
INSERT dbo.Platforms(Id, PlatformType, NumberOfDoors) VALUES (566, 200, 2)
INSERT dbo.Platforms(Id, PlatformType, NumberOfDoors) VALUES (567, 400, 2)
INSERT dbo.Platforms(Id, PlatformType, NumberOfDoors) VALUES (568, 200, 3)
INSERT dbo.Platforms(Id, PlatformType, NumberOfDoors) VALUES (569, 400, 2)
INSERT dbo.Platforms(Id, PlatformType, NumberOfDoors) VALUES (570, 100, 6)
INSERT dbo.Platforms(Id, PlatformType, NumberOfDoors) VALUES (571, 100, 6)
INSERT dbo.Platforms(Id, PlatformType, NumberOfDoors) VALUES (572, 100, 2)
INSERT dbo.Platforms(Id, PlatformType, NumberOfDoors) VALUES (573, 100, 5)
INSERT dbo.Platforms(Id, PlatformType, NumberOfDoors) VALUES (574, 100, 4)
INSERT dbo.Platforms(Id, PlatformType, NumberOfDoors) VALUES (575, 100, 3)
INSERT dbo.Platforms(Id, PlatformType, NumberOfDoors) VALUES (576, 100, 2)
INSERT dbo.Platforms(Id, PlatformType, NumberOfDoors) VALUES (577, 100, 3)
INSERT dbo.Platforms(Id, PlatformType, NumberOfDoors) VALUES (578, 200, 3)
INSERT dbo.Platforms(Id, PlatformType, NumberOfDoors) VALUES (579, 300, 2)
INSERT dbo.Platforms(Id, PlatformType, NumberOfDoors) VALUES (580, 400, 2)
INSERT dbo.Platforms(Id, PlatformType, NumberOfDoors) VALUES (581, 100, 2)
INSERT dbo.Platforms(Id, PlatformType, NumberOfDoors) VALUES (582, 200, 4)
INSERT dbo.Platforms(Id, PlatformType, NumberOfDoors) VALUES (583, 200, 3)
INSERT dbo.Platforms(Id, PlatformType, NumberOfDoors) VALUES (584, 400, 3)
INSERT dbo.Platforms(Id, PlatformType, NumberOfDoors) VALUES (585, 400, 2)
INSERT dbo.Platforms(Id, PlatformType, NumberOfDoors) VALUES (586, 100, 3)
INSERT dbo.Platforms(Id, PlatformType, NumberOfDoors) VALUES (587, 200, 6)
INSERT dbo.Platforms(Id, PlatformType, NumberOfDoors) VALUES (588, 100, 4)
INSERT dbo.Platforms(Id, PlatformType, NumberOfDoors) VALUES (589, 200, 4)
INSERT dbo.Platforms(Id, PlatformType, NumberOfDoors) VALUES (590, 100, 3)
INSERT dbo.Platforms(Id, PlatformType, NumberOfDoors) VALUES (591, 100, 2)
INSERT dbo.Platforms(Id, PlatformType, NumberOfDoors) VALUES (592, 400, 2)
INSERT dbo.Platforms(Id, PlatformType, NumberOfDoors) VALUES (593, 200, 5)
INSERT dbo.Platforms(Id, PlatformType, NumberOfDoors) VALUES (594, 100, 3)
INSERT dbo.Platforms(Id, PlatformType, NumberOfDoors) VALUES (595, 400, 2)
INSERT dbo.Platforms(Id, PlatformType, NumberOfDoors) VALUES (596, 200, 2)
INSERT dbo.Platforms(Id, PlatformType, NumberOfDoors) VALUES (597, 400, 2)
INSERT dbo.Platforms(Id, PlatformType, NumberOfDoors) VALUES (598, 200, 3)
INSERT dbo.Platforms(Id, PlatformType, NumberOfDoors) VALUES (599, 300, 6)
INSERT dbo.Platforms(Id, PlatformType, NumberOfDoors) VALUES (600, 400, 4)
INSERT dbo.Platforms(Id, PlatformType, NumberOfDoors) VALUES (601, 200, 6)
INSERT dbo.Platforms(Id, PlatformType, NumberOfDoors) VALUES (602, 200, 3)
INSERT dbo.Platforms(Id, PlatformType, NumberOfDoors) VALUES (603, 400, 3)
INSERT dbo.Platforms(Id, PlatformType, NumberOfDoors) VALUES (604, 100, 2)
INSERT dbo.Platforms(Id, PlatformType, NumberOfDoors) VALUES (605, 200, 2)
INSERT dbo.Platforms(Id, PlatformType, NumberOfDoors) VALUES (606, 200, 3)
INSERT dbo.Platforms(Id, PlatformType, NumberOfDoors) VALUES (607, 200, 6)
INSERT dbo.Platforms(Id, PlatformType, NumberOfDoors) VALUES (608, 100, 6)
INSERT dbo.Platforms(Id, PlatformType, NumberOfDoors) VALUES (609, 200, 2)
INSERT dbo.Platforms(Id, PlatformType, NumberOfDoors) VALUES (610, 100, 2)
INSERT dbo.Platforms(Id, PlatformType, NumberOfDoors) VALUES (611, 200, 2)
INSERT dbo.Platforms(Id, PlatformType, NumberOfDoors) VALUES (612, 300, 4)
INSERT dbo.Platforms(Id, PlatformType, NumberOfDoors) VALUES (613, 200, 4)
INSERT dbo.Platforms(Id, PlatformType, NumberOfDoors) VALUES (614, 300, 2)
INSERT dbo.Platforms(Id, PlatformType, NumberOfDoors) VALUES (615, 300, 5)
INSERT dbo.Platforms(Id, PlatformType, NumberOfDoors) VALUES (616, 300, 2)
INSERT dbo.Platforms(Id, PlatformType, NumberOfDoors) VALUES (617, 300, 2)
INSERT dbo.Platforms(Id, PlatformType, NumberOfDoors) VALUES (618, 100, 5)
INSERT dbo.Platforms(Id, PlatformType, NumberOfDoors) VALUES (619, 200, 2)
INSERT dbo.Platforms(Id, PlatformType, NumberOfDoors) VALUES (620, 100, 2)
INSERT dbo.Platforms(Id, PlatformType, NumberOfDoors) VALUES (621, 100, 2)
INSERT dbo.Platforms(Id, PlatformType, NumberOfDoors) VALUES (622, 200, 3)
INSERT dbo.Platforms(Id, PlatformType, NumberOfDoors) VALUES (623, 400, 2)
INSERT dbo.Platforms(Id, PlatformType, NumberOfDoors) VALUES (624, 200, 2)
INSERT dbo.Platforms(Id, PlatformType, NumberOfDoors) VALUES (625, 300, 6)
INSERT dbo.Platforms(Id, PlatformType, NumberOfDoors) VALUES (626, 100, 3)
INSERT dbo.Platforms(Id, PlatformType, NumberOfDoors) VALUES (627, 100, 4)
INSERT dbo.Platforms(Id, PlatformType, NumberOfDoors) VALUES (628, 300, 2)
INSERT dbo.Platforms(Id, PlatformType, NumberOfDoors) VALUES (629, 100, 4)
INSERT dbo.Platforms(Id, PlatformType, NumberOfDoors) VALUES (630, 300, 3)
INSERT dbo.Platforms(Id, PlatformType, NumberOfDoors) VALUES (631, 100, 2)
INSERT dbo.Platforms(Id, PlatformType, NumberOfDoors) VALUES (632, 200, 2)
INSERT dbo.Platforms(Id, PlatformType, NumberOfDoors) VALUES (633, 300, 2)
INSERT dbo.Platforms(Id, PlatformType, NumberOfDoors) VALUES (634, 300, 5)
INSERT dbo.Platforms(Id, PlatformType, NumberOfDoors) VALUES (635, 200, 5)
INSERT dbo.Platforms(Id, PlatformType, NumberOfDoors) VALUES (636, 400, 4)
INSERT dbo.Platforms(Id, PlatformType, NumberOfDoors) VALUES (637, 200, 4)
INSERT dbo.Platforms(Id, PlatformType, NumberOfDoors) VALUES (638, 100, 6)
INSERT dbo.Platforms(Id, PlatformType, NumberOfDoors) VALUES (639, 100, 2)
INSERT dbo.Platforms(Id, PlatformType, NumberOfDoors) VALUES (640, 100, 4)
INSERT dbo.Platforms(Id, PlatformType, NumberOfDoors) VALUES (641, 200, 4)
INSERT dbo.Platforms(Id, PlatformType, NumberOfDoors) VALUES (642, 100, 2)
INSERT dbo.Platforms(Id, PlatformType, NumberOfDoors) VALUES (643, 200, 2)
INSERT dbo.Platforms(Id, PlatformType, NumberOfDoors) VALUES (644, 100, 4)
INSERT dbo.Platforms(Id, PlatformType, NumberOfDoors) VALUES (645, 400, 2)
INSERT dbo.Platforms(Id, PlatformType, NumberOfDoors) VALUES (646, 200, 3)
INSERT dbo.Platforms(Id, PlatformType, NumberOfDoors) VALUES (647, 200, 2)
INSERT dbo.Platforms(Id, PlatformType, NumberOfDoors) VALUES (648, 400, 4)
INSERT dbo.Platforms(Id, PlatformType, NumberOfDoors) VALUES (649, 200, 2)
INSERT dbo.Platforms(Id, PlatformType, NumberOfDoors) VALUES (650, 100, 2)
INSERT dbo.Platforms(Id, PlatformType, NumberOfDoors) VALUES (651, 200, 4)
INSERT dbo.Platforms(Id, PlatformType, NumberOfDoors) VALUES (652, 300, 3)
INSERT dbo.Platforms(Id, PlatformType, NumberOfDoors) VALUES (653, 400, 6)
INSERT dbo.Platforms(Id, PlatformType, NumberOfDoors) VALUES (654, 200, 3)
INSERT dbo.Platforms(Id, PlatformType, NumberOfDoors) VALUES (655, 400, 2)
INSERT dbo.Platforms(Id, PlatformType, NumberOfDoors) VALUES (656, 400, 4)
INSERT dbo.Platforms(Id, PlatformType, NumberOfDoors) VALUES (657, 200, 6)
INSERT dbo.Platforms(Id, PlatformType, NumberOfDoors) VALUES (658, 200, 5)
INSERT dbo.Platforms(Id, PlatformType, NumberOfDoors) VALUES (659, 200, 2)
INSERT dbo.Platforms(Id, PlatformType, NumberOfDoors) VALUES (660, 100, 3)
INSERT dbo.Platforms(Id, PlatformType, NumberOfDoors) VALUES (661, 100, 4)
INSERT dbo.Platforms(Id, PlatformType, NumberOfDoors) VALUES (662, 200, 2)
INSERT dbo.Platforms(Id, PlatformType, NumberOfDoors) VALUES (663, 400, 5)
INSERT dbo.Platforms(Id, PlatformType, NumberOfDoors) VALUES (664, 400, 6)
INSERT dbo.Platforms(Id, PlatformType, NumberOfDoors) VALUES (665, 100, 3)
INSERT dbo.Platforms(Id, PlatformType, NumberOfDoors) VALUES (666, 400, 5)
INSERT dbo.Platforms(Id, PlatformType, NumberOfDoors) VALUES (667, 100, 2)
INSERT dbo.Platforms(Id, PlatformType, NumberOfDoors) VALUES (668, 300, 4)
INSERT dbo.Platforms(Id, PlatformType, NumberOfDoors) VALUES (669, 100, 2)
INSERT dbo.Platforms(Id, PlatformType, NumberOfDoors) VALUES (670, 400, 5)
INSERT dbo.Platforms(Id, PlatformType, NumberOfDoors) VALUES (671, 100, 6)
INSERT dbo.Platforms(Id, PlatformType, NumberOfDoors) VALUES (672, 300, 5)
INSERT dbo.Platforms(Id, PlatformType, NumberOfDoors) VALUES (673, 300, 4)
INSERT dbo.Platforms(Id, PlatformType, NumberOfDoors) VALUES (674, 100, 6)
INSERT dbo.Platforms(Id, PlatformType, NumberOfDoors) VALUES (675, 200, 3)
INSERT dbo.Platforms(Id, PlatformType, NumberOfDoors) VALUES (676, 300, 3)
INSERT dbo.Platforms(Id, PlatformType, NumberOfDoors) VALUES (677, 400, 2)
INSERT dbo.Platforms(Id, PlatformType, NumberOfDoors) VALUES (678, 300, 4)
INSERT dbo.Platforms(Id, PlatformType, NumberOfDoors) VALUES (679, 200, 2)
INSERT dbo.Platforms(Id, PlatformType, NumberOfDoors) VALUES (680, 100, 2)
INSERT dbo.Platforms(Id, PlatformType, NumberOfDoors) VALUES (681, 200, 3)
INSERT dbo.Platforms(Id, PlatformType, NumberOfDoors) VALUES (682, 200, 2)
INSERT dbo.Platforms(Id, PlatformType, NumberOfDoors) VALUES (683, 100, 2)
INSERT dbo.Platforms(Id, PlatformType, NumberOfDoors) VALUES (684, 100, 2)
INSERT dbo.Platforms(Id, PlatformType, NumberOfDoors) VALUES (685, 100, 5)
INSERT dbo.Platforms(Id, PlatformType, NumberOfDoors) VALUES (686, 200, 4)
INSERT dbo.Platforms(Id, PlatformType, NumberOfDoors) VALUES (687, 200, 3)
INSERT dbo.Platforms(Id, PlatformType, NumberOfDoors) VALUES (688, 100, 2)
INSERT dbo.Platforms(Id, PlatformType, NumberOfDoors) VALUES (689, 300, 3)
INSERT dbo.Platforms(Id, PlatformType, NumberOfDoors) VALUES (690, 200, 2)
INSERT dbo.Platforms(Id, PlatformType, NumberOfDoors) VALUES (691, 100, 5)
INSERT dbo.Platforms(Id, PlatformType, NumberOfDoors) VALUES (692, 400, 2)
INSERT dbo.Platforms(Id, PlatformType, NumberOfDoors) VALUES (693, 200, 3)
INSERT dbo.Platforms(Id, PlatformType, NumberOfDoors) VALUES (694, 100, 3)
INSERT dbo.Platforms(Id, PlatformType, NumberOfDoors) VALUES (695, 100, 4)
INSERT dbo.Platforms(Id, PlatformType, NumberOfDoors) VALUES (696, 100, 2)
INSERT dbo.Platforms(Id, PlatformType, NumberOfDoors) VALUES (697, 100, 2)
INSERT dbo.Platforms(Id, PlatformType, NumberOfDoors) VALUES (698, 300, 4)
INSERT dbo.Platforms(Id, PlatformType, NumberOfDoors) VALUES (699, 100, 2)
INSERT dbo.Platforms(Id, PlatformType, NumberOfDoors) VALUES (700, 400, 2)
INSERT dbo.Platforms(Id, PlatformType, NumberOfDoors) VALUES (701, 200, 2)
INSERT dbo.Platforms(Id, PlatformType, NumberOfDoors) VALUES (702, 300, 2)
INSERT dbo.Platforms(Id, PlatformType, NumberOfDoors) VALUES (703, 200, 3)
INSERT dbo.Platforms(Id, PlatformType, NumberOfDoors) VALUES (704, 200, 4)
INSERT dbo.Platforms(Id, PlatformType, NumberOfDoors) VALUES (705, 400, 4)
INSERT dbo.Platforms(Id, PlatformType, NumberOfDoors) VALUES (706, 400, 2)
INSERT dbo.Platforms(Id, PlatformType, NumberOfDoors) VALUES (707, 400, 3)
INSERT dbo.Platforms(Id, PlatformType, NumberOfDoors) VALUES (708, 400, 4)
INSERT dbo.Platforms(Id, PlatformType, NumberOfDoors) VALUES (709, 100, 3)
INSERT dbo.Platforms(Id, PlatformType, NumberOfDoors) VALUES (710, 100, 3)
INSERT dbo.Platforms(Id, PlatformType, NumberOfDoors) VALUES (711, 100, 2)
INSERT dbo.Platforms(Id, PlatformType, NumberOfDoors) VALUES (712, 400, 2)
INSERT dbo.Platforms(Id, PlatformType, NumberOfDoors) VALUES (713, 300, 4)
INSERT dbo.Platforms(Id, PlatformType, NumberOfDoors) VALUES (714, 100, 4)
INSERT dbo.Platforms(Id, PlatformType, NumberOfDoors) VALUES (715, 300, 3)
INSERT dbo.Platforms(Id, PlatformType, NumberOfDoors) VALUES (716, 200, 5)
INSERT dbo.Platforms(Id, PlatformType, NumberOfDoors) VALUES (717, 100, 4)
INSERT dbo.Platforms(Id, PlatformType, NumberOfDoors) VALUES (718, 400, 2)
INSERT dbo.Platforms(Id, PlatformType, NumberOfDoors) VALUES (719, 300, 2)
INSERT dbo.Platforms(Id, PlatformType, NumberOfDoors) VALUES (720, 200, 3)
INSERT dbo.Platforms(Id, PlatformType, NumberOfDoors) VALUES (721, 100, 4)
INSERT dbo.Platforms(Id, PlatformType, NumberOfDoors) VALUES (722, 400, 5)
INSERT dbo.Platforms(Id, PlatformType, NumberOfDoors) VALUES (723, 400, 2)
INSERT dbo.Platforms(Id, PlatformType, NumberOfDoors) VALUES (724, 400, 2)
INSERT dbo.Platforms(Id, PlatformType, NumberOfDoors) VALUES (725, 200, 2)
INSERT dbo.Platforms(Id, PlatformType, NumberOfDoors) VALUES (726, 100, 5)
INSERT dbo.Platforms(Id, PlatformType, NumberOfDoors) VALUES (727, 100, 5)
INSERT dbo.Platforms(Id, PlatformType, NumberOfDoors) VALUES (728, 300, 5)
INSERT dbo.Platforms(Id, PlatformType, NumberOfDoors) VALUES (729, 400, 6)
INSERT dbo.Platforms(Id, PlatformType, NumberOfDoors) VALUES (730, 200, 2)
INSERT dbo.Platforms(Id, PlatformType, NumberOfDoors) VALUES (731, 200, 3)
INSERT dbo.Platforms(Id, PlatformType, NumberOfDoors) VALUES (732, 100, 4)
INSERT dbo.Platforms(Id, PlatformType, NumberOfDoors) VALUES (733, 200, 3)
INSERT dbo.Platforms(Id, PlatformType, NumberOfDoors) VALUES (734, 300, 2)
INSERT dbo.Platforms(Id, PlatformType, NumberOfDoors) VALUES (735, 300, 2)
INSERT dbo.Platforms(Id, PlatformType, NumberOfDoors) VALUES (736, 400, 2)
INSERT dbo.Platforms(Id, PlatformType, NumberOfDoors) VALUES (737, 400, 3)
INSERT dbo.Platforms(Id, PlatformType, NumberOfDoors) VALUES (738, 300, 2)
INSERT dbo.Platforms(Id, PlatformType, NumberOfDoors) VALUES (739, 100, 3)
INSERT dbo.Platforms(Id, PlatformType, NumberOfDoors) VALUES (740, 100, 2)
INSERT dbo.Platforms(Id, PlatformType, NumberOfDoors) VALUES (741, 300, 2)
INSERT dbo.Platforms(Id, PlatformType, NumberOfDoors) VALUES (742, 300, 2)
INSERT dbo.Platforms(Id, PlatformType, NumberOfDoors) VALUES (743, 100, 2)
INSERT dbo.Platforms(Id, PlatformType, NumberOfDoors) VALUES (744, 200, 2)
INSERT dbo.Platforms(Id, PlatformType, NumberOfDoors) VALUES (745, 100, 2)
INSERT dbo.Platforms(Id, PlatformType, NumberOfDoors) VALUES (746, 100, 2)
INSERT dbo.Platforms(Id, PlatformType, NumberOfDoors) VALUES (747, 100, 5)
INSERT dbo.Platforms(Id, PlatformType, NumberOfDoors) VALUES (748, 100, 2)
INSERT dbo.Platforms(Id, PlatformType, NumberOfDoors) VALUES (749, 100, 5)
INSERT dbo.Platforms(Id, PlatformType, NumberOfDoors) VALUES (750, 200, 4)
INSERT dbo.Platforms(Id, PlatformType, NumberOfDoors) VALUES (751, 300, 5)
INSERT dbo.Platforms(Id, PlatformType, NumberOfDoors) VALUES (752, 200, 5)
INSERT dbo.Platforms(Id, PlatformType, NumberOfDoors) VALUES (753, 100, 5)
INSERT dbo.Platforms(Id, PlatformType, NumberOfDoors) VALUES (754, 200, 2)
INSERT dbo.Platforms(Id, PlatformType, NumberOfDoors) VALUES (755, 200, 3)
INSERT dbo.Platforms(Id, PlatformType, NumberOfDoors) VALUES (756, 200, 2)
INSERT dbo.Platforms(Id, PlatformType, NumberOfDoors) VALUES (757, 300, 2)
INSERT dbo.Platforms(Id, PlatformType, NumberOfDoors) VALUES (758, 200, 2)
INSERT dbo.Platforms(Id, PlatformType, NumberOfDoors) VALUES (759, 400, 2)
INSERT dbo.Platforms(Id, PlatformType, NumberOfDoors) VALUES (760, 200, 2)
INSERT dbo.Platforms(Id, PlatformType, NumberOfDoors) VALUES (761, 300, 2)
INSERT dbo.Platforms(Id, PlatformType, NumberOfDoors) VALUES (762, 100, 2)
INSERT dbo.Platforms(Id, PlatformType, NumberOfDoors) VALUES (763, 400, 2)
INSERT dbo.Platforms(Id, PlatformType, NumberOfDoors) VALUES (764, 200, 3)
INSERT dbo.Platforms(Id, PlatformType, NumberOfDoors) VALUES (765, 300, 2)
INSERT dbo.Platforms(Id, PlatformType, NumberOfDoors) VALUES (766, 400, 6)
INSERT dbo.Platforms(Id, PlatformType, NumberOfDoors) VALUES (767, 200, 3)
INSERT dbo.Platforms(Id, PlatformType, NumberOfDoors) VALUES (768, 100, 4)
INSERT dbo.Platforms(Id, PlatformType, NumberOfDoors) VALUES (769, 200, 2)
INSERT dbo.Platforms(Id, PlatformType, NumberOfDoors) VALUES (770, 300, 3)
INSERT dbo.Platforms(Id, PlatformType, NumberOfDoors) VALUES (771, 200, 3)
INSERT dbo.Platforms(Id, PlatformType, NumberOfDoors) VALUES (772, 200, 2)
INSERT dbo.Platforms(Id, PlatformType, NumberOfDoors) VALUES (773, 200, 4)
INSERT dbo.Platforms(Id, PlatformType, NumberOfDoors) VALUES (774, 200, 3)
INSERT dbo.Platforms(Id, PlatformType, NumberOfDoors) VALUES (775, 400, 4)
INSERT dbo.Platforms(Id, PlatformType, NumberOfDoors) VALUES (776, 300, 4)
INSERT dbo.Platforms(Id, PlatformType, NumberOfDoors) VALUES (777, 400, 5)
INSERT dbo.Platforms(Id, PlatformType, NumberOfDoors) VALUES (778, 200, 2)
INSERT dbo.Platforms(Id, PlatformType, NumberOfDoors) VALUES (779, 200, 3)
INSERT dbo.Platforms(Id, PlatformType, NumberOfDoors) VALUES (780, 100, 6)
INSERT dbo.Platforms(Id, PlatformType, NumberOfDoors) VALUES (781, 100, 4)
INSERT dbo.Platforms(Id, PlatformType, NumberOfDoors) VALUES (782, 400, 4)
INSERT dbo.Platforms(Id, PlatformType, NumberOfDoors) VALUES (783, 100, 3)
INSERT dbo.Platforms(Id, PlatformType, NumberOfDoors) VALUES (784, 100, 3)
INSERT dbo.Platforms(Id, PlatformType, NumberOfDoors) VALUES (785, 300, 3)
INSERT dbo.Platforms(Id, PlatformType, NumberOfDoors) VALUES (786, 100, 3)
INSERT dbo.Platforms(Id, PlatformType, NumberOfDoors) VALUES (787, 100, 2)
INSERT dbo.Platforms(Id, PlatformType, NumberOfDoors) VALUES (788, 400, 5)
INSERT dbo.Platforms(Id, PlatformType, NumberOfDoors) VALUES (789, 100, 2)
INSERT dbo.Platforms(Id, PlatformType, NumberOfDoors) VALUES (790, 100, 6)
INSERT dbo.Platforms(Id, PlatformType, NumberOfDoors) VALUES (791, 100, 3)
INSERT dbo.Platforms(Id, PlatformType, NumberOfDoors) VALUES (792, 100, 2)
INSERT dbo.Platforms(Id, PlatformType, NumberOfDoors) VALUES (793, 300, 3)
INSERT dbo.Platforms(Id, PlatformType, NumberOfDoors) VALUES (794, 300, 2)
INSERT dbo.Platforms(Id, PlatformType, NumberOfDoors) VALUES (795, 100, 3)
INSERT dbo.Platforms(Id, PlatformType, NumberOfDoors) VALUES (796, 200, 2)
INSERT dbo.Platforms(Id, PlatformType, NumberOfDoors) VALUES (797, 300, 5)
INSERT dbo.Platforms(Id, PlatformType, NumberOfDoors) VALUES (798, 200, 3)
INSERT dbo.Platforms(Id, PlatformType, NumberOfDoors) VALUES (799, 300, 5)
INSERT dbo.Platforms(Id, PlatformType, NumberOfDoors) VALUES (800, 200, 3)
INSERT dbo.Platforms(Id, PlatformType, NumberOfDoors) VALUES (801, 300, 6)
INSERT dbo.Platforms(Id, PlatformType, NumberOfDoors) VALUES (802, 100, 2)
INSERT dbo.Platforms(Id, PlatformType, NumberOfDoors) VALUES (803, 300, 6)
INSERT dbo.Platforms(Id, PlatformType, NumberOfDoors) VALUES (804, 200, 5)
INSERT dbo.Platforms(Id, PlatformType, NumberOfDoors) VALUES (805, 400, 3)
INSERT dbo.Platforms(Id, PlatformType, NumberOfDoors) VALUES (806, 100, 2)
INSERT dbo.Platforms(Id, PlatformType, NumberOfDoors) VALUES (807, 400, 5)
INSERT dbo.Platforms(Id, PlatformType, NumberOfDoors) VALUES (808, 200, 4)
INSERT dbo.Platforms(Id, PlatformType, NumberOfDoors) VALUES (809, 300, 2)
INSERT dbo.Platforms(Id, PlatformType, NumberOfDoors) VALUES (810, 300, 6)
INSERT dbo.Platforms(Id, PlatformType, NumberOfDoors) VALUES (811, 200, 2)
INSERT dbo.Platforms(Id, PlatformType, NumberOfDoors) VALUES (812, 100, 2)
INSERT dbo.Platforms(Id, PlatformType, NumberOfDoors) VALUES (813, 100, 2)
INSERT dbo.Platforms(Id, PlatformType, NumberOfDoors) VALUES (814, 200, 3)
INSERT dbo.Platforms(Id, PlatformType, NumberOfDoors) VALUES (815, 100, 4)
INSERT dbo.Platforms(Id, PlatformType, NumberOfDoors) VALUES (816, 400, 4)
INSERT dbo.Platforms(Id, PlatformType, NumberOfDoors) VALUES (817, 300, 2)
INSERT dbo.Platforms(Id, PlatformType, NumberOfDoors) VALUES (818, 300, 5)
INSERT dbo.Platforms(Id, PlatformType, NumberOfDoors) VALUES (819, 300, 2)
INSERT dbo.Platforms(Id, PlatformType, NumberOfDoors) VALUES (820, 300, 3)
INSERT dbo.Platforms(Id, PlatformType, NumberOfDoors) VALUES (821, 400, 6)
INSERT dbo.Platforms(Id, PlatformType, NumberOfDoors) VALUES (822, 200, 4)
INSERT dbo.Platforms(Id, PlatformType, NumberOfDoors) VALUES (823, 300, 6)
INSERT dbo.Platforms(Id, PlatformType, NumberOfDoors) VALUES (824, 100, 5)
INSERT dbo.Platforms(Id, PlatformType, NumberOfDoors) VALUES (825, 200, 6)
INSERT dbo.Platforms(Id, PlatformType, NumberOfDoors) VALUES (826, 100, 6)
INSERT dbo.Platforms(Id, PlatformType, NumberOfDoors) VALUES (827, 300, 5)
INSERT dbo.Platforms(Id, PlatformType, NumberOfDoors) VALUES (828, 300, 5)
INSERT dbo.Platforms(Id, PlatformType, NumberOfDoors) VALUES (829, 100, 3)
INSERT dbo.Platforms(Id, PlatformType, NumberOfDoors) VALUES (830, 100, 6)
INSERT dbo.Platforms(Id, PlatformType, NumberOfDoors) VALUES (831, 100, 5)
INSERT dbo.Platforms(Id, PlatformType, NumberOfDoors) VALUES (832, 200, 6)
INSERT dbo.Platforms(Id, PlatformType, NumberOfDoors) VALUES (833, 300, 2)
INSERT dbo.Platforms(Id, PlatformType, NumberOfDoors) VALUES (834, 100, 6)
INSERT dbo.Platforms(Id, PlatformType, NumberOfDoors) VALUES (835, 200, 2)
INSERT dbo.Platforms(Id, PlatformType, NumberOfDoors) VALUES (836, 100, 6)
INSERT dbo.Platforms(Id, PlatformType, NumberOfDoors) VALUES (837, 100, 4)
INSERT dbo.Platforms(Id, PlatformType, NumberOfDoors) VALUES (838, 300, 4)
INSERT dbo.Platforms(Id, PlatformType, NumberOfDoors) VALUES (839, 100, 3)
INSERT dbo.Platforms(Id, PlatformType, NumberOfDoors) VALUES (840, 300, 2)
INSERT dbo.Platforms(Id, PlatformType, NumberOfDoors) VALUES (841, 100, 3)
INSERT dbo.Platforms(Id, PlatformType, NumberOfDoors) VALUES (842, 200, 3)
INSERT dbo.Platforms(Id, PlatformType, NumberOfDoors) VALUES (843, 100, 4)
INSERT dbo.Platforms(Id, PlatformType, NumberOfDoors) VALUES (844, 200, 4)
INSERT dbo.Platforms(Id, PlatformType, NumberOfDoors) VALUES (845, 300, 5)
INSERT dbo.Platforms(Id, PlatformType, NumberOfDoors) VALUES (846, 400, 5)
INSERT dbo.Platforms(Id, PlatformType, NumberOfDoors) VALUES (847, 100, 6)
INSERT dbo.Platforms(Id, PlatformType, NumberOfDoors) VALUES (848, 100, 2)
INSERT dbo.Platforms(Id, PlatformType, NumberOfDoors) VALUES (849, 200, 3)
INSERT dbo.Platforms(Id, PlatformType, NumberOfDoors) VALUES (850, 200, 4)
INSERT dbo.Platforms(Id, PlatformType, NumberOfDoors) VALUES (851, 300, 5)
INSERT dbo.Platforms(Id, PlatformType, NumberOfDoors) VALUES (852, 400, 2)
INSERT dbo.Platforms(Id, PlatformType, NumberOfDoors) VALUES (853, 300, 2)
INSERT dbo.Platforms(Id, PlatformType, NumberOfDoors) VALUES (854, 400, 2)
INSERT dbo.Platforms(Id, PlatformType, NumberOfDoors) VALUES (855, 200, 3)
INSERT dbo.Platforms(Id, PlatformType, NumberOfDoors) VALUES (856, 100, 2)
INSERT dbo.Platforms(Id, PlatformType, NumberOfDoors) VALUES (857, 100, 5)
INSERT dbo.Platforms(Id, PlatformType, NumberOfDoors) VALUES (858, 200, 3)
INSERT dbo.Platforms(Id, PlatformType, NumberOfDoors) VALUES (859, 400, 2)
INSERT dbo.Platforms(Id, PlatformType, NumberOfDoors) VALUES (860, 300, 6)
INSERT dbo.Platforms(Id, PlatformType, NumberOfDoors) VALUES (861, 100, 2)
INSERT dbo.Platforms(Id, PlatformType, NumberOfDoors) VALUES (862, 100, 2)
INSERT dbo.Platforms(Id, PlatformType, NumberOfDoors) VALUES (863, 100, 2)
INSERT dbo.Platforms(Id, PlatformType, NumberOfDoors) VALUES (864, 100, 4)
INSERT dbo.Platforms(Id, PlatformType, NumberOfDoors) VALUES (865, 300, 2)
INSERT dbo.Platforms(Id, PlatformType, NumberOfDoors) VALUES (866, 100, 2)
INSERT dbo.Platforms(Id, PlatformType, NumberOfDoors) VALUES (867, 200, 2)
INSERT dbo.Platforms(Id, PlatformType, NumberOfDoors) VALUES (868, 100, 3)
INSERT dbo.Platforms(Id, PlatformType, NumberOfDoors) VALUES (869, 400, 3)
INSERT dbo.Platforms(Id, PlatformType, NumberOfDoors) VALUES (870, 100, 5)
INSERT dbo.Platforms(Id, PlatformType, NumberOfDoors) VALUES (871, 200, 2)
INSERT dbo.Platforms(Id, PlatformType, NumberOfDoors) VALUES (872, 400, 5)
INSERT dbo.Platforms(Id, PlatformType, NumberOfDoors) VALUES (873, 200, 2)
INSERT dbo.Platforms(Id, PlatformType, NumberOfDoors) VALUES (874, 100, 3)
INSERT dbo.Platforms(Id, PlatformType, NumberOfDoors) VALUES (875, 200, 2)
INSERT dbo.Platforms(Id, PlatformType, NumberOfDoors) VALUES (876, 100, 4)
INSERT dbo.Platforms(Id, PlatformType, NumberOfDoors) VALUES (877, 100, 6)
INSERT dbo.Platforms(Id, PlatformType, NumberOfDoors) VALUES (878, 100, 4)
INSERT dbo.Platforms(Id, PlatformType, NumberOfDoors) VALUES (879, 200, 6)
INSERT dbo.Platforms(Id, PlatformType, NumberOfDoors) VALUES (880, 300, 3)
INSERT dbo.Platforms(Id, PlatformType, NumberOfDoors) VALUES (881, 100, 2)
INSERT dbo.Platforms(Id, PlatformType, NumberOfDoors) VALUES (882, 200, 5)
INSERT dbo.Platforms(Id, PlatformType, NumberOfDoors) VALUES (883, 100, 4)
INSERT dbo.Platforms(Id, PlatformType, NumberOfDoors) VALUES (884, 200, 3)
INSERT dbo.Platforms(Id, PlatformType, NumberOfDoors) VALUES (885, 200, 2)
INSERT dbo.Platforms(Id, PlatformType, NumberOfDoors) VALUES (886, 100, 6)
INSERT dbo.Platforms(Id, PlatformType, NumberOfDoors) VALUES (887, 300, 3)
INSERT dbo.Platforms(Id, PlatformType, NumberOfDoors) VALUES (888, 300, 4)
INSERT dbo.Platforms(Id, PlatformType, NumberOfDoors) VALUES (889, 200, 2)
INSERT dbo.Platforms(Id, PlatformType, NumberOfDoors) VALUES (890, 100, 4)
INSERT dbo.Platforms(Id, PlatformType, NumberOfDoors) VALUES (891, 300, 3)
INSERT dbo.Platforms(Id, PlatformType, NumberOfDoors) VALUES (892, 300, 5)
INSERT dbo.Platforms(Id, PlatformType, NumberOfDoors) VALUES (893, 400, 6)
INSERT dbo.Platforms(Id, PlatformType, NumberOfDoors) VALUES (894, 200, 2)
INSERT dbo.Platforms(Id, PlatformType, NumberOfDoors) VALUES (895, 100, 3)
INSERT dbo.Platforms(Id, PlatformType, NumberOfDoors) VALUES (896, 100, 6)
INSERT dbo.Platforms(Id, PlatformType, NumberOfDoors) VALUES (897, 100, 2)
INSERT dbo.Platforms(Id, PlatformType, NumberOfDoors) VALUES (898, 400, 2)
INSERT dbo.Platforms(Id, PlatformType, NumberOfDoors) VALUES (899, 300, 2)
INSERT dbo.Platforms(Id, PlatformType, NumberOfDoors) VALUES (900, 300, 4)
INSERT dbo.Platforms(Id, PlatformType, NumberOfDoors) VALUES (901, 100, 2)
INSERT dbo.Platforms(Id, PlatformType, NumberOfDoors) VALUES (902, 100, 5)
INSERT dbo.Platforms(Id, PlatformType, NumberOfDoors) VALUES (903, 100, 3)
INSERT dbo.Platforms(Id, PlatformType, NumberOfDoors) VALUES (904, 100, 6)
INSERT dbo.Platforms(Id, PlatformType, NumberOfDoors) VALUES (905, 400, 3)
INSERT dbo.Platforms(Id, PlatformType, NumberOfDoors) VALUES (906, 300, 5)
INSERT dbo.Platforms(Id, PlatformType, NumberOfDoors) VALUES (907, 200, 3)
INSERT dbo.Platforms(Id, PlatformType, NumberOfDoors) VALUES (908, 300, 2)
INSERT dbo.Platforms(Id, PlatformType, NumberOfDoors) VALUES (909, 100, 3)
INSERT dbo.Platforms(Id, PlatformType, NumberOfDoors) VALUES (910, 100, 2)
INSERT dbo.Platforms(Id, PlatformType, NumberOfDoors) VALUES (911, 100, 5)
INSERT dbo.Platforms(Id, PlatformType, NumberOfDoors) VALUES (912, 400, 4)
INSERT dbo.Platforms(Id, PlatformType, NumberOfDoors) VALUES (913, 100, 2)
INSERT dbo.Platforms(Id, PlatformType, NumberOfDoors) VALUES (914, 100, 2)
INSERT dbo.Platforms(Id, PlatformType, NumberOfDoors) VALUES (915, 200, 2)
INSERT dbo.Platforms(Id, PlatformType, NumberOfDoors) VALUES (916, 300, 4)
INSERT dbo.Platforms(Id, PlatformType, NumberOfDoors) VALUES (917, 300, 2)
INSERT dbo.Platforms(Id, PlatformType, NumberOfDoors) VALUES (918, 300, 3)
INSERT dbo.Platforms(Id, PlatformType, NumberOfDoors) VALUES (919, 300, 2)
INSERT dbo.Platforms(Id, PlatformType, NumberOfDoors) VALUES (920, 300, 6)
INSERT dbo.Platforms(Id, PlatformType, NumberOfDoors) VALUES (921, 100, 4)
INSERT dbo.Platforms(Id, PlatformType, NumberOfDoors) VALUES (922, 200, 5)
INSERT dbo.Platforms(Id, PlatformType, NumberOfDoors) VALUES (923, 200, 4)
INSERT dbo.Platforms(Id, PlatformType, NumberOfDoors) VALUES (924, 300, 2)
INSERT dbo.Platforms(Id, PlatformType, NumberOfDoors) VALUES (925, 200, 3)
INSERT dbo.Platforms(Id, PlatformType, NumberOfDoors) VALUES (926, 300, 3)
INSERT dbo.Platforms(Id, PlatformType, NumberOfDoors) VALUES (927, 100, 2)
INSERT dbo.Platforms(Id, PlatformType, NumberOfDoors) VALUES (928, 300, 3)
INSERT dbo.Platforms(Id, PlatformType, NumberOfDoors) VALUES (929, 300, 2)
INSERT dbo.Platforms(Id, PlatformType, NumberOfDoors) VALUES (930, 200, 5)
INSERT dbo.Platforms(Id, PlatformType, NumberOfDoors) VALUES (931, 100, 3)
INSERT dbo.Platforms(Id, PlatformType, NumberOfDoors) VALUES (932, 100, 2)
INSERT dbo.Platforms(Id, PlatformType, NumberOfDoors) VALUES (933, 300, 5)
INSERT dbo.Platforms(Id, PlatformType, NumberOfDoors) VALUES (934, 200, 6)
INSERT dbo.Platforms(Id, PlatformType, NumberOfDoors) VALUES (935, 100, 3)
INSERT dbo.Platforms(Id, PlatformType, NumberOfDoors) VALUES (936, 400, 2)
INSERT dbo.Platforms(Id, PlatformType, NumberOfDoors) VALUES (937, 100, 2)
INSERT dbo.Platforms(Id, PlatformType, NumberOfDoors) VALUES (938, 100, 2)
INSERT dbo.Platforms(Id, PlatformType, NumberOfDoors) VALUES (939, 300, 5)
INSERT dbo.Platforms(Id, PlatformType, NumberOfDoors) VALUES (940, 300, 2)
INSERT dbo.Platforms(Id, PlatformType, NumberOfDoors) VALUES (941, 200, 3)
INSERT dbo.Platforms(Id, PlatformType, NumberOfDoors) VALUES (942, 100, 5)
INSERT dbo.Platforms(Id, PlatformType, NumberOfDoors) VALUES (943, 200, 2)
INSERT dbo.Platforms(Id, PlatformType, NumberOfDoors) VALUES (944, 100, 6)
INSERT dbo.Platforms(Id, PlatformType, NumberOfDoors) VALUES (945, 100, 3)
INSERT dbo.Platforms(Id, PlatformType, NumberOfDoors) VALUES (946, 400, 4)
INSERT dbo.Platforms(Id, PlatformType, NumberOfDoors) VALUES (947, 300, 4)
INSERT dbo.Platforms(Id, PlatformType, NumberOfDoors) VALUES (948, 300, 6)
INSERT dbo.Platforms(Id, PlatformType, NumberOfDoors) VALUES (949, 400, 4)
INSERT dbo.Platforms(Id, PlatformType, NumberOfDoors) VALUES (950, 200, 4)
INSERT dbo.Platforms(Id, PlatformType, NumberOfDoors) VALUES (951, 100, 2)
INSERT dbo.Platforms(Id, PlatformType, NumberOfDoors) VALUES (952, 100, 5)
INSERT dbo.Platforms(Id, PlatformType, NumberOfDoors) VALUES (953, 100, 5)
INSERT dbo.Platforms(Id, PlatformType, NumberOfDoors) VALUES (954, 400, 4)
INSERT dbo.Platforms(Id, PlatformType, NumberOfDoors) VALUES (955, 200, 3)
INSERT dbo.Platforms(Id, PlatformType, NumberOfDoors) VALUES (956, 300, 2)
INSERT dbo.Platforms(Id, PlatformType, NumberOfDoors) VALUES (957, 200, 5)
INSERT dbo.Platforms(Id, PlatformType, NumberOfDoors) VALUES (958, 200, 6)
INSERT dbo.Platforms(Id, PlatformType, NumberOfDoors) VALUES (959, 300, 2)
INSERT dbo.Platforms(Id, PlatformType, NumberOfDoors) VALUES (960, 100, 2)
INSERT dbo.Platforms(Id, PlatformType, NumberOfDoors) VALUES (961, 300, 2)
INSERT dbo.Platforms(Id, PlatformType, NumberOfDoors) VALUES (962, 300, 5)
INSERT dbo.Platforms(Id, PlatformType, NumberOfDoors) VALUES (963, 400, 3)
INSERT dbo.Platforms(Id, PlatformType, NumberOfDoors) VALUES (964, 400, 4)
INSERT dbo.Platforms(Id, PlatformType, NumberOfDoors) VALUES (965, 400, 4)
INSERT dbo.Platforms(Id, PlatformType, NumberOfDoors) VALUES (966, 300, 5)
INSERT dbo.Platforms(Id, PlatformType, NumberOfDoors) VALUES (967, 100, 2)
INSERT dbo.Platforms(Id, PlatformType, NumberOfDoors) VALUES (968, 200, 2)
INSERT dbo.Platforms(Id, PlatformType, NumberOfDoors) VALUES (969, 300, 2)
INSERT dbo.Platforms(Id, PlatformType, NumberOfDoors) VALUES (970, 200, 2)
INSERT dbo.Platforms(Id, PlatformType, NumberOfDoors) VALUES (971, 200, 6)
INSERT dbo.Platforms(Id, PlatformType, NumberOfDoors) VALUES (972, 200, 4)
INSERT dbo.Platforms(Id, PlatformType, NumberOfDoors) VALUES (973, 100, 2)
INSERT dbo.Platforms(Id, PlatformType, NumberOfDoors) VALUES (974, 100, 2)
INSERT dbo.Platforms(Id, PlatformType, NumberOfDoors) VALUES (975, 100, 4)
INSERT dbo.Platforms(Id, PlatformType, NumberOfDoors) VALUES (976, 100, 5)
INSERT dbo.Platforms(Id, PlatformType, NumberOfDoors) VALUES (977, 100, 6)
INSERT dbo.Platforms(Id, PlatformType, NumberOfDoors) VALUES (978, 100, 5)
INSERT dbo.Platforms(Id, PlatformType, NumberOfDoors) VALUES (979, 200, 2)
INSERT dbo.Platforms(Id, PlatformType, NumberOfDoors) VALUES (980, 200, 3)
INSERT dbo.Platforms(Id, PlatformType, NumberOfDoors) VALUES (981, 100, 3)
INSERT dbo.Platforms(Id, PlatformType, NumberOfDoors) VALUES (982, 100, 2)
INSERT dbo.Platforms(Id, PlatformType, NumberOfDoors) VALUES (983, 400, 5)
INSERT dbo.Platforms(Id, PlatformType, NumberOfDoors) VALUES (984, 100, 6)
INSERT dbo.Platforms(Id, PlatformType, NumberOfDoors) VALUES (985, 100, 6)
INSERT dbo.Platforms(Id, PlatformType, NumberOfDoors) VALUES (986, 400, 5)
INSERT dbo.Platforms(Id, PlatformType, NumberOfDoors) VALUES (987, 100, 4)
INSERT dbo.Platforms(Id, PlatformType, NumberOfDoors) VALUES (988, 300, 4)
INSERT dbo.Platforms(Id, PlatformType, NumberOfDoors) VALUES (989, 100, 3)
INSERT dbo.Platforms(Id, PlatformType, NumberOfDoors) VALUES (990, 300, 2)
INSERT dbo.Platforms(Id, PlatformType, NumberOfDoors) VALUES (991, 200, 4)
INSERT dbo.Platforms(Id, PlatformType, NumberOfDoors) VALUES (992, 300, 4)
INSERT dbo.Platforms(Id, PlatformType, NumberOfDoors) VALUES (993, 200, 2)
INSERT dbo.Platforms(Id, PlatformType, NumberOfDoors) VALUES (994, 200, 2)
INSERT dbo.Platforms(Id, PlatformType, NumberOfDoors) VALUES (995, 100, 4)
INSERT dbo.Platforms(Id, PlatformType, NumberOfDoors) VALUES (996, 300, 2)
INSERT dbo.Platforms(Id, PlatformType, NumberOfDoors) VALUES (997, 100, 2)
INSERT dbo.Platforms(Id, PlatformType, NumberOfDoors) VALUES (998, 200, 2)
INSERT dbo.Platforms(Id, PlatformType, NumberOfDoors) VALUES (999, 200, 2)
INSERT dbo.Platforms(Id, PlatformType, NumberOfDoors) VALUES (1000, 100, 3)
GO
SET IDENTITY_INSERT dbo.Platforms OFF
GO

IF @@ERROR<>0 OR @@TRANCOUNT=0 BEGIN IF @@TRANCOUNT>0 ROLLBACK SET NOEXEC ON END

--
-- Inserting data into table dbo.Towns
--
SET IDENTITY_INSERT dbo.Towns ON
GO

IF @@ERROR<>0 OR @@TRANCOUNT=0 BEGIN IF @@TRANCOUNT>0 ROLLBACK SET NOEXEC ON END
INSERT dbo.Towns(Id, Name) VALUES (1, N'Eastbourne')
INSERT dbo.Towns(Id, Name) VALUES (2, N'Cambridge')
INSERT dbo.Towns(Id, Name) VALUES (3, N'Leicester')
INSERT dbo.Towns(Id, Name) VALUES (4, N'Exeter')
INSERT dbo.Towns(Id, Name) VALUES (5, N'Blackpool')
INSERT dbo.Towns(Id, Name) VALUES (6, N'Colchester')
INSERT dbo.Towns(Id, Name) VALUES (7, N'Watford')
INSERT dbo.Towns(Id, Name) VALUES (8, N'Sheffield')
INSERT dbo.Towns(Id, Name) VALUES (9, N'Sunderland')
INSERT dbo.Towns(Id, Name) VALUES (10, N'York')
INSERT dbo.Towns(Id, Name) VALUES (11, N'West Bromwich')
INSERT dbo.Towns(Id, Name) VALUES (12, N'Newcastle upon Tyne')
INSERT dbo.Towns(Id, Name) VALUES (13, N'Slough')
INSERT dbo.Towns(Id, Name) VALUES (14, N'Bolton')
INSERT dbo.Towns(Id, Name) VALUES (15, N'Liverpool')
INSERT dbo.Towns(Id, Name) VALUES (16, N'Sutton Coldfield')
INSERT dbo.Towns(Id, Name) VALUES (17, N'Southampton')
INSERT dbo.Towns(Id, Name) VALUES (18, N'Swindon')
INSERT dbo.Towns(Id, Name) VALUES (19, N'Gloucester')
INSERT dbo.Towns(Id, Name) VALUES (20, N'Coventry')
INSERT dbo.Towns(Id, Name) VALUES (21, N'Walsall')
INSERT dbo.Towns(Id, Name) VALUES (22, N'Plymouth')
INSERT dbo.Towns(Id, Name) VALUES (23, N'Southend-on-Sea')
INSERT dbo.Towns(Id, Name) VALUES (24, N'Telford')
INSERT dbo.Towns(Id, Name) VALUES (25, N'Bournemouth')
INSERT dbo.Towns(Id, Name) VALUES (26, N'London')
INSERT dbo.Towns(Id, Name) VALUES (27, N'Crawley')
INSERT dbo.Towns(Id, Name) VALUES (28, N'Northampton')
INSERT dbo.Towns(Id, Name) VALUES (29, N'Huddersfield')
INSERT dbo.Towns(Id, Name) VALUES (30, N'Poole')
INSERT dbo.Towns(Id, Name) VALUES (31, N'Bradford')
INSERT dbo.Towns(Id, Name) VALUES (32, N'St Helens')
INSERT dbo.Towns(Id, Name) VALUES (33, N'Wolverhampton')
INSERT dbo.Towns(Id, Name) VALUES (34, N'Derby')
INSERT dbo.Towns(Id, Name) VALUES (35, N'Brighton')
INSERT dbo.Towns(Id, Name) VALUES (36, N'Norwich')
INSERT dbo.Towns(Id, Name) VALUES (37, N'Portsmouth')
INSERT dbo.Towns(Id, Name) VALUES (38, N'Birmingham')
INSERT dbo.Towns(Id, Name) VALUES (39, N'Nottingham')
INSERT dbo.Towns(Id, Name) VALUES (40, N'Bristol')
INSERT dbo.Towns(Id, Name) VALUES (41, N'Reading')
INSERT dbo.Towns(Id, Name) VALUES (42, N'Blackburn')
INSERT dbo.Towns(Id, Name) VALUES (43, N'Stockport')
INSERT dbo.Towns(Id, Name) VALUES (44, N'Preston')
INSERT dbo.Towns(Id, Name) VALUES (45, N'Rotherham')
INSERT dbo.Towns(Id, Name) VALUES (46, N'Luton')
INSERT dbo.Towns(Id, Name) VALUES (47, N'Stoke-on-Trent')
INSERT dbo.Towns(Id, Name) VALUES (48, N'Oldham')
INSERT dbo.Towns(Id, Name) VALUES (49, N'Middlesbrough')
INSERT dbo.Towns(Id, Name) VALUES (50, N'Oxford')
INSERT dbo.Towns(Id, Name) VALUES (51, N'Ipswich')
INSERT dbo.Towns(Id, Name) VALUES (52, N'Manchester')
INSERT dbo.Towns(Id, Name) VALUES (53, N'Milton Keynes')
INSERT dbo.Towns(Id, Name) VALUES (54, N'Kingston upon Hull')
INSERT dbo.Towns(Id, Name) VALUES (55, N'Peterborough')
INSERT dbo.Towns(Id, Name) VALUES (56, N'Dudley')
INSERT dbo.Towns(Id, Name) VALUES (57, N'Leeds')
GO
SET IDENTITY_INSERT dbo.Towns OFF
GO

IF @@ERROR<>0 OR @@TRANCOUNT=0 BEGIN IF @@TRANCOUNT>0 ROLLBACK SET NOEXEC ON END

--
-- Inserting data into table dbo.Dealers
--
SET IDENTITY_INSERT dbo.Dealers ON
GO

IF @@ERROR<>0 OR @@TRANCOUNT=0 BEGIN IF @@TRANCOUNT>0 ROLLBACK SET NOEXEC ON END
INSERT dbo.Dealers(Id, Name, TownId) VALUES (1, N'West Coast Z-Mobile Group', 19)
INSERT dbo.Dealers(Id, Name, TownId) VALUES (2, N'National Space Explore Corp.', 35)
INSERT dbo.Dealers(Id, Name, TownId) VALUES (3, N'Global Space Explore Group', 30)
INSERT dbo.Dealers(Id, Name, TownId) VALUES (4, N'Canadian P-Mobile Corporation', 43)
INSERT dbo.Dealers(Id, Name, TownId) VALUES (5, N'Professional Space Research Group', 7)
INSERT dbo.Dealers(Id, Name, TownId) VALUES (6, N'West Coast Automotive Co.', 28)
INSERT dbo.Dealers(Id, Name, TownId) VALUES (7, N'North R-Mobile Group', 42)
INSERT dbo.Dealers(Id, Name, TownId) VALUES (8, N'Home Trust Corporation', 21)
INSERT dbo.Dealers(Id, Name, TownId) VALUES (9, N'Domestic Z-Mobile Co.', 21)
INSERT dbo.Dealers(Id, Name, TownId) VALUES (10, N'Advanced High-Technologies Corporation', 33)
INSERT dbo.Dealers(Id, Name, TownId) VALUES (11, N'National High-Technologies Group', 35)
INSERT dbo.Dealers(Id, Name, TownId) VALUES (12, N'East High-Technologies Corp.', 51)
INSERT dbo.Dealers(Id, Name, TownId) VALUES (13, N'Canadian Space Explore Inc.', 11)
INSERT dbo.Dealers(Id, Name, TownId) VALUES (14, N'General Space Research Inc.', 53)
INSERT dbo.Dealers(Id, Name, TownId) VALUES (15, N'Australian Space Research Corporation', 21)
GO
SET IDENTITY_INSERT dbo.Dealers OFF
GO

IF @@ERROR<>0 OR @@TRANCOUNT=0 BEGIN IF @@TRANCOUNT>0 ROLLBACK SET NOEXEC ON END

--
-- Inserting data into table dbo.Models
--
SET IDENTITY_INSERT dbo.Models ON
GO

IF @@ERROR<>0 OR @@TRANCOUNT=0 BEGIN IF @@TRANCOUNT>0 ROLLBACK SET NOEXEC ON END
INSERT dbo.Models(Id, Name, Year, ManufacturerId, PlatformId, EngineId) VALUES (1, N'Monotellator', '2000-01-01 00:00:01.050', 3, 310, 18)
INSERT dbo.Models(Id, Name, Year, ManufacturerId, PlatformId, EngineId) VALUES (2, N'Cartholdon', '2000-01-01 00:00:01.420', 7, 510, 1)
INSERT dbo.Models(Id, Name, Year, ManufacturerId, PlatformId, EngineId) VALUES (3, N'Protectepphone', '2012-05-20 20:56:23.590', 1, 411, 46)
INSERT dbo.Models(Id, Name, Year, ManufacturerId, PlatformId, EngineId) VALUES (4, N'Temutridge', '2011-02-26 19:30:25.150', 9, 548, 11)
INSERT dbo.Models(Id, Name, Year, ManufacturerId, PlatformId, EngineId) VALUES (5, N'Rebandopor', '2000-01-01 00:00:01.640', 8, 835, 37)
INSERT dbo.Models(Id, Name, Year, ManufacturerId, PlatformId, EngineId) VALUES (6, N'Montopar', '2000-01-01 00:01:33.790', 3, 135, 6)
INSERT dbo.Models(Id, Name, Year, ManufacturerId, PlatformId, EngineId) VALUES (7, N'Readcyclewon', '2003-05-21 16:04:33.580', 4, 157, 20)
INSERT dbo.Models(Id, Name, Year, ManufacturerId, PlatformId, EngineId) VALUES (8, N'Cabcyclridge', '2000-01-01 00:00:01.260', 5, 255, 20)
INSERT dbo.Models(Id, Name, Year, ManufacturerId, PlatformId, EngineId) VALUES (9, N'Playplottfiar', '2015-10-13 10:45:45.910', 2, 879, 22)
INSERT dbo.Models(Id, Name, Year, ManufacturerId, PlatformId, EngineId) VALUES (10, N'Charbandry', '2002-12-06 14:13:38.480', 1, 714, 32)
INSERT dbo.Models(Id, Name, Year, ManufacturerId, PlatformId, EngineId) VALUES (11, N'Tetinopra', '2000-01-01 00:00:09.060', 1, 481, 10)
INSERT dbo.Models(Id, Name, Year, ManufacturerId, PlatformId, EngineId) VALUES (12, N'Anculimridge', '2000-01-01 00:00:01.260', 3, 436, 16)
INSERT dbo.Models(Id, Name, Year, ManufacturerId, PlatformId, EngineId) VALUES (13, N'Micbandra', '2000-01-01 00:00:01.720', 6, 213, 6)
INSERT dbo.Models(Id, Name, Year, ManufacturerId, PlatformId, EngineId) VALUES (14, N'Relifiry', '2000-01-01 00:00:01.020', 9, 371, 35)
INSERT dbo.Models(Id, Name, Year, ManufacturerId, PlatformId, EngineId) VALUES (15, N'Moncordor', '2000-01-01 00:00:01.770', 2, 621, 17)
INSERT dbo.Models(Id, Name, Year, ManufacturerId, PlatformId, EngineId) VALUES (16, N'Cleanholdor', '2000-01-01 19:10:44.990', 7, 601, 13)
INSERT dbo.Models(Id, Name, Year, ManufacturerId, PlatformId, EngineId) VALUES (17, N'Tecyclridge', '2000-01-01 00:00:01.880', 9, 981, 43)
INSERT dbo.Models(Id, Name, Year, ManufacturerId, PlatformId, EngineId) VALUES (18, N'Tabjectlet', '2010-03-27 12:49:21.670', 6, 282, 8)
INSERT dbo.Models(Id, Name, Year, ManufacturerId, PlatformId, EngineId) VALUES (19, N'Readtagaridge', '2011-04-06 05:12:31.090', 5, 170, 28)
INSERT dbo.Models(Id, Name, Year, ManufacturerId, PlatformId, EngineId) VALUES (20, N'Remutscope', '2000-01-01 00:01:01.360', 7, 892, 34)
INSERT dbo.Models(Id, Name, Year, ManufacturerId, PlatformId, EngineId) VALUES (21, N'Comtiner', '2000-01-01 09:52:25.130', 1, 968, 26)
INSERT dbo.Models(Id, Name, Year, ManufacturerId, PlatformId, EngineId) VALUES (22, N'Chartecter', '2000-01-18 00:48:19.790', 7, 551, 45)
INSERT dbo.Models(Id, Name, Year, ManufacturerId, PlatformId, EngineId) VALUES (23, N'Micjectimlet', '2007-02-18 08:49:10.860', 2, 98, 15)
INSERT dbo.Models(Id, Name, Year, ManufacturerId, PlatformId, EngineId) VALUES (24, N'Monceiver', '2003-03-29 04:56:10.620', 1, 94, 45)
INSERT dbo.Models(Id, Name, Year, ManufacturerId, PlatformId, EngineId) VALUES (25, N'Cartleerer', '2009-01-10 11:09:19.590', 5, 37, 10)
INSERT dbo.Models(Id, Name, Year, ManufacturerId, PlatformId, EngineId) VALUES (26, N'Contecticator', '2003-12-25 05:16:27.600', 10, 4, 44)
INSERT dbo.Models(Id, Name, Year, ManufacturerId, PlatformId, EngineId) VALUES (27, N'Monofindedon', '2000-01-02 01:49:54.310', 9, 434, 6)
INSERT dbo.Models(Id, Name, Year, ManufacturerId, PlatformId, EngineId) VALUES (28, N'Armtinonor', '2000-09-06 06:38:17.200', 1, 76, 34)
INSERT dbo.Models(Id, Name, Year, ManufacturerId, PlatformId, EngineId) VALUES (29, N'Tabculommer', '2000-01-01 00:00:02.790', 2, 739, 28)
INSERT dbo.Models(Id, Name, Year, ManufacturerId, PlatformId, EngineId) VALUES (30, N'Micbander', '2001-09-19 15:18:14.240', 7, 937, 25)
INSERT dbo.Models(Id, Name, Year, ManufacturerId, PlatformId, EngineId) VALUES (31, N'Reniopscope', '2000-01-01 00:00:01.300', 2, 170, 20)
INSERT dbo.Models(Id, Name, Year, ManufacturerId, PlatformId, EngineId) VALUES (32, N'Tabcyclanor', '2007-12-13 23:30:31.720', 9, 551, 11)
INSERT dbo.Models(Id, Name, Year, ManufacturerId, PlatformId, EngineId) VALUES (33, N'Retoponor', '2000-01-01 00:00:01.030', 8, 851, 8)
INSERT dbo.Models(Id, Name, Year, ManufacturerId, PlatformId, EngineId) VALUES (34, N'Monocordra', '2000-01-16 23:56:52.880', 1, 334, 8)
INSERT dbo.Models(Id, Name, Year, ManufacturerId, PlatformId, EngineId) VALUES (35, N'Rejectoper', '2000-01-01 00:00:01.980', 5, 457, 26)
INSERT dbo.Models(Id, Name, Year, ManufacturerId, PlatformId, EngineId) VALUES (36, N'Cabcordexar', '2000-01-01 00:00:01.920', 2, 957, 28)
INSERT dbo.Models(Id, Name, Year, ManufacturerId, PlatformId, EngineId) VALUES (37, N'Cabnier', '2000-01-01 00:00:52.760', 4, 546, 5)
INSERT dbo.Models(Id, Name, Year, ManufacturerId, PlatformId, EngineId) VALUES (38, N'Retinupon', '2000-01-01 00:00:07.500', 7, 718, 20)
INSERT dbo.Models(Id, Name, Year, ManufacturerId, PlatformId, EngineId) VALUES (39, N'Bimuter', '2000-01-01 00:00:01.970', 4, 659, 18)
INSERT dbo.Models(Id, Name, Year, ManufacturerId, PlatformId, EngineId) VALUES (40, N'Mictary', '2000-02-10 01:43:29.340', 3, 115, 6)
INSERT dbo.Models(Id, Name, Year, ManufacturerId, PlatformId, EngineId) VALUES (41, N'Tweetpickentor', '2000-01-01 00:00:01.650', 4, 669, 4)
INSERT dbo.Models(Id, Name, Year, ManufacturerId, PlatformId, EngineId) VALUES (42, N'Translifigaor', '2000-01-01 00:00:01.010', 4, 671, 26)
INSERT dbo.Models(Id, Name, Year, ManufacturerId, PlatformId, EngineId) VALUES (43, N'Amptoper', '2003-05-04 02:29:40.580', 5, 603, 42)
INSERT dbo.Models(Id, Name, Year, ManufacturerId, PlatformId, EngineId) VALUES (44, N'Retectscope', '2004-02-17 19:43:36.980', 10, 886, 33)
INSERT dbo.Models(Id, Name, Year, ManufacturerId, PlatformId, EngineId) VALUES (45, N'Charfindewry', '2000-01-01 23:55:15.110', 10, 681, 7)
INSERT dbo.Models(Id, Name, Year, ManufacturerId, PlatformId, EngineId) VALUES (46, N'Readcyclridge', '2000-01-02 00:10:32.270', 10, 872, 18)
INSERT dbo.Models(Id, Name, Year, ManufacturerId, PlatformId, EngineId) VALUES (47, N'Binion', '2011-01-13 13:33:40.320', 8, 281, 5)
INSERT dbo.Models(Id, Name, Year, ManufacturerId, PlatformId, EngineId) VALUES (48, N'Complottor', '2000-12-09 17:24:06.300', 7, 794, 34)
INSERT dbo.Models(Id, Name, Year, ManufacturerId, PlatformId, EngineId) VALUES (49, N'Transplottedator', '2000-01-16 20:59:31.910', 9, 805, 12)
INSERT dbo.Models(Id, Name, Year, ManufacturerId, PlatformId, EngineId) VALUES (50, N'Projectaquor', '2012-08-08 16:36:14.330', 4, 651, 49)
INSERT dbo.Models(Id, Name, Year, ManufacturerId, PlatformId, EngineId) VALUES (51, N'Contoponentor', '2000-01-16 02:38:46.370', 6, 481, 22)
INSERT dbo.Models(Id, Name, Year, ManufacturerId, PlatformId, EngineId) VALUES (52, N'Protinridge', '2000-01-02 02:05:10.310', 5, 898, 10)
INSERT dbo.Models(Id, Name, Year, ManufacturerId, PlatformId, EngineId) VALUES (53, N'Remuter', '2012-04-02 03:20:04.340', 7, 19, 43)
INSERT dbo.Models(Id, Name, Year, ManufacturerId, PlatformId, EngineId) VALUES (54, N'Computlet', '2000-01-01 00:00:07.150', 9, 796, 29)
INSERT dbo.Models(Id, Name, Year, ManufacturerId, PlatformId, EngineId) VALUES (55, N'Stereolictplor', '2009-10-03 08:54:00.560', 2, 291, 14)
INSERT dbo.Models(Id, Name, Year, ManufacturerId, PlatformId, EngineId) VALUES (56, N'Teholdor', '2000-01-01 00:00:01.730', 2, 245, 23)
INSERT dbo.Models(Id, Name, Year, ManufacturerId, PlatformId, EngineId) VALUES (57, N'Moncordletridge', '2000-01-01 00:00:01.360', 7, 933, 1)
INSERT dbo.Models(Id, Name, Year, ManufacturerId, PlatformId, EngineId) VALUES (58, N'Armjectar', '2000-01-01 00:00:01.770', 7, 8, 42)
INSERT dbo.Models(Id, Name, Year, ManufacturerId, PlatformId, EngineId) VALUES (59, N'Monomuter', '2013-04-07 07:49:00.800', 2, 504, 41)
INSERT dbo.Models(Id, Name, Year, ManufacturerId, PlatformId, EngineId) VALUES (60, N'Stereoleewridge', '2005-05-10 23:37:17.160', 4, 379, 14)
INSERT dbo.Models(Id, Name, Year, ManufacturerId, PlatformId, EngineId) VALUES (61, N'Readtaridge', '2002-12-16 13:08:01.530', 6, 64, 17)
INSERT dbo.Models(Id, Name, Year, ManufacturerId, PlatformId, EngineId) VALUES (62, N'Cartbander', '2000-01-01 00:00:01.450', 8, 255, 16)
INSERT dbo.Models(Id, Name, Year, ManufacturerId, PlatformId, EngineId) VALUES (63, N'Playmutridge', '2002-06-16 12:09:17.640', 3, 635, 43)
INSERT dbo.Models(Id, Name, Year, ManufacturerId, PlatformId, EngineId) VALUES (64, N'Ancycliclet', '2000-01-01 00:00:54.750', 6, 59, 5)
INSERT dbo.Models(Id, Name, Year, ManufacturerId, PlatformId, EngineId) VALUES (65, N'Tabtininar', '2013-12-31 00:32:24.230', 5, 925, 5)
INSERT dbo.Models(Id, Name, Year, ManufacturerId, PlatformId, EngineId) VALUES (66, N'Printcyclexar', '2000-01-01 00:00:37.490', 7, 873, 34)
INSERT dbo.Models(Id, Name, Year, ManufacturerId, PlatformId, EngineId) VALUES (67, N'Carttellra', '2008-02-20 07:57:01.660', 10, 935, 8)
INSERT dbo.Models(Id, Name, Year, ManufacturerId, PlatformId, EngineId) VALUES (68, N'Printceiverry', '2000-01-01 00:00:01.890', 3, 182, 23)
INSERT dbo.Models(Id, Name, Year, ManufacturerId, PlatformId, EngineId) VALUES (69, N'Tweetcordar', '2013-03-24 07:36:28.380', 2, 218, 45)
INSERT dbo.Models(Id, Name, Year, ManufacturerId, PlatformId, EngineId) VALUES (70, N'Printbandexentor', '2009-10-29 01:17:17.680', 2, 875, 47)
INSERT dbo.Models(Id, Name, Year, ManufacturerId, PlatformId, EngineId) VALUES (71, N'Playcordewscope', '2000-01-01 00:00:01.320', 5, 122, 14)
INSERT dbo.Models(Id, Name, Year, ManufacturerId, PlatformId, EngineId) VALUES (72, N'Micculedscope', '2009-09-29 11:20:31.410', 3, 193, 3)
INSERT dbo.Models(Id, Name, Year, ManufacturerId, PlatformId, EngineId) VALUES (73, N'Tabtellpler', '2000-01-03 04:49:57.200', 2, 885, 36)
INSERT dbo.Models(Id, Name, Year, ManufacturerId, PlatformId, EngineId) VALUES (74, N'Comtinonor', '2000-01-01 00:00:01.770', 9, 805, 9)
INSERT dbo.Models(Id, Name, Year, ManufacturerId, PlatformId, EngineId) VALUES (75, N'Monofinder', '2000-01-01 00:00:05.830', 2, 474, 7)
INSERT dbo.Models(Id, Name, Year, ManufacturerId, PlatformId, EngineId) VALUES (76, N'Stereotopfilet', '2000-01-27 19:52:16.870', 8, 287, 9)
INSERT dbo.Models(Id, Name, Year, ManufacturerId, PlatformId, EngineId) VALUES (77, N'Protectedgphone', '2011-11-18 15:33:31.900', 10, 558, 23)
INSERT dbo.Models(Id, Name, Year, ManufacturerId, PlatformId, EngineId) VALUES (78, N'Monomutor', '2014-10-03 18:05:57.810', 8, 547, 18)
INSERT dbo.Models(Id, Name, Year, ManufacturerId, PlatformId, EngineId) VALUES (79, N'Playputridge', '2000-10-10 23:43:57.720', 8, 966, 44)
INSERT dbo.Models(Id, Name, Year, ManufacturerId, PlatformId, EngineId) VALUES (80, N'Concyclefer', '2001-09-25 03:12:52.900', 6, 607, 26)
INSERT dbo.Models(Id, Name, Year, ManufacturerId, PlatformId, EngineId) VALUES (81, N'Monoleexra', '2001-01-19 00:02:04.540', 9, 896, 28)
INSERT dbo.Models(Id, Name, Year, ManufacturerId, PlatformId, EngineId) VALUES (82, N'Tweettaanentor', '2006-03-16 20:32:14.130', 1, 412, 44)
INSERT dbo.Models(Id, Name, Year, ManufacturerId, PlatformId, EngineId) VALUES (83, N'Tweetbandlet', '2000-01-01 07:09:23.570', 2, 332, 12)
INSERT dbo.Models(Id, Name, Year, ManufacturerId, PlatformId, EngineId) VALUES (84, N'Commuter', '2000-01-01 17:17:19.700', 4, 348, 9)
INSERT dbo.Models(Id, Name, Year, ManufacturerId, PlatformId, EngineId) VALUES (85, N'Conculaquator', '2016-02-26 10:11:24.700', 6, 422, 45)
INSERT dbo.Models(Id, Name, Year, ManufacturerId, PlatformId, EngineId) VALUES (86, N'Comjectadphone', '2005-09-07 03:18:17.640', 5, 195, 34)
INSERT dbo.Models(Id, Name, Year, ManufacturerId, PlatformId, EngineId) VALUES (87, N'Ancyclphone', '2000-01-01 00:00:01.600', 3, 786, 50)
INSERT dbo.Models(Id, Name, Year, ManufacturerId, PlatformId, EngineId) VALUES (88, N'Readtinletphone', '2000-01-01 00:00:01.630', 6, 280, 3)
INSERT dbo.Models(Id, Name, Year, ManufacturerId, PlatformId, EngineId) VALUES (89, N'Montinletry', '2000-01-01 00:00:47.250', 9, 637, 14)
INSERT dbo.Models(Id, Name, Year, ManufacturerId, PlatformId, EngineId) VALUES (90, N'Mictellscope', '2000-01-01 15:53:27.920', 5, 517, 10)
INSERT dbo.Models(Id, Name, Year, ManufacturerId, PlatformId, EngineId) VALUES (91, N'Subculedor', '2010-06-16 04:44:43.330', 1, 818, 37)
INSERT dbo.Models(Id, Name, Year, ManufacturerId, PlatformId, EngineId) VALUES (92, N'Anjectscope', '2012-03-09 05:47:04.770', 4, 644, 39)
INSERT dbo.Models(Id, Name, Year, ManufacturerId, PlatformId, EngineId) VALUES (93, N'Supjectentor', '2003-01-21 20:39:15.100', 7, 618, 10)
INSERT dbo.Models(Id, Name, Year, ManufacturerId, PlatformId, EngineId) VALUES (94, N'Playnianar', '2000-01-01 00:00:04.450', 2, 206, 19)
INSERT dbo.Models(Id, Name, Year, ManufacturerId, PlatformId, EngineId) VALUES (95, N'Reniator', '2002-03-03 23:16:43.950', 4, 914, 38)
INSERT dbo.Models(Id, Name, Year, ManufacturerId, PlatformId, EngineId) VALUES (96, N'Comlictar', '2000-01-01 00:00:01.170', 1, 489, 20)
INSERT dbo.Models(Id, Name, Year, ManufacturerId, PlatformId, EngineId) VALUES (97, N'Monotinator', '2006-10-18 21:03:10.080', 2, 372, 33)
INSERT dbo.Models(Id, Name, Year, ManufacturerId, PlatformId, EngineId) VALUES (98, N'Cabcordfior', '2009-06-13 05:06:02.860', 4, 181, 25)
INSERT dbo.Models(Id, Name, Year, ManufacturerId, PlatformId, EngineId) VALUES (99, N'Tabtiner', '2009-07-02 22:08:03.760', 3, 609, 47)
INSERT dbo.Models(Id, Name, Year, ManufacturerId, PlatformId, EngineId) VALUES (100, N'Ampcorder', '2006-11-15 22:16:05.630', 2, 268, 26)
INSERT dbo.Models(Id, Name, Year, ManufacturerId, PlatformId, EngineId) VALUES (101, N'Contellimator', '2011-07-01 16:36:18.870', 9, 59, 21)
INSERT dbo.Models(Id, Name, Year, ManufacturerId, PlatformId, EngineId) VALUES (102, N'Subcessry', '2000-05-30 05:27:54.070', 2, 243, 42)
INSERT dbo.Models(Id, Name, Year, ManufacturerId, PlatformId, EngineId) VALUES (103, N'Playjectfiphone', '2002-11-01 06:44:23.270', 10, 364, 24)
INSERT dbo.Models(Id, Name, Year, ManufacturerId, PlatformId, EngineId) VALUES (104, N'Suptelllet', '2000-01-01 00:00:01.610', 7, 328, 50)
INSERT dbo.Models(Id, Name, Year, ManufacturerId, PlatformId, EngineId) VALUES (105, N'Micculewer', '2000-01-01 00:00:01.110', 10, 482, 9)
INSERT dbo.Models(Id, Name, Year, ManufacturerId, PlatformId, EngineId) VALUES (106, N'Subtelloner', '2007-10-13 02:17:02.760', 3, 629, 43)
INSERT dbo.Models(Id, Name, Year, ManufacturerId, PlatformId, EngineId) VALUES (107, N'Transputlet', '2000-01-01 00:00:25.350', 5, 682, 16)
INSERT dbo.Models(Id, Name, Year, ManufacturerId, PlatformId, EngineId) VALUES (108, N'Sublictinlet', '2000-01-01 00:00:30.070', 4, 826, 28)
INSERT dbo.Models(Id, Name, Year, ManufacturerId, PlatformId, EngineId) VALUES (109, N'Receivphone', '2000-01-01 00:00:01.480', 1, 158, 16)
INSERT dbo.Models(Id, Name, Year, ManufacturerId, PlatformId, EngineId) VALUES (110, N'Speakcessaquentor', '2002-07-08 15:52:41.000', 7, 472, 35)
INSERT dbo.Models(Id, Name, Year, ManufacturerId, PlatformId, EngineId) VALUES (111, N'Monoholdedscope', '2000-01-01 00:00:01.490', 1, 753, 24)
INSERT dbo.Models(Id, Name, Year, ManufacturerId, PlatformId, EngineId) VALUES (112, N'Comcorder', '2000-01-01 00:00:01.490', 1, 366, 35)
INSERT dbo.Models(Id, Name, Year, ManufacturerId, PlatformId, EngineId) VALUES (113, N'Tabculefer', '2010-11-09 14:58:37.380', 9, 982, 45)
INSERT dbo.Models(Id, Name, Year, ManufacturerId, PlatformId, EngineId) VALUES (114, N'Tecordridge', '2000-01-01 00:00:01.250', 7, 151, 1)
INSERT dbo.Models(Id, Name, Year, ManufacturerId, PlatformId, EngineId) VALUES (115, N'Micfindewscope', '2000-01-01 00:00:01.920', 7, 716, 10)
INSERT dbo.Models(Id, Name, Year, ManufacturerId, PlatformId, EngineId) VALUES (116, N'Supwoofry', '2000-02-21 02:35:48.050', 3, 305, 24)
INSERT dbo.Models(Id, Name, Year, ManufacturerId, PlatformId, EngineId) VALUES (117, N'Speakwoofor', '2001-10-19 09:36:10.390', 2, 981, 27)
INSERT dbo.Models(Id, Name, Year, ManufacturerId, PlatformId, EngineId) VALUES (118, N'Reniridge', '2005-10-02 02:13:29.450', 3, 480, 24)
INSERT dbo.Models(Id, Name, Year, ManufacturerId, PlatformId, EngineId) VALUES (119, N'Confindry', '2000-01-01 00:00:01.280', 4, 920, 43)
INSERT dbo.Models(Id, Name, Year, ManufacturerId, PlatformId, EngineId) VALUES (120, N'Tablifierer', '2000-10-15 19:08:52.250', 4, 511, 3)
INSERT dbo.Models(Id, Name, Year, ManufacturerId, PlatformId, EngineId) VALUES (121, N'Tabpickimentor', '2000-01-01 05:39:28.580', 6, 31, 17)
INSERT dbo.Models(Id, Name, Year, ManufacturerId, PlatformId, EngineId) VALUES (122, N'Contalet', '2000-01-01 00:00:01.850', 5, 37, 4)
INSERT dbo.Models(Id, Name, Year, ManufacturerId, PlatformId, EngineId) VALUES (123, N'Anputimridge', '2010-03-17 13:52:11.020', 2, 970, 32)
INSERT dbo.Models(Id, Name, Year, ManufacturerId, PlatformId, EngineId) VALUES (124, N'Procyclpler', '2002-03-05 02:30:55.030', 6, 201, 22)
INSERT dbo.Models(Id, Name, Year, ManufacturerId, PlatformId, EngineId) VALUES (125, N'Bicesser', '2000-01-01 00:00:15.860', 10, 102, 9)
INSERT dbo.Models(Id, Name, Year, ManufacturerId, PlatformId, EngineId) VALUES (126, N'Tabcordplar', '2000-01-26 19:58:29.120', 5, 524, 7)
INSERT dbo.Models(Id, Name, Year, ManufacturerId, PlatformId, EngineId) VALUES (127, N'Amptaupar', '2000-08-07 21:49:53.240', 5, 517, 16)
INSERT dbo.Models(Id, Name, Year, ManufacturerId, PlatformId, EngineId) VALUES (128, N'Printmutadlet', '2005-08-17 10:00:22.720', 2, 506, 42)
INSERT dbo.Models(Id, Name, Year, ManufacturerId, PlatformId, EngineId) VALUES (129, N'Transleommator', '2011-05-14 06:45:01.150', 6, 91, 18)
INSERT dbo.Models(Id, Name, Year, ManufacturerId, PlatformId, EngineId) VALUES (130, N'Amplictator', '2000-01-01 00:00:27.670', 4, 917, 45)
INSERT dbo.Models(Id, Name, Year, ManufacturerId, PlatformId, EngineId) VALUES (131, N'Recordfiridge', '2000-01-01 00:01:37.710', 1, 950, 25)
INSERT dbo.Models(Id, Name, Year, ManufacturerId, PlatformId, EngineId) VALUES (132, N'Comcessinry', '2009-07-17 02:21:11.910', 4, 828, 49)
INSERT dbo.Models(Id, Name, Year, ManufacturerId, PlatformId, EngineId) VALUES (133, N'Cableentor', '2000-01-01 00:00:04.140', 1, 717, 50)
INSERT dbo.Models(Id, Name, Year, ManufacturerId, PlatformId, EngineId) VALUES (134, N'Tabputeflet', '2000-01-01 00:00:01.750', 4, 966, 14)
INSERT dbo.Models(Id, Name, Year, ManufacturerId, PlatformId, EngineId) VALUES (135, N'Speakcessfientor', '2000-01-01 00:00:01.790', 3, 521, 45)
INSERT dbo.Models(Id, Name, Year, ManufacturerId, PlatformId, EngineId) VALUES (136, N'Monoholdator', '2013-12-05 00:59:40.140', 8, 656, 27)
INSERT dbo.Models(Id, Name, Year, ManufacturerId, PlatformId, EngineId) VALUES (137, N'Conpickar', '2006-06-11 23:58:39.760', 10, 773, 12)
INSERT dbo.Models(Id, Name, Year, ManufacturerId, PlatformId, EngineId) VALUES (138, N'Concorder', '2006-09-25 21:17:11.670', 7, 710, 43)
INSERT dbo.Models(Id, Name, Year, ManufacturerId, PlatformId, EngineId) VALUES (139, N'Tecessentor', '2012-09-02 18:39:55.340', 7, 220, 44)
INSERT dbo.Models(Id, Name, Year, ManufacturerId, PlatformId, EngineId) VALUES (140, N'Cartmuter', '2000-01-01 00:00:01.740', 4, 140, 29)
INSERT dbo.Models(Id, Name, Year, ManufacturerId, PlatformId, EngineId) VALUES (141, N'Concordupphone', '2000-01-21 19:43:47.250', 10, 455, 34)
INSERT dbo.Models(Id, Name, Year, ManufacturerId, PlatformId, EngineId) VALUES (142, N'Tweettaer', '2000-01-01 00:01:32.930', 9, 74, 48)
INSERT dbo.Models(Id, Name, Year, ManufacturerId, PlatformId, EngineId) VALUES (143, N'Montellra', '2005-02-13 15:36:57.530', 6, 911, 43)
INSERT dbo.Models(Id, Name, Year, ManufacturerId, PlatformId, EngineId) VALUES (144, N'Concordefor', '2000-01-01 00:00:01.390', 8, 15, 48)
INSERT dbo.Models(Id, Name, Year, ManufacturerId, PlatformId, EngineId) VALUES (145, N'Charwoofer', '2009-08-25 12:35:11.530', 1, 756, 21)
INSERT dbo.Models(Id, Name, Year, ManufacturerId, PlatformId, EngineId) VALUES (146, N'Printcordoner', '2000-01-01 00:00:05.140', 10, 711, 11)
INSERT dbo.Models(Id, Name, Year, ManufacturerId, PlatformId, EngineId) VALUES (147, N'Conleentor', '2000-01-01 00:00:01.590', 1, 325, 4)
INSERT dbo.Models(Id, Name, Year, ManufacturerId, PlatformId, EngineId) VALUES (148, N'Protinadphone', '2000-01-01 00:00:01.860', 3, 609, 15)
INSERT dbo.Models(Id, Name, Year, ManufacturerId, PlatformId, EngineId) VALUES (149, N'Transniicar', '2001-11-18 17:15:37.400', 1, 860, 6)
INSERT dbo.Models(Id, Name, Year, ManufacturerId, PlatformId, EngineId) VALUES (150, N'Cleantopscope', '2000-01-01 00:00:01.310', 7, 348, 28)
INSERT dbo.Models(Id, Name, Year, ManufacturerId, PlatformId, EngineId) VALUES (151, N'Comfindaquon', '2000-01-02 13:17:46.680', 1, 552, 33)
INSERT dbo.Models(Id, Name, Year, ManufacturerId, PlatformId, EngineId) VALUES (152, N'Comniar', '2000-01-01 04:28:17.220', 8, 30, 18)
INSERT dbo.Models(Id, Name, Year, ManufacturerId, PlatformId, EngineId) VALUES (153, N'Contopewer', '2012-05-12 02:15:39.390', 7, 139, 46)
INSERT dbo.Models(Id, Name, Year, ManufacturerId, PlatformId, EngineId) VALUES (154, N'Comcordscope', '2000-01-01 00:00:08.490', 9, 819, 31)
INSERT dbo.Models(Id, Name, Year, ManufacturerId, PlatformId, EngineId) VALUES (155, N'Stereolicter', '2000-01-01 00:00:01.970', 1, 103, 14)
INSERT dbo.Models(Id, Name, Year, ManufacturerId, PlatformId, EngineId) VALUES (156, N'Monotellridge', '2001-04-09 08:00:31.840', 7, 441, 16)
INSERT dbo.Models(Id, Name, Year, ManufacturerId, PlatformId, EngineId) VALUES (157, N'Biputentor', '2000-01-01 00:00:20.940', 7, 945, 45)
INSERT dbo.Models(Id, Name, Year, ManufacturerId, PlatformId, EngineId) VALUES (158, N'Tabpickupor', '2012-01-23 12:27:35.040', 2, 871, 20)
INSERT dbo.Models(Id, Name, Year, ManufacturerId, PlatformId, EngineId) VALUES (159, N'Ampcessicscope', '2000-01-12 17:40:41.970', 10, 985, 20)
INSERT dbo.Models(Id, Name, Year, ManufacturerId, PlatformId, EngineId) VALUES (160, N'Micwoofor', '2003-08-08 14:40:37.420', 9, 272, 46)
INSERT dbo.Models(Id, Name, Year, ManufacturerId, PlatformId, EngineId) VALUES (161, N'Transputimor', '2003-12-25 09:20:21.340', 9, 374, 39)
INSERT dbo.Models(Id, Name, Year, ManufacturerId, PlatformId, EngineId) VALUES (162, N'Subcordedgry', '2008-12-14 06:57:51.280', 1, 212, 15)
INSERT dbo.Models(Id, Name, Year, ManufacturerId, PlatformId, EngineId) VALUES (163, N'Speaklifiator', '2008-04-30 22:46:08.040', 5, 31, 40)
INSERT dbo.Models(Id, Name, Year, ManufacturerId, PlatformId, EngineId) VALUES (164, N'Cleantinanphone', '2000-10-15 18:56:38.950', 10, 594, 32)
INSERT dbo.Models(Id, Name, Year, ManufacturerId, PlatformId, EngineId) VALUES (165, N'Readfindopry', '2000-01-01 15:25:48.580', 3, 876, 31)
INSERT dbo.Models(Id, Name, Year, ManufacturerId, PlatformId, EngineId) VALUES (166, N'Cablifior', '2000-01-01 00:00:01.710', 5, 643, 13)
INSERT dbo.Models(Id, Name, Year, ManufacturerId, PlatformId, EngineId) VALUES (167, N'Tweetplottewphone', '2011-04-30 10:51:32.850', 6, 985, 27)
INSERT dbo.Models(Id, Name, Year, ManufacturerId, PlatformId, EngineId) VALUES (168, N'Tabtinscope', '2003-05-31 10:28:12.460', 1, 164, 49)
INSERT dbo.Models(Id, Name, Year, ManufacturerId, PlatformId, EngineId) VALUES (169, N'Printceivaner', '2014-11-07 06:46:20.420', 7, 447, 8)
INSERT dbo.Models(Id, Name, Year, ManufacturerId, PlatformId, EngineId) VALUES (170, N'Confindonlet', '2000-01-01 00:00:01.060', 8, 743, 34)
INSERT dbo.Models(Id, Name, Year, ManufacturerId, PlatformId, EngineId) VALUES (171, N'Comlifiscope', '2012-07-07 19:52:46.440', 9, 636, 2)
INSERT dbo.Models(Id, Name, Year, ManufacturerId, PlatformId, EngineId) VALUES (172, N'Bifindletridge', '2000-01-01 15:34:02.400', 3, 866, 11)
INSERT dbo.Models(Id, Name, Year, ManufacturerId, PlatformId, EngineId) VALUES (173, N'Charmutaqury', '2000-02-11 23:59:17.030', 5, 832, 14)
INSERT dbo.Models(Id, Name, Year, ManufacturerId, PlatformId, EngineId) VALUES (174, N'Speaktinedgor', '2000-02-05 22:47:06.550', 6, 738, 44)
INSERT dbo.Models(Id, Name, Year, ManufacturerId, PlatformId, EngineId) VALUES (175, N'Comculopra', '2012-06-03 13:18:17.910', 7, 431, 5)
INSERT dbo.Models(Id, Name, Year, ManufacturerId, PlatformId, EngineId) VALUES (176, N'Transputer', '2000-01-26 17:16:45.500', 10, 926, 46)
INSERT dbo.Models(Id, Name, Year, ManufacturerId, PlatformId, EngineId) VALUES (177, N'Moncordedger', '2002-06-15 22:34:36.810', 10, 113, 11)
INSERT dbo.Models(Id, Name, Year, ManufacturerId, PlatformId, EngineId) VALUES (178, N'Comfindar', '2008-06-15 16:40:21.760', 10, 625, 37)
INSERT dbo.Models(Id, Name, Year, ManufacturerId, PlatformId, EngineId) VALUES (179, N'Moncordon', '2011-02-05 04:09:00.890', 10, 749, 46)
INSERT dbo.Models(Id, Name, Year, ManufacturerId, PlatformId, EngineId) VALUES (180, N'Amplictader', '2000-01-01 00:00:07.140', 3, 496, 4)
INSERT dbo.Models(Id, Name, Year, ManufacturerId, PlatformId, EngineId) VALUES (181, N'Complottra', '2000-01-17 16:33:30.210', 2, 958, 22)
INSERT dbo.Models(Id, Name, Year, ManufacturerId, PlatformId, EngineId) VALUES (182, N'Tabtinplscope', '2011-02-23 08:12:49.570', 5, 444, 35)
INSERT dbo.Models(Id, Name, Year, ManufacturerId, PlatformId, EngineId) VALUES (183, N'Speaklifiar', '2000-02-01 13:47:07.800', 10, 223, 42)
INSERT dbo.Models(Id, Name, Year, ManufacturerId, PlatformId, EngineId) VALUES (184, N'Cabtopry', '2006-10-01 19:46:06.650', 3, 854, 1)
INSERT dbo.Models(Id, Name, Year, ManufacturerId, PlatformId, EngineId) VALUES (185, N'Playtellepentor', '2000-01-01 00:00:02.430', 9, 398, 40)
INSERT dbo.Models(Id, Name, Year, ManufacturerId, PlatformId, EngineId) VALUES (186, N'Speakbandopphone', '2000-01-01 00:00:01.740', 10, 910, 21)
INSERT dbo.Models(Id, Name, Year, ManufacturerId, PlatformId, EngineId) VALUES (187, N'Comlifiollry', '2000-01-01 00:00:01.270', 6, 127, 7)
INSERT dbo.Models(Id, Name, Year, ManufacturerId, PlatformId, EngineId) VALUES (188, N'Retaicscope', '2001-09-10 13:40:35.860', 6, 79, 25)
INSERT dbo.Models(Id, Name, Year, ManufacturerId, PlatformId, EngineId) VALUES (189, N'Retopewer', '2003-11-05 10:54:03.190', 1, 929, 32)
INSERT dbo.Models(Id, Name, Year, ManufacturerId, PlatformId, EngineId) VALUES (190, N'Cartjecter', '2000-01-01 00:00:01.730', 1, 387, 36)
INSERT dbo.Models(Id, Name, Year, ManufacturerId, PlatformId, EngineId) VALUES (191, N'Relelet', '2000-01-01 00:00:01.520', 8, 182, 37)
INSERT dbo.Models(Id, Name, Year, ManufacturerId, PlatformId, EngineId) VALUES (192, N'Antelledlet', '2000-01-01 00:00:01.290', 7, 100, 13)
INSERT dbo.Models(Id, Name, Year, ManufacturerId, PlatformId, EngineId) VALUES (193, N'Monocordentor', '2005-03-27 20:46:28.590', 4, 533, 48)
INSERT dbo.Models(Id, Name, Year, ManufacturerId, PlatformId, EngineId) VALUES (194, N'Continplentor', '2000-06-30 05:56:37.400', 8, 840, 2)
INSERT dbo.Models(Id, Name, Year, ManufacturerId, PlatformId, EngineId) VALUES (195, N'Contopimer', '2003-12-27 09:30:33.970', 5, 799, 3)
INSERT dbo.Models(Id, Name, Year, ManufacturerId, PlatformId, EngineId) VALUES (196, N'Transwooferar', '2006-12-09 18:45:26.980', 1, 967, 35)
INSERT dbo.Models(Id, Name, Year, ManufacturerId, PlatformId, EngineId) VALUES (197, N'Armholdra', '2016-02-09 14:49:46.640', 3, 332, 9)
INSERT dbo.Models(Id, Name, Year, ManufacturerId, PlatformId, EngineId) VALUES (198, N'Bicordlet', '2000-01-01 00:00:01.170', 3, 65, 36)
INSERT dbo.Models(Id, Name, Year, ManufacturerId, PlatformId, EngineId) VALUES (199, N'Armholdplphone', '2000-01-01 00:00:01.520', 1, 304, 42)
INSERT dbo.Models(Id, Name, Year, ManufacturerId, PlatformId, EngineId) VALUES (200, N'Comtellridge', '2000-07-09 11:54:01.820', 6, 689, 22)
GO
SET IDENTITY_INSERT dbo.Models OFF
GO

IF @@ERROR<>0 OR @@TRANCOUNT=0 BEGIN IF @@TRANCOUNT>0 ROLLBACK SET NOEXEC ON END

--
-- Inserting data into table dbo.Cars
--
SET IDENTITY_INSERT dbo.Cars ON
GO

IF @@ERROR<>0 OR @@TRANCOUNT=0 BEGIN IF @@TRANCOUNT>0 ROLLBACK SET NOEXEC ON END
INSERT dbo.Cars(Id, ModelId, DealerId, Year, OrderId, Price) VALUES (1, 82, 14, '2000-03-21 12:59:01.980', NULL, 69687.6959)
INSERT dbo.Cars(Id, ModelId, DealerId, Year, OrderId, Price) VALUES (2, 173, 15, '2002-05-06 07:13:19.440', NULL, 13271.1317)
INSERT dbo.Cars(Id, ModelId, DealerId, Year, OrderId, Price) VALUES (3, 191, 11, '2002-02-24 16:40:19.760', 418, 96402.9630)
INSERT dbo.Cars(Id, ModelId, DealerId, Year, OrderId, Price) VALUES (4, 171, 13, '2007-04-27 02:59:00.270', NULL, 45850.4575)
INSERT dbo.Cars(Id, ModelId, DealerId, Year, OrderId, Price) VALUES (5, 32, 4, '2000-02-05 09:10:18.080', 820, 10000)
INSERT dbo.Cars(Id, ModelId, DealerId, Year, OrderId, Price) VALUES (6, 49, 4, '2009-08-22 21:04:53.730', NULL, 10000)
INSERT dbo.Cars(Id, ModelId, DealerId, Year, OrderId, Price) VALUES (7, 68, 3, '2008-11-22 18:50:38.920', NULL, 44303.4420)
INSERT dbo.Cars(Id, ModelId, DealerId, Year, OrderId, Price) VALUES (8, 190, 4, '2002-09-14 23:14:29.980', 668, 31341.3124)
INSERT dbo.Cars(Id, ModelId, DealerId, Year, OrderId, Price) VALUES (9, 103, 2, '2009-12-19 19:50:57.840', NULL, 10000)
INSERT dbo.Cars(Id, ModelId, DealerId, Year, OrderId, Price) VALUES (10, 22, 15, '2000-02-01 16:12:34.090', NULL, 28169.2807)
INSERT dbo.Cars(Id, ModelId, DealerId, Year, OrderId, Price) VALUES (11, 78, 8, '2009-07-28 08:51:50.960', NULL, 29813.2971)
INSERT dbo.Cars(Id, ModelId, DealerId, Year, OrderId, Price) VALUES (12, 101, 9, '2000-01-01 00:00:02.480', 3, 43657.4356)
INSERT dbo.Cars(Id, ModelId, DealerId, Year, OrderId, Price) VALUES (13, 44, 11, '2000-01-01 00:00:01.640', NULL, 41631.4153)
INSERT dbo.Cars(Id, ModelId, DealerId, Year, OrderId, Price) VALUES (14, 56, 12, '2000-01-01 02:02:15.890', NULL, 40227.4013)
INSERT dbo.Cars(Id, ModelId, DealerId, Year, OrderId, Price) VALUES (15, 81, 14, '2000-01-01 00:00:44.070', 460, 30308.3021)
INSERT dbo.Cars(Id, ModelId, DealerId, Year, OrderId, Price) VALUES (16, 97, 8, '2000-01-01 00:00:01.290', NULL, 75705.7561)
INSERT dbo.Cars(Id, ModelId, DealerId, Year, OrderId, Price) VALUES (17, 150, 11, '2000-01-02 00:18:51.340', 302, 10000)
INSERT dbo.Cars(Id, ModelId, DealerId, Year, OrderId, Price) VALUES (18, 42, 3, '2000-01-01 00:00:01.780', NULL, 10000)
INSERT dbo.Cars(Id, ModelId, DealerId, Year, OrderId, Price) VALUES (19, 198, 8, '2002-04-19 22:17:29.530', 79, 7334.5340)
INSERT dbo.Cars(Id, ModelId, DealerId, Year, OrderId, Price) VALUES (20, 111, 3, '2000-01-01 00:01:36.540', NULL, 18669.1857)
INSERT dbo.Cars(Id, ModelId, DealerId, Year, OrderId, Price) VALUES (21, 134, 13, '2000-01-01 01:20:49.810', NULL, 82274.8217)
INSERT dbo.Cars(Id, ModelId, DealerId, Year, OrderId, Price) VALUES (22, 174, 12, '2002-04-01 17:17:15.330', NULL, 10000)
INSERT dbo.Cars(Id, ModelId, DealerId, Year, OrderId, Price) VALUES (23, 6, 11, '2007-12-13 11:45:26.610', NULL, 22997.2290)
INSERT dbo.Cars(Id, ModelId, DealerId, Year, OrderId, Price) VALUES (24, 158, 12, '2003-12-12 05:58:07.440', NULL, 85630.8553)
INSERT dbo.Cars(Id, ModelId, DealerId, Year, OrderId, Price) VALUES (25, 66, 13, '2003-06-08 18:08:55.650', NULL, 22968.2287)
INSERT dbo.Cars(Id, ModelId, DealerId, Year, OrderId, Price) VALUES (26, 118, 6, '2000-01-01 00:00:01.160', NULL, 10900)
INSERT dbo.Cars(Id, ModelId, DealerId, Year, OrderId, Price) VALUES (27, 11, 11, '2005-08-20 06:31:29.170', 932, 10000)
INSERT dbo.Cars(Id, ModelId, DealerId, Year, OrderId, Price) VALUES (28, 22, 2, '2000-01-01 01:21:13.310', NULL, 50277.5018)
INSERT dbo.Cars(Id, ModelId, DealerId, Year, OrderId, Price) VALUES (29, 90, 2, '2009-04-20 10:21:50.070', NULL, 34103.3400)
INSERT dbo.Cars(Id, ModelId, DealerId, Year, OrderId, Price) VALUES (30, 38, 12, '2000-01-01 00:00:01.780', 686, 12654)
INSERT dbo.Cars(Id, ModelId, DealerId, Year, OrderId, Price) VALUES (31, 33, 5, '2000-01-01 00:00:01.660', NULL, 4939.7118)
INSERT dbo.Cars(Id, ModelId, DealerId, Year, OrderId, Price) VALUES (32, 174, 15, '2000-08-27 20:31:38.290', NULL, 10000)
INSERT dbo.Cars(Id, ModelId, DealerId, Year, OrderId, Price) VALUES (33, 58, 13, '2001-01-23 22:37:11.870', NULL, 55025.5493)
INSERT dbo.Cars(Id, ModelId, DealerId, Year, OrderId, Price) VALUES (34, 152, 10, '2000-01-12 05:57:38.750', NULL, 28071.2797)
INSERT dbo.Cars(Id, ModelId, DealerId, Year, OrderId, Price) VALUES (35, 149, 14, '2000-01-01 00:00:01.160', NULL, 10000)
INSERT dbo.Cars(Id, ModelId, DealerId, Year, OrderId, Price) VALUES (36, 95, 1, '2001-09-11 15:22:36.340', 272, 19970)
INSERT dbo.Cars(Id, ModelId, DealerId, Year, OrderId, Price) VALUES (37, 54, 9, '2000-01-01 00:00:01.710', NULL, 74003.7390)
INSERT dbo.Cars(Id, ModelId, DealerId, Year, OrderId, Price) VALUES (38, 162, 14, '2001-01-19 20:53:24.720', NULL, 4872.6843)
INSERT dbo.Cars(Id, ModelId, DealerId, Year, OrderId, Price) VALUES (39, 149, 8, '2000-01-01 00:00:01.470', NULL, 10000)
INSERT dbo.Cars(Id, ModelId, DealerId, Year, OrderId, Price) VALUES (40, 166, 6, '2000-01-01 00:00:01.550', 741, 30346.3025)
INSERT dbo.Cars(Id, ModelId, DealerId, Year, OrderId, Price) VALUES (41, 62, 8, '2000-01-01 00:00:06.900', 855, 10000)
INSERT dbo.Cars(Id, ModelId, DealerId, Year, OrderId, Price) VALUES (42, 30, 2, '2011-11-26 09:35:30.190', NULL, 10587.1049)
INSERT dbo.Cars(Id, ModelId, DealerId, Year, OrderId, Price) VALUES (43, 24, 8, '2012-02-20 04:43:14.290', NULL, 74918.5697)
INSERT dbo.Cars(Id, ModelId, DealerId, Year, OrderId, Price) VALUES (44, 11, 10, '2008-01-26 10:50:46.050', NULL, 10000)
INSERT dbo.Cars(Id, ModelId, DealerId, Year, OrderId, Price) VALUES (45, 37, 5, '2000-01-01 00:00:04.910', NULL, 10000)
INSERT dbo.Cars(Id, ModelId, DealerId, Year, OrderId, Price) VALUES (46, 122, 3, '2001-11-05 03:50:40.890', 825, 10000)
INSERT dbo.Cars(Id, ModelId, DealerId, Year, OrderId, Price) VALUES (47, 45, 4, '2007-04-14 08:03:49.750', 484, 22671.2257)
INSERT dbo.Cars(Id, ModelId, DealerId, Year, OrderId, Price) VALUES (48, 56, 1, '2000-01-01 14:19:42.010', 86, 45860.4576)
INSERT dbo.Cars(Id, ModelId, DealerId, Year, OrderId, Price) VALUES (49, 96, 2, '2000-01-02 08:32:15.400', 843, 10000)
INSERT dbo.Cars(Id, ModelId, DealerId, Year, OrderId, Price) VALUES (50, 39, 7, '2000-01-01 00:00:01.700', 624, 42591.2789)
INSERT dbo.Cars(Id, ModelId, DealerId, Year, OrderId, Price) VALUES (51, 192, 12, '2014-05-30 22:34:36.390', NULL, 14932.1483)
INSERT dbo.Cars(Id, ModelId, DealerId, Year, OrderId, Price) VALUES (52, 188, 5, '2004-09-20 16:26:39.000', 578, 10000)
INSERT dbo.Cars(Id, ModelId, DealerId, Year, OrderId, Price) VALUES (53, 163, 10, '2000-02-05 01:02:26.290', 311, 36062.3596)
INSERT dbo.Cars(Id, ModelId, DealerId, Year, OrderId, Price) VALUES (54, 174, 15, '2010-09-12 18:45:53.720', NULL, 15716.1562)
INSERT dbo.Cars(Id, ModelId, DealerId, Year, OrderId, Price) VALUES (55, 172, 2, '2006-03-23 01:39:00.230', NULL, 28613.2851)
INSERT dbo.Cars(Id, ModelId, DealerId, Year, OrderId, Price) VALUES (56, 113, 15, '2000-01-01 00:00:01.540', NULL, 10000)
INSERT dbo.Cars(Id, ModelId, DealerId, Year, OrderId, Price) VALUES (57, 165, 1, '2000-02-11 01:12:53.130', NULL, 10000)
INSERT dbo.Cars(Id, ModelId, DealerId, Year, OrderId, Price) VALUES (58, 104, 1, '2000-01-01 00:00:01.180', NULL, 10900)
INSERT dbo.Cars(Id, ModelId, DealerId, Year, OrderId, Price) VALUES (59, 107, 10, '2000-01-01 05:15:48.890', NULL, 37661.3756)
INSERT dbo.Cars(Id, ModelId, DealerId, Year, OrderId, Price) VALUES (60, 53, 9, '2000-01-01 00:00:07.350', 426, 38403.3830)
INSERT dbo.Cars(Id, ModelId, DealerId, Year, OrderId, Price) VALUES (61, 87, 10, '2013-05-05 14:20:10.630', NULL, 10000)
INSERT dbo.Cars(Id, ModelId, DealerId, Year, OrderId, Price) VALUES (62, 86, 4, '2002-10-18 14:42:47.910', NULL, 10000)
INSERT dbo.Cars(Id, ModelId, DealerId, Year, OrderId, Price) VALUES (63, 108, 1, '2010-03-09 13:05:23.850', 868, 55104.5500)
INSERT dbo.Cars(Id, ModelId, DealerId, Year, OrderId, Price) VALUES (64, 113, 6, '2001-10-10 08:02:57.220', NULL, 58347.5825)
INSERT dbo.Cars(Id, ModelId, DealerId, Year, OrderId, Price) VALUES (65, 91, 12, '2002-01-13 12:34:41.160', NULL, 35663.3556)
INSERT dbo.Cars(Id, ModelId, DealerId, Year, OrderId, Price) VALUES (66, 187, 5, '2000-01-01 00:00:03.530', NULL, 69735.6964)
INSERT dbo.Cars(Id, ModelId, DealerId, Year, OrderId, Price) VALUES (67, 86, 5, '2000-01-03 07:55:07.650', NULL, 51581.3868)
INSERT dbo.Cars(Id, ModelId, DealerId, Year, OrderId, Price) VALUES (68, 110, 9, '2000-01-01 00:00:10.690', NULL, 24684.2458)
INSERT dbo.Cars(Id, ModelId, DealerId, Year, OrderId, Price) VALUES (69, 198, 12, '2000-01-01 00:00:01.560', 311, 10000)
INSERT dbo.Cars(Id, ModelId, DealerId, Year, OrderId, Price) VALUES (70, 108, 13, '2000-01-01 00:00:01.360', NULL, 30649.3055)
INSERT dbo.Cars(Id, ModelId, DealerId, Year, OrderId, Price) VALUES (71, 22, 4, '2008-06-08 07:34:28.550', 425, 10000)
INSERT dbo.Cars(Id, ModelId, DealerId, Year, OrderId, Price) VALUES (72, 95, 15, '2000-01-01 18:16:00.730', 460, 52857.5276)
INSERT dbo.Cars(Id, ModelId, DealerId, Year, OrderId, Price) VALUES (73, 150, 11, '2000-01-01 16:41:57.450', 816, 30377.3028)
INSERT dbo.Cars(Id, ModelId, DealerId, Year, OrderId, Price) VALUES (74, 53, 4, '2000-01-01 00:00:34.990', NULL, 10000)
INSERT dbo.Cars(Id, ModelId, DealerId, Year, OrderId, Price) VALUES (75, 29, 9, '2007-11-14 10:14:19.550', NULL, 47616.4752)
INSERT dbo.Cars(Id, ModelId, DealerId, Year, OrderId, Price) VALUES (76, 144, 14, '2010-10-24 10:17:59.440', NULL, 39112.3901)
INSERT dbo.Cars(Id, ModelId, DealerId, Year, OrderId, Price) VALUES (77, 58, 2, '2000-01-01 00:00:01.300', NULL, 10000)
INSERT dbo.Cars(Id, ModelId, DealerId, Year, OrderId, Price) VALUES (78, 108, 12, '2000-01-18 06:06:41.370', NULL, 10000)
INSERT dbo.Cars(Id, ModelId, DealerId, Year, OrderId, Price) VALUES (79, 140, 14, '2005-09-24 19:17:40.890', NULL, 10000)
INSERT dbo.Cars(Id, ModelId, DealerId, Year, OrderId, Price) VALUES (80, 126, 8, '2000-01-01 00:00:01.530', NULL, 10000)
INSERT dbo.Cars(Id, ModelId, DealerId, Year, OrderId, Price) VALUES (81, 156, 3, '2007-07-04 04:28:33.540', NULL, 66382.3713)
INSERT dbo.Cars(Id, ModelId, DealerId, Year, OrderId, Price) VALUES (82, 24, 11, '2012-03-18 03:05:30.530', NULL, 10000)
INSERT dbo.Cars(Id, ModelId, DealerId, Year, OrderId, Price) VALUES (83, 139, 15, '2000-01-01 00:00:01.170', NULL, 18947.0290)
INSERT dbo.Cars(Id, ModelId, DealerId, Year, OrderId, Price) VALUES (84, 198, 12, '2009-04-27 12:13:23.680', NULL, 28299.2820)
INSERT dbo.Cars(Id, ModelId, DealerId, Year, OrderId, Price) VALUES (85, 171, 12, '2015-05-07 19:46:03.550', NULL, 10000)
INSERT dbo.Cars(Id, ModelId, DealerId, Year, OrderId, Price) VALUES (86, 151, 14, '2002-08-05 23:28:34.860', NULL, 27480.2738)
INSERT dbo.Cars(Id, ModelId, DealerId, Year, OrderId, Price) VALUES (87, 32, 14, '2000-01-16 16:10:32.650', 720, 88367.8827)
INSERT dbo.Cars(Id, ModelId, DealerId, Year, OrderId, Price) VALUES (88, 146, 6, '2000-01-01 00:52:18.660', NULL, 33430.3333)
INSERT dbo.Cars(Id, ModelId, DealerId, Year, OrderId, Price) VALUES (89, 82, 2, '2004-07-20 12:40:58.790', NULL, 32245.3215)
INSERT dbo.Cars(Id, ModelId, DealerId, Year, OrderId, Price) VALUES (90, 158, 3, '2008-05-31 21:14:58.060', 512, 36419.3632)
INSERT dbo.Cars(Id, ModelId, DealerId, Year, OrderId, Price) VALUES (91, 48, 13, '2000-01-01 00:00:10.560', 530, 47361.4142)
INSERT dbo.Cars(Id, ModelId, DealerId, Year, OrderId, Price) VALUES (92, 177, 4, '2001-11-09 05:50:47.520', NULL, 64340.6424)
INSERT dbo.Cars(Id, ModelId, DealerId, Year, OrderId, Price) VALUES (93, 31, 13, '2000-02-15 11:20:47.160', 438, 14394.1429)
INSERT dbo.Cars(Id, ModelId, DealerId, Year, OrderId, Price) VALUES (94, 96, 5, '2000-01-01 00:00:01.560', NULL, 10000)
INSERT dbo.Cars(Id, ModelId, DealerId, Year, OrderId, Price) VALUES (95, 52, 2, '2000-01-01 00:00:01.390', NULL, 22132.2203)
INSERT dbo.Cars(Id, ModelId, DealerId, Year, OrderId, Price) VALUES (96, 62, 11, '2000-01-27 23:30:32.120', NULL, 17464.1736)
INSERT dbo.Cars(Id, ModelId, DealerId, Year, OrderId, Price) VALUES (97, 152, 7, '2001-09-23 05:54:04.450', 297, 34346.3425)
INSERT dbo.Cars(Id, ModelId, DealerId, Year, OrderId, Price) VALUES (98, 153, 9, '2000-01-01 00:00:01.090', NULL, 10000)
INSERT dbo.Cars(Id, ModelId, DealerId, Year, OrderId, Price) VALUES (99, 193, 11, '2000-01-01 00:00:01.620', NULL, 10000)
INSERT dbo.Cars(Id, ModelId, DealerId, Year, OrderId, Price) VALUES (100, 44, 4, '2014-01-17 07:16:52.000', 224, 17805.1771)
INSERT dbo.Cars(Id, ModelId, DealerId, Year, OrderId, Price) VALUES (101, 91, 14, '2011-12-13 21:00:36.910', NULL, 10000)
INSERT dbo.Cars(Id, ModelId, DealerId, Year, OrderId, Price) VALUES (102, 100, 6, '2000-01-01 00:00:01.780', NULL, 73990.5808)
INSERT dbo.Cars(Id, ModelId, DealerId, Year, OrderId, Price) VALUES (103, 155, 10, '2000-01-31 17:28:23.860', NULL, 60116.7241)
INSERT dbo.Cars(Id, ModelId, DealerId, Year, OrderId, Price) VALUES (104, 142, 10, '2000-01-01 00:00:01.300', NULL, 10000)
INSERT dbo.Cars(Id, ModelId, DealerId, Year, OrderId, Price) VALUES (105, 94, 6, '2008-12-28 19:40:45.300', NULL, 10000)
INSERT dbo.Cars(Id, ModelId, DealerId, Year, OrderId, Price) VALUES (106, 181, 7, '2012-10-13 23:35:24.310', NULL, 24935.2484)
INSERT dbo.Cars(Id, ModelId, DealerId, Year, OrderId, Price) VALUES (107, 37, 3, '2002-05-05 23:16:12.190', 577, 10000)
INSERT dbo.Cars(Id, ModelId, DealerId, Year, OrderId, Price) VALUES (108, 104, 3, '2010-10-23 11:52:40.660', 741, 10000)
INSERT dbo.Cars(Id, ModelId, DealerId, Year, OrderId, Price) VALUES (109, 186, 10, '2002-02-13 16:46:09.940', NULL, 10000)
INSERT dbo.Cars(Id, ModelId, DealerId, Year, OrderId, Price) VALUES (110, 102, 15, '2000-01-01 00:00:12.110', NULL, 57043.5694)
INSERT dbo.Cars(Id, ModelId, DealerId, Year, OrderId, Price) VALUES (111, 77, 9, '2000-01-01 00:00:01.130', 604, 10000)
INSERT dbo.Cars(Id, ModelId, DealerId, Year, OrderId, Price) VALUES (112, 69, 1, '2001-03-09 14:10:34.210', NULL, 18190.1809)
INSERT dbo.Cars(Id, ModelId, DealerId, Year, OrderId, Price) VALUES (113, 54, 13, '2000-01-01 00:00:06.140', 92, 53637.5354)
INSERT dbo.Cars(Id, ModelId, DealerId, Year, OrderId, Price) VALUES (114, 86, 8, '2011-05-15 01:18:22.960', 90, 10000)
INSERT dbo.Cars(Id, ModelId, DealerId, Year, OrderId, Price) VALUES (115, 63, 11, '2000-01-12 23:42:44.790', NULL, 10000)
INSERT dbo.Cars(Id, ModelId, DealerId, Year, OrderId, Price) VALUES (116, 126, 15, '2000-01-26 06:45:50.110', NULL, 10000)
INSERT dbo.Cars(Id, ModelId, DealerId, Year, OrderId, Price) VALUES (117, 25, 3, '2000-01-03 02:28:34.740', NULL, 10000)
INSERT dbo.Cars(Id, ModelId, DealerId, Year, OrderId, Price) VALUES (118, 101, 12, '2010-04-13 06:53:05.300', NULL, 10000)
INSERT dbo.Cars(Id, ModelId, DealerId, Year, OrderId, Price) VALUES (119, 163, 11, '2014-03-02 12:10:20.870', 890, 89805.8971)
INSERT dbo.Cars(Id, ModelId, DealerId, Year, OrderId, Price) VALUES (120, 41, 7, '2013-03-09 07:10:55.640', 193, 29320.2922)
INSERT dbo.Cars(Id, ModelId, DealerId, Year, OrderId, Price) VALUES (121, 90, 7, '2012-10-10 08:52:53.840', NULL, 48534.4843)
INSERT dbo.Cars(Id, ModelId, DealerId, Year, OrderId, Price) VALUES (122, 163, 15, '2000-01-01 00:00:08.040', NULL, 10100)
INSERT dbo.Cars(Id, ModelId, DealerId, Year, OrderId, Price) VALUES (123, 41, 11, '2002-10-20 22:51:47.690', NULL, 52219.5212)
INSERT dbo.Cars(Id, ModelId, DealerId, Year, OrderId, Price) VALUES (124, 184, 2, '2014-01-26 16:21:11.880', 670, 13642.1354)
INSERT dbo.Cars(Id, ModelId, DealerId, Year, OrderId, Price) VALUES (125, 122, 15, '2000-01-03 04:12:15.940', 813, 63592.7637)
INSERT dbo.Cars(Id, ModelId, DealerId, Year, OrderId, Price) VALUES (126, 110, 15, '2000-01-01 00:00:37.180', NULL, 52876.5278)
INSERT dbo.Cars(Id, ModelId, DealerId, Year, OrderId, Price) VALUES (127, 116, 11, '2000-01-01 00:00:01.560', NULL, 10000)
INSERT dbo.Cars(Id, ModelId, DealerId, Year, OrderId, Price) VALUES (128, 76, 3, '2005-06-20 03:58:07.850', NULL, 26658.2656)
INSERT dbo.Cars(Id, ModelId, DealerId, Year, OrderId, Price) VALUES (129, 74, 5, '2008-07-09 13:26:41.880', NULL, 88635.8854)
INSERT dbo.Cars(Id, ModelId, DealerId, Year, OrderId, Price) VALUES (130, 139, 2, '2002-05-16 19:04:45.160', NULL, 10200)
INSERT dbo.Cars(Id, ModelId, DealerId, Year, OrderId, Price) VALUES (131, 21, 10, '2000-01-01 00:00:01.320', NULL, 10000)
INSERT dbo.Cars(Id, ModelId, DealerId, Year, OrderId, Price) VALUES (132, 59, 13, '2015-09-30 20:02:57.770', 419, 10000)
INSERT dbo.Cars(Id, ModelId, DealerId, Year, OrderId, Price) VALUES (133, 194, 8, '2001-11-29 00:57:21.530', NULL, 10000)
INSERT dbo.Cars(Id, ModelId, DealerId, Year, OrderId, Price) VALUES (134, 46, 15, '2000-01-01 00:00:32.070', NULL, 41114.4101)
INSERT dbo.Cars(Id, ModelId, DealerId, Year, OrderId, Price) VALUES (135, 195, 13, '2004-09-07 06:13:17.820', 658, 10300)
INSERT dbo.Cars(Id, ModelId, DealerId, Year, OrderId, Price) VALUES (136, 45, 6, '2000-12-29 18:30:51.930', 674, 29389.2929)
INSERT dbo.Cars(Id, ModelId, DealerId, Year, OrderId, Price) VALUES (137, 88, 5, '2007-04-28 03:17:50.230', NULL, 55259.5516)
INSERT dbo.Cars(Id, ModelId, DealerId, Year, OrderId, Price) VALUES (138, 55, 13, '2002-10-01 11:01:38.900', NULL, 54639.5454)
INSERT dbo.Cars(Id, ModelId, DealerId, Year, OrderId, Price) VALUES (139, 10, 14, '2014-03-06 14:03:38.560', NULL, 10000)
INSERT dbo.Cars(Id, ModelId, DealerId, Year, OrderId, Price) VALUES (140, 121, 9, '2000-02-01 22:31:56.610', NULL, 10000)
INSERT dbo.Cars(Id, ModelId, DealerId, Year, OrderId, Price) VALUES (141, 87, 5, '2000-01-02 03:32:02.060', NULL, 10000)
INSERT dbo.Cars(Id, ModelId, DealerId, Year, OrderId, Price) VALUES (142, 96, 1, '2000-01-01 00:00:09.630', NULL, 1740.3244)
INSERT dbo.Cars(Id, ModelId, DealerId, Year, OrderId, Price) VALUES (143, 171, 13, '2013-09-11 11:56:17.530', 2, 10100)
INSERT dbo.Cars(Id, ModelId, DealerId, Year, OrderId, Price) VALUES (144, 119, 15, '2009-06-10 10:46:14.540', NULL, 94596.9450)
INSERT dbo.Cars(Id, ModelId, DealerId, Year, OrderId, Price) VALUES (145, 149, 1, '2011-02-15 23:54:03.090', NULL, 91545.7269)
INSERT dbo.Cars(Id, ModelId, DealerId, Year, OrderId, Price) VALUES (146, 144, 1, '2000-01-01 00:00:01.940', NULL, 10000)
INSERT dbo.Cars(Id, ModelId, DealerId, Year, OrderId, Price) VALUES (147, 51, 9, '2001-05-08 07:58:53.750', 345, 15662.1556)
INSERT dbo.Cars(Id, ModelId, DealerId, Year, OrderId, Price) VALUES (148, 83, 11, '2000-01-01 00:00:01.080', 306, 14838.1474)
INSERT dbo.Cars(Id, ModelId, DealerId, Year, OrderId, Price) VALUES (149, 102, 11, '2004-05-24 19:51:55.240', NULL, 59961.5986)
INSERT dbo.Cars(Id, ModelId, DealerId, Year, OrderId, Price) VALUES (150, 177, 9, '2000-01-01 00:00:01.830', NULL, 28668.2857)
INSERT dbo.Cars(Id, ModelId, DealerId, Year, OrderId, Price) VALUES (151, 111, 9, '2000-01-13 00:25:47.290', NULL, 40448.4035)
INSERT dbo.Cars(Id, ModelId, DealerId, Year, OrderId, Price) VALUES (152, 56, 3, '2015-04-20 02:30:26.350', NULL, 10000)
INSERT dbo.Cars(Id, ModelId, DealerId, Year, OrderId, Price) VALUES (153, 6, 14, '2000-01-01 00:00:01.210', NULL, 17319)
INSERT dbo.Cars(Id, ModelId, DealerId, Year, OrderId, Price) VALUES (154, 69, 8, '2000-01-01 00:00:10.530', NULL, 20030.1993)
INSERT dbo.Cars(Id, ModelId, DealerId, Year, OrderId, Price) VALUES (155, 81, 5, '2000-08-28 03:43:10.620', NULL, 40100.4000)
INSERT dbo.Cars(Id, ModelId, DealerId, Year, OrderId, Price) VALUES (156, 61, 15, '2000-01-02 00:09:07.500', NULL, 10100)
INSERT dbo.Cars(Id, ModelId, DealerId, Year, OrderId, Price) VALUES (157, 9, 8, '2014-08-20 11:17:19.770', 17, 49424.4932)
INSERT dbo.Cars(Id, ModelId, DealerId, Year, OrderId, Price) VALUES (158, 53, 11, '2002-01-22 19:04:08.930', 336, 10311)
INSERT dbo.Cars(Id, ModelId, DealerId, Year, OrderId, Price) VALUES (159, 195, 7, '2000-01-01 00:01:35.370', NULL, 10000)
INSERT dbo.Cars(Id, ModelId, DealerId, Year, OrderId, Price) VALUES (160, 141, 6, '2003-03-04 13:33:44.980', 782, 37562.3746)
INSERT dbo.Cars(Id, ModelId, DealerId, Year, OrderId, Price) VALUES (161, 113, 15, '2012-07-12 20:12:12.490', NULL, 35707.3561)
INSERT dbo.Cars(Id, ModelId, DealerId, Year, OrderId, Price) VALUES (162, 67, 2, '2002-07-15 04:19:36.700', 853, 17166)
INSERT dbo.Cars(Id, ModelId, DealerId, Year, OrderId, Price) VALUES (163, 15, 12, '2004-07-10 16:04:59.120', NULL, 10000)
INSERT dbo.Cars(Id, ModelId, DealerId, Year, OrderId, Price) VALUES (164, 196, 3, '2000-01-01 00:00:03.980', 544, 35453.3535)
INSERT dbo.Cars(Id, ModelId, DealerId, Year, OrderId, Price) VALUES (165, 51, 10, '2000-11-20 15:31:00.850', NULL, 48081.4798)
INSERT dbo.Cars(Id, ModelId, DealerId, Year, OrderId, Price) VALUES (166, 104, 2, '2000-01-01 00:00:01.060', NULL, 21943.2184)
INSERT dbo.Cars(Id, ModelId, DealerId, Year, OrderId, Price) VALUES (167, 22, 1, '2001-04-28 11:51:35.570', NULL, 33953.5640)
INSERT dbo.Cars(Id, ModelId, DealerId, Year, OrderId, Price) VALUES (168, 86, 3, '2009-04-04 07:58:38.880', NULL, 38193.3809)
INSERT dbo.Cars(Id, ModelId, DealerId, Year, OrderId, Price) VALUES (169, 133, 4, '2011-04-17 15:17:26.290', NULL, 14607.1451)
INSERT dbo.Cars(Id, ModelId, DealerId, Year, OrderId, Price) VALUES (170, 8, 6, '2000-07-24 18:29:42.700', 2, 44807.4471)
INSERT dbo.Cars(Id, ModelId, DealerId, Year, OrderId, Price) VALUES (171, 172, 6, '2007-03-13 07:16:19.370', NULL, 79663.7956)
INSERT dbo.Cars(Id, ModelId, DealerId, Year, OrderId, Price) VALUES (172, 123, 5, '2006-01-07 18:50:00.970', NULL, 44279.4418)
INSERT dbo.Cars(Id, ModelId, DealerId, Year, OrderId, Price) VALUES (173, 123, 9, '2000-01-01 00:00:01.950', NULL, 10000)
INSERT dbo.Cars(Id, ModelId, DealerId, Year, OrderId, Price) VALUES (174, 5, 4, '2009-11-03 03:14:46.950', 636, 32008.3191)
INSERT dbo.Cars(Id, ModelId, DealerId, Year, OrderId, Price) VALUES (175, 184, 10, '2012-06-30 20:56:42.070', NULL, 58076.5798)
INSERT dbo.Cars(Id, ModelId, DealerId, Year, OrderId, Price) VALUES (176, 24, 1, '2000-01-01 00:00:10.920', NULL, 30645.3055)
INSERT dbo.Cars(Id, ModelId, DealerId, Year, OrderId, Price) VALUES (177, 83, 9, '2000-01-01 00:00:01.020', NULL, 37685.3759)
INSERT dbo.Cars(Id, ModelId, DealerId, Year, OrderId, Price) VALUES (178, 94, 10, '2005-08-27 17:13:27.210', NULL, 15643.1554)
INSERT dbo.Cars(Id, ModelId, DealerId, Year, OrderId, Price) VALUES (179, 115, 2, '2000-01-01 00:00:02.330', NULL, 17922.1782)
INSERT dbo.Cars(Id, ModelId, DealerId, Year, OrderId, Price) VALUES (180, 53, 12, '2002-11-21 20:35:35.940', 598, 10100)
INSERT dbo.Cars(Id, ModelId, DealerId, Year, OrderId, Price) VALUES (181, 88, 12, '2004-02-09 01:53:44.350', NULL, 10000)
INSERT dbo.Cars(Id, ModelId, DealerId, Year, OrderId, Price) VALUES (182, 159, 2, '2005-12-15 04:14:30.380', NULL, 23742.2364)
INSERT dbo.Cars(Id, ModelId, DealerId, Year, OrderId, Price) VALUES (183, 55, 9, '2000-01-01 00:00:01.540', NULL, 88913.6879)
INSERT dbo.Cars(Id, ModelId, DealerId, Year, OrderId, Price) VALUES (184, 182, 14, '2000-01-02 20:43:24.020', NULL, 74991.7489)
INSERT dbo.Cars(Id, ModelId, DealerId, Year, OrderId, Price) VALUES (185, 196, 13, '2000-02-06 21:23:41.860', NULL, 15379.1528)
INSERT dbo.Cars(Id, ModelId, DealerId, Year, OrderId, Price) VALUES (186, 18, 4, '2000-04-29 22:18:55.650', 289, 10000)
INSERT dbo.Cars(Id, ModelId, DealerId, Year, OrderId, Price) VALUES (187, 44, 1, '2000-01-01 00:00:01.130', NULL, 10000)
INSERT dbo.Cars(Id, ModelId, DealerId, Year, OrderId, Price) VALUES (188, 101, 9, '2002-01-27 06:52:51.930', NULL, 39660.3956)
INSERT dbo.Cars(Id, ModelId, DealerId, Year, OrderId, Price) VALUES (189, 86, 5, '2000-07-29 01:55:05.240', 107, 24598.2450)
INSERT dbo.Cars(Id, ModelId, DealerId, Year, OrderId, Price) VALUES (190, 54, 2, '2000-06-10 04:43:26.700', 721, 10000)
INSERT dbo.Cars(Id, ModelId, DealerId, Year, OrderId, Price) VALUES (191, 82, 12, '2000-02-15 21:18:40.710', NULL, 14885.1479)
INSERT dbo.Cars(Id, ModelId, DealerId, Year, OrderId, Price) VALUES (192, 125, 14, '2009-05-30 15:34:36.150', NULL, 15406.1531)
INSERT dbo.Cars(Id, ModelId, DealerId, Year, OrderId, Price) VALUES (193, 85, 9, '2006-11-28 20:34:16.660', NULL, 23815.2372)
INSERT dbo.Cars(Id, ModelId, DealerId, Year, OrderId, Price) VALUES (194, 166, 14, '2000-01-01 00:00:01.140', NULL, 10000)
INSERT dbo.Cars(Id, ModelId, DealerId, Year, OrderId, Price) VALUES (195, 50, 9, '2001-11-10 15:32:01.280', NULL, 86885.8679)
INSERT dbo.Cars(Id, ModelId, DealerId, Year, OrderId, Price) VALUES (196, 24, 15, '2003-01-17 11:25:42.260', NULL, 39441.3934)
INSERT dbo.Cars(Id, ModelId, DealerId, Year, OrderId, Price) VALUES (197, 50, 13, '2000-01-01 00:00:01.440', NULL, 10000)
INSERT dbo.Cars(Id, ModelId, DealerId, Year, OrderId, Price) VALUES (198, 151, 12, '2000-01-06 17:10:05.860', NULL, 27695.2760)
INSERT dbo.Cars(Id, ModelId, DealerId, Year, OrderId, Price) VALUES (199, 107, 15, '2002-08-30 08:06:49.000', 889, 61636.6487)
INSERT dbo.Cars(Id, ModelId, DealerId, Year, OrderId, Price) VALUES (200, 183, 12, '2000-01-01 00:00:01.530', NULL, 22496.2240)
INSERT dbo.Cars(Id, ModelId, DealerId, Year, OrderId, Price) VALUES (201, 109, 13, '2002-12-04 15:08:05.310', NULL, 78404.7830)
INSERT dbo.Cars(Id, ModelId, DealerId, Year, OrderId, Price) VALUES (202, 194, 9, '2005-08-08 13:32:28.640', NULL, 23153.2305)
INSERT dbo.Cars(Id, ModelId, DealerId, Year, OrderId, Price) VALUES (203, 190, 4, '2005-06-13 01:41:42.050', NULL, 29894.2979)
INSERT dbo.Cars(Id, ModelId, DealerId, Year, OrderId, Price) VALUES (204, 37, 7, '2003-02-26 22:06:58.770', NULL, 10000)
INSERT dbo.Cars(Id, ModelId, DealerId, Year, OrderId, Price) VALUES (205, 25, 5, '2000-01-01 00:00:42.290', NULL, 40803.4070)
INSERT dbo.Cars(Id, ModelId, DealerId, Year, OrderId, Price) VALUES (206, 118, 13, '2000-01-01 00:00:01.620', NULL, 10000)
INSERT dbo.Cars(Id, ModelId, DealerId, Year, OrderId, Price) VALUES (207, 83, 11, '2000-01-27 06:56:55.900', 154, 20851.2075)
INSERT dbo.Cars(Id, ModelId, DealerId, Year, OrderId, Price) VALUES (208, 24, 1, '2000-01-01 00:00:01.870', 917, 13491.1339)
INSERT dbo.Cars(Id, ModelId, DealerId, Year, OrderId, Price) VALUES (209, 179, 14, '2015-05-03 18:47:55.470', NULL, 20030.1993)
INSERT dbo.Cars(Id, ModelId, DealerId, Year, OrderId, Price) VALUES (210, 182, 12, '2002-01-10 16:23:49.750', NULL, 14737.1464)
INSERT dbo.Cars(Id, ModelId, DealerId, Year, OrderId, Price) VALUES (211, 32, 3, '2011-08-13 04:16:49.230', NULL, 10000)
INSERT dbo.Cars(Id, ModelId, DealerId, Year, OrderId, Price) VALUES (212, 93, 12, '2000-01-01 00:00:01.400', NULL, 35978.3588)
INSERT dbo.Cars(Id, ModelId, DealerId, Year, OrderId, Price) VALUES (213, 68, 1, '2004-10-04 09:26:54.850', NULL, 18214.1811)
INSERT dbo.Cars(Id, ModelId, DealerId, Year, OrderId, Price) VALUES (214, 55, 11, '2008-04-03 23:29:45.970', 714, 48381.4828)
INSERT dbo.Cars(Id, ModelId, DealerId, Year, OrderId, Price) VALUES (215, 60, 6, '2002-10-24 03:23:00.180', NULL, 10000)
INSERT dbo.Cars(Id, ModelId, DealerId, Year, OrderId, Price) VALUES (216, 25, 15, '2011-07-19 13:52:21.250', NULL, 22653.2255)
INSERT dbo.Cars(Id, ModelId, DealerId, Year, OrderId, Price) VALUES (217, 79, 7, '2009-11-27 03:06:50.310', NULL, 32010.3191)
INSERT dbo.Cars(Id, ModelId, DealerId, Year, OrderId, Price) VALUES (218, 13, 14, '2000-01-01 00:00:08.800', 67, 48080.2475)
INSERT dbo.Cars(Id, ModelId, DealerId, Year, OrderId, Price) VALUES (219, 111, 4, '2004-05-22 17:52:57.010', 507, 66649.9294)
INSERT dbo.Cars(Id, ModelId, DealerId, Year, OrderId, Price) VALUES (220, 164, 4, '2000-01-12 13:18:13.250', NULL, 33096.3300)
INSERT dbo.Cars(Id, ModelId, DealerId, Year, OrderId, Price) VALUES (221, 2, 10, '2003-07-22 14:40:34.390', NULL, 33278.3318)
INSERT dbo.Cars(Id, ModelId, DealerId, Year, OrderId, Price) VALUES (222, 31, 10, '2000-01-02 14:55:36.510', NULL, 65141.6504)
INSERT dbo.Cars(Id, ModelId, DealerId, Year, OrderId, Price) VALUES (223, 94, 15, '2000-01-01 00:00:01.480', 149, 40833.4073)
INSERT dbo.Cars(Id, ModelId, DealerId, Year, OrderId, Price) VALUES (224, 51, 3, '2000-01-02 16:52:24.960', NULL, 10000)
INSERT dbo.Cars(Id, ModelId, DealerId, Year, OrderId, Price) VALUES (225, 79, 10, '2011-04-04 13:47:20.110', NULL, 50165.1827)
INSERT dbo.Cars(Id, ModelId, DealerId, Year, OrderId, Price) VALUES (226, 30, 10, '2010-04-05 05:20:32.240', 417, 29948.2985)
INSERT dbo.Cars(Id, ModelId, DealerId, Year, OrderId, Price) VALUES (227, 88, 2, '2000-01-01 00:01:29.430', 315, 96063.9596)
INSERT dbo.Cars(Id, ModelId, DealerId, Year, OrderId, Price) VALUES (228, 146, 9, '2000-01-01 00:00:27.910', 131, 15175)
INSERT dbo.Cars(Id, ModelId, DealerId, Year, OrderId, Price) VALUES (229, 90, 5, '2000-01-01 00:00:03.920', NULL, 14379.1428)
INSERT dbo.Cars(Id, ModelId, DealerId, Year, OrderId, Price) VALUES (230, 97, 8, '2000-01-01 00:00:01.250', NULL, 11137)
INSERT dbo.Cars(Id, ModelId, DealerId, Year, OrderId, Price) VALUES (231, 17, 10, '2000-01-01 00:00:01.600', NULL, 59343.5924)
INSERT dbo.Cars(Id, ModelId, DealerId, Year, OrderId, Price) VALUES (232, 78, 9, '2013-07-17 16:10:14.590', NULL, 28149.2805)
INSERT dbo.Cars(Id, ModelId, DealerId, Year, OrderId, Price) VALUES (233, 135, 1, '2000-01-01 00:00:01.430', NULL, 27678.2758)
INSERT dbo.Cars(Id, ModelId, DealerId, Year, OrderId, Price) VALUES (234, 154, 15, '2000-10-16 05:43:29.830', NULL, 48509.4841)
INSERT dbo.Cars(Id, ModelId, DealerId, Year, OrderId, Price) VALUES (235, 157, 11, '2000-01-02 22:41:08.490', 199, 35245.3515)
INSERT dbo.Cars(Id, ModelId, DealerId, Year, OrderId, Price) VALUES (236, 46, 12, '2001-11-22 04:30:10.080', NULL, 10000)
INSERT dbo.Cars(Id, ModelId, DealerId, Year, OrderId, Price) VALUES (237, 88, 5, '2000-01-07 12:50:26.370', NULL, 30518.3042)
INSERT dbo.Cars(Id, ModelId, DealerId, Year, OrderId, Price) VALUES (238, 65, 3, '2005-04-17 00:43:04.590', NULL, 32748.3265)
INSERT dbo.Cars(Id, ModelId, DealerId, Year, OrderId, Price) VALUES (239, 45, 10, '2007-09-01 14:06:35.820', NULL, 30388.3029)
INSERT dbo.Cars(Id, ModelId, DealerId, Year, OrderId, Price) VALUES (240, 20, 1, '2015-06-29 03:37:53.690', 727, 22808.2271)
INSERT dbo.Cars(Id, ModelId, DealerId, Year, OrderId, Price) VALUES (241, 167, 13, '2006-04-21 17:36:53.910', NULL, 10000)
INSERT dbo.Cars(Id, ModelId, DealerId, Year, OrderId, Price) VALUES (242, 71, 10, '2000-02-10 10:02:22.760', 414, 10000)
INSERT dbo.Cars(Id, ModelId, DealerId, Year, OrderId, Price) VALUES (243, 144, 15, '2000-01-01 00:00:04.760', 191, 18923.1882)
INSERT dbo.Cars(Id, ModelId, DealerId, Year, OrderId, Price) VALUES (244, 105, 15, '2000-01-01 07:55:08.030', NULL, 14399.1430)
INSERT dbo.Cars(Id, ModelId, DealerId, Year, OrderId, Price) VALUES (245, 81, 12, '2000-01-01 00:00:01.180', NULL, 34665.3457)
INSERT dbo.Cars(Id, ModelId, DealerId, Year, OrderId, Price) VALUES (246, 103, 4, '2000-01-01 00:00:06.700', 442, 10900)
INSERT dbo.Cars(Id, ModelId, DealerId, Year, OrderId, Price) VALUES (247, 124, 5, '2000-01-01 00:00:01.280', NULL, 87378.8728)
INSERT dbo.Cars(Id, ModelId, DealerId, Year, OrderId, Price) VALUES (248, 91, 15, '2016-01-17 06:42:52.370', NULL, 30867.3077)
INSERT dbo.Cars(Id, ModelId, DealerId, Year, OrderId, Price) VALUES (249, 74, 14, '2007-05-24 22:02:54.990', NULL, 37831.3773)
INSERT dbo.Cars(Id, ModelId, DealerId, Year, OrderId, Price) VALUES (250, 169, 1, '2000-01-02 11:30:13.090', NULL, 10000)
INSERT dbo.Cars(Id, ModelId, DealerId, Year, OrderId, Price) VALUES (251, 22, 2, '2004-12-21 22:03:13.310', NULL, 10000)
INSERT dbo.Cars(Id, ModelId, DealerId, Year, OrderId, Price) VALUES (252, 15, 11, '2007-05-20 08:12:11.450', NULL, 10000)
INSERT dbo.Cars(Id, ModelId, DealerId, Year, OrderId, Price) VALUES (253, 153, 10, '2011-09-20 23:00:13.580', NULL, 10000)
INSERT dbo.Cars(Id, ModelId, DealerId, Year, OrderId, Price) VALUES (254, 61, 5, '2000-08-17 06:56:55.860', NULL, 92191.9209)
INSERT dbo.Cars(Id, ModelId, DealerId, Year, OrderId, Price) VALUES (255, 127, 14, '2000-01-01 16:48:46.640', NULL, 10000)
INSERT dbo.Cars(Id, ModelId, DealerId, Year, OrderId, Price) VALUES (256, 163, 3, '2000-01-01 00:00:02.820', 483, 16421.1632)
INSERT dbo.Cars(Id, ModelId, DealerId, Year, OrderId, Price) VALUES (257, 14, 4, '2000-01-01 00:00:01.590', NULL, 10000)
INSERT dbo.Cars(Id, ModelId, DealerId, Year, OrderId, Price) VALUES (258, 122, 4, '2000-01-02 17:45:52.850', NULL, 10000)
INSERT dbo.Cars(Id, ModelId, DealerId, Year, OrderId, Price) VALUES (259, 80, 4, '2006-11-05 15:06:53.970', NULL, 30170.3007)
INSERT dbo.Cars(Id, ModelId, DealerId, Year, OrderId, Price) VALUES (260, 125, 13, '2000-01-01 00:00:01.540', NULL, 37321.3722)
INSERT dbo.Cars(Id, ModelId, DealerId, Year, OrderId, Price) VALUES (261, 83, 11, '2001-11-06 21:56:03.950', NULL, 10461.1036)
INSERT dbo.Cars(Id, ModelId, DealerId, Year, OrderId, Price) VALUES (262, 114, 11, '2000-01-01 05:18:27.880', NULL, 35321.8195)
INSERT dbo.Cars(Id, ModelId, DealerId, Year, OrderId, Price) VALUES (263, 80, 7, '2009-06-27 06:05:55.400', NULL, 35235.3514)
INSERT dbo.Cars(Id, ModelId, DealerId, Year, OrderId, Price) VALUES (264, 175, 2, '2006-12-14 18:11:53.870', 495, 39083.3898)
INSERT dbo.Cars(Id, ModelId, DealerId, Year, OrderId, Price) VALUES (265, 60, 1, '2006-07-31 04:20:05.960', NULL, 18250.1815)
INSERT dbo.Cars(Id, ModelId, DealerId, Year, OrderId, Price) VALUES (266, 81, 9, '2000-05-21 00:21:52.430', NULL, 45196.4510)
INSERT dbo.Cars(Id, ModelId, DealerId, Year, OrderId, Price) VALUES (267, 41, 6, '2000-01-02 07:31:30.520', 532, 30320.3022)
INSERT dbo.Cars(Id, ModelId, DealerId, Year, OrderId, Price) VALUES (268, 164, 13, '2000-01-01 00:01:40.860', NULL, 39747.3965)
INSERT dbo.Cars(Id, ModelId, DealerId, Year, OrderId, Price) VALUES (269, 151, 3, '2001-09-21 20:01:14.700', 94, 86539)
INSERT dbo.Cars(Id, ModelId, DealerId, Year, OrderId, Price) VALUES (270, 59, 15, '2000-01-01 00:00:01.840', NULL, 91415.9132)
INSERT dbo.Cars(Id, ModelId, DealerId, Year, OrderId, Price) VALUES (271, 158, 12, '2000-01-01 00:00:01.350', NULL, 21906.2181)
INSERT dbo.Cars(Id, ModelId, DealerId, Year, OrderId, Price) VALUES (272, 121, 13, '2011-05-01 15:38:30.620', NULL, 47797.3005)
INSERT dbo.Cars(Id, ModelId, DealerId, Year, OrderId, Price) VALUES (273, 113, 13, '2010-01-27 10:09:59.480', NULL, 10000)
INSERT dbo.Cars(Id, ModelId, DealerId, Year, OrderId, Price) VALUES (274, 75, 9, '2000-01-01 00:00:01.520', NULL, 58821.5872)
INSERT dbo.Cars(Id, ModelId, DealerId, Year, OrderId, Price) VALUES (275, 159, 12, '2001-12-20 00:25:07.770', 609, 10000)
INSERT dbo.Cars(Id, ModelId, DealerId, Year, OrderId, Price) VALUES (276, 169, 13, '2000-01-01 00:00:01.850', NULL, 10000)
INSERT dbo.Cars(Id, ModelId, DealerId, Year, OrderId, Price) VALUES (277, 147, 7, '2008-08-03 18:47:46.520', NULL, 19373.1927)
INSERT dbo.Cars(Id, ModelId, DealerId, Year, OrderId, Price) VALUES (278, 17, 14, '2006-07-06 11:45:34.490', NULL, 18200.1810)
INSERT dbo.Cars(Id, ModelId, DealerId, Year, OrderId, Price) VALUES (279, 67, 5, '2000-01-01 00:00:01.940', 275, 18766)
INSERT dbo.Cars(Id, ModelId, DealerId, Year, OrderId, Price) VALUES (280, 183, 8, '2000-01-01 00:00:01.660', NULL, 84110.8401)
INSERT dbo.Cars(Id, ModelId, DealerId, Year, OrderId, Price) VALUES (281, 109, 5, '2001-09-13 05:36:49.820', NULL, 32358.3226)
INSERT dbo.Cars(Id, ModelId, DealerId, Year, OrderId, Price) VALUES (282, 182, 4, '2000-01-01 00:00:01.530', 136, 92429.9233)
INSERT dbo.Cars(Id, ModelId, DealerId, Year, OrderId, Price) VALUES (283, 168, 5, '2000-01-01 00:00:01.040', NULL, 10000)
INSERT dbo.Cars(Id, ModelId, DealerId, Year, OrderId, Price) VALUES (284, 132, 12, '2006-06-26 04:36:18.820', NULL, 27809.2771)
INSERT dbo.Cars(Id, ModelId, DealerId, Year, OrderId, Price) VALUES (285, 14, 6, '2000-01-01 00:00:01.920', NULL, 17294.1719)
INSERT dbo.Cars(Id, ModelId, DealerId, Year, OrderId, Price) VALUES (286, 25, 6, '2000-01-02 13:12:39.980', 29, 46919.4682)
INSERT dbo.Cars(Id, ModelId, DealerId, Year, OrderId, Price) VALUES (287, 199, 13, '2000-01-01 00:00:03.720', NULL, 10400)
INSERT dbo.Cars(Id, ModelId, DealerId, Year, OrderId, Price) VALUES (288, 43, 3, '2000-01-01 00:00:01.270', NULL, 10000)
INSERT dbo.Cars(Id, ModelId, DealerId, Year, OrderId, Price) VALUES (289, 104, 14, '2000-01-02 00:10:24.460', NULL, 40414.4031)
INSERT dbo.Cars(Id, ModelId, DealerId, Year, OrderId, Price) VALUES (290, 140, 15, '2000-01-01 00:00:01.960', NULL, 10500)
INSERT dbo.Cars(Id, ModelId, DealerId, Year, OrderId, Price) VALUES (291, 91, 2, '2011-07-29 17:32:05.760', NULL, 12204.1210)
INSERT dbo.Cars(Id, ModelId, DealerId, Year, OrderId, Price) VALUES (292, 6, 4, '2013-01-16 14:46:20.820', NULL, 53488.5339)
INSERT dbo.Cars(Id, ModelId, DealerId, Year, OrderId, Price) VALUES (293, 63, 4, '2000-01-01 00:00:01.640', 791, 10000)
INSERT dbo.Cars(Id, ModelId, DealerId, Year, OrderId, Price) VALUES (294, 10, 14, '2000-01-01 00:00:33.830', NULL, 64095.6400)
INSERT dbo.Cars(Id, ModelId, DealerId, Year, OrderId, Price) VALUES (295, 196, 14, '2000-04-01 02:45:28.820', NULL, 32931.3283)
INSERT dbo.Cars(Id, ModelId, DealerId, Year, OrderId, Price) VALUES (296, 15, 10, '2000-01-01 00:00:01.780', NULL, 29677.2958)
INSERT dbo.Cars(Id, ModelId, DealerId, Year, OrderId, Price) VALUES (297, 41, 8, '2007-09-17 20:39:43.330', NULL, 77307.7721)
INSERT dbo.Cars(Id, ModelId, DealerId, Year, OrderId, Price) VALUES (298, 63, 3, '2000-09-10 16:36:24.120', NULL, 10000)
INSERT dbo.Cars(Id, ModelId, DealerId, Year, OrderId, Price) VALUES (299, 139, 11, '2006-10-10 01:13:30.220', NULL, 98473.9837)
INSERT dbo.Cars(Id, ModelId, DealerId, Year, OrderId, Price) VALUES (300, 113, 13, '2000-01-02 04:42:51.960', 49, 10900)
INSERT dbo.Cars(Id, ModelId, DealerId, Year, OrderId, Price) VALUES (301, 77, 8, '2000-01-01 00:00:07.970', 243, 88844.8874)
INSERT dbo.Cars(Id, ModelId, DealerId, Year, OrderId, Price) VALUES (302, 144, 3, '2000-01-02 23:45:21.660', NULL, 38704.3860)
INSERT dbo.Cars(Id, ModelId, DealerId, Year, OrderId, Price) VALUES (303, 113, 13, '2000-01-02 12:41:04.130', NULL, 41001.4090)
INSERT dbo.Cars(Id, ModelId, DealerId, Year, OrderId, Price) VALUES (304, 37, 1, '2003-12-30 17:26:30.500', NULL, 13141.1304)
INSERT dbo.Cars(Id, ModelId, DealerId, Year, OrderId, Price) VALUES (305, 166, 12, '2000-01-01 00:00:01.630', NULL, 10000)
INSERT dbo.Cars(Id, ModelId, DealerId, Year, OrderId, Price) VALUES (306, 83, 12, '2000-01-02 18:51:21.180', NULL, 40322.4022)
INSERT dbo.Cars(Id, ModelId, DealerId, Year, OrderId, Price) VALUES (307, 40, 7, '2012-01-26 11:32:41.360', NULL, 10000)
INSERT dbo.Cars(Id, ModelId, DealerId, Year, OrderId, Price) VALUES (308, 18, 5, '2000-01-01 00:00:01.890', NULL, 99929)
INSERT dbo.Cars(Id, ModelId, DealerId, Year, OrderId, Price) VALUES (309, 84, 13, '2000-01-01 00:00:01.440', NULL, 53117.5302)
INSERT dbo.Cars(Id, ModelId, DealerId, Year, OrderId, Price) VALUES (310, 77, 15, '2000-01-01 00:00:01.100', NULL, 13545.1345)
INSERT dbo.Cars(Id, ModelId, DealerId, Year, OrderId, Price) VALUES (311, 75, 8, '2000-01-31 13:03:42.640', NULL, 14113)
INSERT dbo.Cars(Id, ModelId, DealerId, Year, OrderId, Price) VALUES (312, 128, 5, '2000-01-01 20:48:22.660', NULL, 10000)
INSERT dbo.Cars(Id, ModelId, DealerId, Year, OrderId, Price) VALUES (313, 79, 10, '2005-06-23 22:43:58.340', 353, 48943.8732)
INSERT dbo.Cars(Id, ModelId, DealerId, Year, OrderId, Price) VALUES (314, 176, 6, '2002-01-11 01:44:09.560', 256, 14814)
INSERT dbo.Cars(Id, ModelId, DealerId, Year, OrderId, Price) VALUES (315, 89, 9, '2000-01-01 00:00:03.900', NULL, 65992.6589)
INSERT dbo.Cars(Id, ModelId, DealerId, Year, OrderId, Price) VALUES (316, 72, 11, '2000-01-01 00:00:01.770', NULL, 15587.1549)
INSERT dbo.Cars(Id, ModelId, DealerId, Year, OrderId, Price) VALUES (317, 137, 12, '2015-11-06 22:12:56.170', NULL, 10000)
INSERT dbo.Cars(Id, ModelId, DealerId, Year, OrderId, Price) VALUES (318, 84, 6, '2005-03-11 20:30:16.480', NULL, 10000)
INSERT dbo.Cars(Id, ModelId, DealerId, Year, OrderId, Price) VALUES (319, 5, 1, '2000-01-01 00:00:01.270', 728, 10800)
INSERT dbo.Cars(Id, ModelId, DealerId, Year, OrderId, Price) VALUES (320, 178, 7, '2004-03-17 11:56:09.790', 707, 10000)
INSERT dbo.Cars(Id, ModelId, DealerId, Year, OrderId, Price) VALUES (321, 68, 12, '2000-01-01 00:00:48.810', NULL, 55429.5533)
INSERT dbo.Cars(Id, ModelId, DealerId, Year, OrderId, Price) VALUES (322, 87, 10, '2014-01-03 12:33:13.660', 324, 10000)
INSERT dbo.Cars(Id, ModelId, DealerId, Year, OrderId, Price) VALUES (323, 77, 4, '2000-01-01 00:00:01.340', NULL, 26965.2687)
INSERT dbo.Cars(Id, ModelId, DealerId, Year, OrderId, Price) VALUES (324, 145, 7, '2000-01-01 09:11:35.290', NULL, 20018.1992)
INSERT dbo.Cars(Id, ModelId, DealerId, Year, OrderId, Price) VALUES (325, 21, 13, '2000-01-01 00:00:01.200', NULL, 10000)
INSERT dbo.Cars(Id, ModelId, DealerId, Year, OrderId, Price) VALUES (326, 14, 6, '2000-01-01 00:00:01.400', NULL, 42839.4274)
INSERT dbo.Cars(Id, ModelId, DealerId, Year, OrderId, Price) VALUES (327, 66, 10, '2000-01-01 00:00:07.470', 246, 10400)
INSERT dbo.Cars(Id, ModelId, DealerId, Year, OrderId, Price) VALUES (328, 111, 15, '2005-04-29 20:52:58.490', 682, 26148.2605)
INSERT dbo.Cars(Id, ModelId, DealerId, Year, OrderId, Price) VALUES (329, 130, 14, '2009-11-30 23:34:45.220', NULL, 25090.2499)
INSERT dbo.Cars(Id, ModelId, DealerId, Year, OrderId, Price) VALUES (330, 193, 3, '2004-08-16 04:11:58.220', NULL, 33712.3361)
INSERT dbo.Cars(Id, ModelId, DealerId, Year, OrderId, Price) VALUES (331, 170, 11, '2000-01-01 00:00:01.320', 531, 10000)
INSERT dbo.Cars(Id, ModelId, DealerId, Year, OrderId, Price) VALUES (332, 136, 14, '2001-02-08 17:42:58.110', 678, 13904.3992)
INSERT dbo.Cars(Id, ModelId, DealerId, Year, OrderId, Price) VALUES (333, 114, 13, '2000-01-01 00:00:01.860', NULL, 58137.5804)
INSERT dbo.Cars(Id, ModelId, DealerId, Year, OrderId, Price) VALUES (334, 95, 14, '2003-10-07 06:42:31.180', NULL, 80827.0283)
INSERT dbo.Cars(Id, ModelId, DealerId, Year, OrderId, Price) VALUES (335, 140, 14, '2000-01-01 00:00:01.720', NULL, 16801.1670)
INSERT dbo.Cars(Id, ModelId, DealerId, Year, OrderId, Price) VALUES (336, 187, 13, '2002-01-28 21:00:11.190', NULL, 10800)
INSERT dbo.Cars(Id, ModelId, DealerId, Year, OrderId, Price) VALUES (337, 115, 6, '2007-08-27 21:17:08.660', 831, 10000)
INSERT dbo.Cars(Id, ModelId, DealerId, Year, OrderId, Price) VALUES (338, 75, 13, '2000-01-12 08:54:45.460', NULL, 30509.3041)
INSERT dbo.Cars(Id, ModelId, DealerId, Year, OrderId, Price) VALUES (339, 119, 11, '2007-08-27 19:06:00.990', NULL, 10000)
INSERT dbo.Cars(Id, ModelId, DealerId, Year, OrderId, Price) VALUES (340, 185, 8, '2008-10-08 08:58:48.870', NULL, 19995.1990)
INSERT dbo.Cars(Id, ModelId, DealerId, Year, OrderId, Price) VALUES (341, 134, 1, '2000-01-01 00:00:23.590', NULL, 11333.1123)
INSERT dbo.Cars(Id, ModelId, DealerId, Year, OrderId, Price) VALUES (342, 104, 5, '2000-01-01 00:00:01.390', 383, 22235.2214)
INSERT dbo.Cars(Id, ModelId, DealerId, Year, OrderId, Price) VALUES (343, 156, 15, '2013-03-10 06:56:37.290', NULL, 10000)
INSERT dbo.Cars(Id, ModelId, DealerId, Year, OrderId, Price) VALUES (344, 1, 1, '2000-02-16 19:40:45.500', NULL, 28507.2636)
INSERT dbo.Cars(Id, ModelId, DealerId, Year, OrderId, Price) VALUES (345, 130, 13, '2008-07-23 09:38:14.020', NULL, 11321.1122)
INSERT dbo.Cars(Id, ModelId, DealerId, Year, OrderId, Price) VALUES (346, 66, 2, '2005-11-12 17:25:24.060', NULL, 10000)
INSERT dbo.Cars(Id, ModelId, DealerId, Year, OrderId, Price) VALUES (347, 181, 10, '2006-11-14 16:52:42.820', NULL, 93157)
INSERT dbo.Cars(Id, ModelId, DealerId, Year, OrderId, Price) VALUES (348, 189, 10, '2014-09-27 18:55:20.620', NULL, 10000)
INSERT dbo.Cars(Id, ModelId, DealerId, Year, OrderId, Price) VALUES (349, 148, 3, '2003-03-06 16:05:31.230', NULL, 22779.2268)
INSERT dbo.Cars(Id, ModelId, DealerId, Year, OrderId, Price) VALUES (350, 23, 10, '2015-12-06 10:11:53.520', NULL, 23435.2334)
INSERT dbo.Cars(Id, ModelId, DealerId, Year, OrderId, Price) VALUES (351, 107, 4, '2000-01-01 00:00:01.700', NULL, 25662.2556)
INSERT dbo.Cars(Id, ModelId, DealerId, Year, OrderId, Price) VALUES (352, 97, 11, '2000-01-01 00:00:01.210', NULL, 24028.2393)
INSERT dbo.Cars(Id, ModelId, DealerId, Year, OrderId, Price) VALUES (353, 162, 12, '2000-01-01 00:00:01.450', 816, 10000)
INSERT dbo.Cars(Id, ModelId, DealerId, Year, OrderId, Price) VALUES (354, 41, 8, '2000-01-01 00:00:01.430', 313, 10000)
INSERT dbo.Cars(Id, ModelId, DealerId, Year, OrderId, Price) VALUES (355, 131, 14, '2000-01-01 10:03:41.030', NULL, 37087.3699)
INSERT dbo.Cars(Id, ModelId, DealerId, Year, OrderId, Price) VALUES (356, 134, 15, '2001-02-09 02:57:34.530', NULL, 10700)
INSERT dbo.Cars(Id, ModelId, DealerId, Year, OrderId, Price) VALUES (357, 142, 2, '2016-05-26 01:35:03.980', NULL, 28321.2822)
INSERT dbo.Cars(Id, ModelId, DealerId, Year, OrderId, Price) VALUES (358, 179, 10, '2014-05-01 07:47:58.500', NULL, 12203.1210)
INSERT dbo.Cars(Id, ModelId, DealerId, Year, OrderId, Price) VALUES (359, 177, 6, '2011-07-23 00:36:23.800', NULL, 51521.4858)
INSERT dbo.Cars(Id, ModelId, DealerId, Year, OrderId, Price) VALUES (360, 80, 3, '2000-01-01 00:00:01.410', 203, 17918)
INSERT dbo.Cars(Id, ModelId, DealerId, Year, OrderId, Price) VALUES (361, 191, 11, '2000-01-01 00:00:01.520', 355, 10000)
INSERT dbo.Cars(Id, ModelId, DealerId, Year, OrderId, Price) VALUES (362, 45, 12, '2011-07-06 12:52:28.720', NULL, 10100)
INSERT dbo.Cars(Id, ModelId, DealerId, Year, OrderId, Price) VALUES (363, 95, 12, '2000-01-01 00:00:01.610', NULL, 36302.3620)
INSERT dbo.Cars(Id, ModelId, DealerId, Year, OrderId, Price) VALUES (364, 194, 2, '2013-07-15 16:44:11.580', 881, 41814.4171)
INSERT dbo.Cars(Id, ModelId, DealerId, Year, OrderId, Price) VALUES (365, 101, 13, '2007-01-05 15:46:06.370', NULL, 10000)
INSERT dbo.Cars(Id, ModelId, DealerId, Year, OrderId, Price) VALUES (366, 160, 14, '2000-01-01 00:01:14.160', NULL, 10000)
INSERT dbo.Cars(Id, ModelId, DealerId, Year, OrderId, Price) VALUES (367, 187, 3, '2000-09-15 20:43:49.870', NULL, 41392.4129)
INSERT dbo.Cars(Id, ModelId, DealerId, Year, OrderId, Price) VALUES (368, 18, 3, '2000-01-02 18:24:34.230', NULL, 38313.3821)
INSERT dbo.Cars(Id, ModelId, DealerId, Year, OrderId, Price) VALUES (369, 37, 15, '2000-01-01 00:00:01.660', 630, 15898.1580)
INSERT dbo.Cars(Id, ModelId, DealerId, Year, OrderId, Price) VALUES (370, 178, 11, '2002-11-17 20:53:02.050', NULL, 39632.3953)
INSERT dbo.Cars(Id, ModelId, DealerId, Year, OrderId, Price) VALUES (371, 104, 3, '2000-01-01 12:01:05.130', 291, 10000)
INSERT dbo.Cars(Id, ModelId, DealerId, Year, OrderId, Price) VALUES (372, 168, 12, '2000-01-01 19:03:21.360', 373, 38864.3876)
INSERT dbo.Cars(Id, ModelId, DealerId, Year, OrderId, Price) VALUES (373, 43, 9, '2005-01-13 14:14:49.330', NULL, 10000)
INSERT dbo.Cars(Id, ModelId, DealerId, Year, OrderId, Price) VALUES (374, 108, 3, '2000-01-01 00:00:08.910', 937, 12283.1218)
INSERT dbo.Cars(Id, ModelId, DealerId, Year, OrderId, Price) VALUES (375, 80, 4, '2010-08-15 09:56:11.420', NULL, 10000)
INSERT dbo.Cars(Id, ModelId, DealerId, Year, OrderId, Price) VALUES (376, 14, 15, '2000-05-05 03:49:25.540', 627, 10000)
INSERT dbo.Cars(Id, ModelId, DealerId, Year, OrderId, Price) VALUES (377, 107, 13, '2001-05-02 03:58:37.020', NULL, 10900)
INSERT dbo.Cars(Id, ModelId, DealerId, Year, OrderId, Price) VALUES (378, 173, 3, '2000-01-02 05:17:19.000', NULL, 87650.8755)
INSERT dbo.Cars(Id, ModelId, DealerId, Year, OrderId, Price) VALUES (379, 135, 10, '2000-01-01 00:00:10.850', NULL, 15283)
INSERT dbo.Cars(Id, ModelId, DealerId, Year, OrderId, Price) VALUES (380, 5, 12, '2000-09-22 09:51:56.950', NULL, 10000)
INSERT dbo.Cars(Id, ModelId, DealerId, Year, OrderId, Price) VALUES (381, 171, 6, '2000-01-01 00:00:01.720', NULL, 29465.2937)
INSERT dbo.Cars(Id, ModelId, DealerId, Year, OrderId, Price) VALUES (382, 16, 11, '2002-06-28 00:16:15.570', NULL, 10000)
INSERT dbo.Cars(Id, ModelId, DealerId, Year, OrderId, Price) VALUES (383, 113, 13, '2005-01-03 18:54:55.390', NULL, 26933.2683)
INSERT dbo.Cars(Id, ModelId, DealerId, Year, OrderId, Price) VALUES (384, 45, 7, '2005-06-21 17:47:30.480', NULL, 31890.3179)
INSERT dbo.Cars(Id, ModelId, DealerId, Year, OrderId, Price) VALUES (385, 199, 4, '2004-05-15 13:59:13.980', NULL, 10000)
INSERT dbo.Cars(Id, ModelId, DealerId, Year, OrderId, Price) VALUES (386, 130, 1, '2005-04-23 05:50:49.190', NULL, 29856.2976)
INSERT dbo.Cars(Id, ModelId, DealerId, Year, OrderId, Price) VALUES (387, 151, 13, '2000-01-02 13:20:07.550', NULL, 33509.3341)
INSERT dbo.Cars(Id, ModelId, DealerId, Year, OrderId, Price) VALUES (388, 65, 11, '2008-12-19 15:41:02.420', NULL, 10000)
INSERT dbo.Cars(Id, ModelId, DealerId, Year, OrderId, Price) VALUES (389, 39, 11, '2000-01-01 00:00:01.970', NULL, 18505.1841)
INSERT dbo.Cars(Id, ModelId, DealerId, Year, OrderId, Price) VALUES (390, 92, 8, '2000-01-01 00:00:01.660', 559, 52121.2408)
INSERT dbo.Cars(Id, ModelId, DealerId, Year, OrderId, Price) VALUES (391, 128, 12, '2013-05-23 19:16:41.840', 430, 20650.2055)
INSERT dbo.Cars(Id, ModelId, DealerId, Year, OrderId, Price) VALUES (392, 137, 1, '2013-04-01 23:46:51.970', NULL, 10000)
INSERT dbo.Cars(Id, ModelId, DealerId, Year, OrderId, Price) VALUES (393, 88, 6, '2008-08-09 05:03:05.330', NULL, 57192.5709)
INSERT dbo.Cars(Id, ModelId, DealerId, Year, OrderId, Price) VALUES (394, 83, 9, '2000-01-01 00:00:01.040', NULL, 10000)
INSERT dbo.Cars(Id, ModelId, DealerId, Year, OrderId, Price) VALUES (395, 12, 11, '2000-02-06 08:18:50.820', NULL, 21880.2636)
INSERT dbo.Cars(Id, ModelId, DealerId, Year, OrderId, Price) VALUES (396, 6, 14, '2001-10-23 07:54:50.100', NULL, 19169)
INSERT dbo.Cars(Id, ModelId, DealerId, Year, OrderId, Price) VALUES (397, 2, 14, '2000-01-01 00:00:01.200', NULL, 28282.2818)
INSERT dbo.Cars(Id, ModelId, DealerId, Year, OrderId, Price) VALUES (398, 9, 14, '2009-06-05 14:07:20.580', 388, 10000)
INSERT dbo.Cars(Id, ModelId, DealerId, Year, OrderId, Price) VALUES (399, 123, 15, '2000-01-01 00:00:01.020', NULL, 82572.8247)
INSERT dbo.Cars(Id, ModelId, DealerId, Year, OrderId, Price) VALUES (400, 8, 14, '2000-09-21 00:34:27.370', NULL, 18720.1862)
INSERT dbo.Cars(Id, ModelId, DealerId, Year, OrderId, Price) VALUES (401, 156, 5, '2008-01-14 22:48:09.370', 91, 10000)
INSERT dbo.Cars(Id, ModelId, DealerId, Year, OrderId, Price) VALUES (402, 133, 12, '2000-01-01 00:00:10.210', NULL, 13495)
INSERT dbo.Cars(Id, ModelId, DealerId, Year, OrderId, Price) VALUES (403, 8, 6, '2000-01-01 00:00:04.610', NULL, 11061.1096)
INSERT dbo.Cars(Id, ModelId, DealerId, Year, OrderId, Price) VALUES (404, 134, 4, '2000-01-03 03:36:19.140', 527, 18472.1837)
INSERT dbo.Cars(Id, ModelId, DealerId, Year, OrderId, Price) VALUES (405, 90, 13, '2000-01-01 00:00:01.550', NULL, 10000)
INSERT dbo.Cars(Id, ModelId, DealerId, Year, OrderId, Price) VALUES (406, 180, 15, '2000-01-01 00:00:01.480', 821, 10000)
INSERT dbo.Cars(Id, ModelId, DealerId, Year, OrderId, Price) VALUES (407, 106, 5, '2000-01-01 00:00:01.050', NULL, 10000)
INSERT dbo.Cars(Id, ModelId, DealerId, Year, OrderId, Price) VALUES (408, 138, 6, '2000-01-01 03:33:38.020', NULL, 36914.3681)
INSERT dbo.Cars(Id, ModelId, DealerId, Year, OrderId, Price) VALUES (409, 118, 13, '2005-11-16 16:01:51.860', NULL, 33838.3374)
INSERT dbo.Cars(Id, ModelId, DealerId, Year, OrderId, Price) VALUES (410, 179, 6, '2003-04-28 08:50:08.730', 914, 35457.3536)
INSERT dbo.Cars(Id, ModelId, DealerId, Year, OrderId, Price) VALUES (411, 106, 7, '2001-12-04 07:30:59.720', NULL, 10000)
INSERT dbo.Cars(Id, ModelId, DealerId, Year, OrderId, Price) VALUES (412, 152, 9, '2000-01-01 00:00:01.150', NULL, 59123.7664)
INSERT dbo.Cars(Id, ModelId, DealerId, Year, OrderId, Price) VALUES (413, 176, 10, '2004-01-14 15:10:34.650', 681, 10000)
INSERT dbo.Cars(Id, ModelId, DealerId, Year, OrderId, Price) VALUES (414, 53, 12, '2003-09-15 11:26:41.050', NULL, 78823.7872)
INSERT dbo.Cars(Id, ModelId, DealerId, Year, OrderId, Price) VALUES (415, 4, 5, '2000-01-01 00:00:01.900', NULL, 35497.3540)
INSERT dbo.Cars(Id, ModelId, DealerId, Year, OrderId, Price) VALUES (416, 194, 1, '2007-02-10 12:47:29.020', NULL, 66682.6658)
INSERT dbo.Cars(Id, ModelId, DealerId, Year, OrderId, Price) VALUES (417, 68, 2, '2000-01-01 00:00:01.250', 374, 14381.1428)
INSERT dbo.Cars(Id, ModelId, DealerId, Year, OrderId, Price) VALUES (418, 41, 1, '2000-01-01 00:00:08.280', NULL, 22018.2192)
INSERT dbo.Cars(Id, ModelId, DealerId, Year, OrderId, Price) VALUES (419, 20, 3, '2009-12-26 06:55:30.800', NULL, 20446)
INSERT dbo.Cars(Id, ModelId, DealerId, Year, OrderId, Price) VALUES (420, 17, 13, '2000-01-01 00:00:07.300', NULL, 10000)
INSERT dbo.Cars(Id, ModelId, DealerId, Year, OrderId, Price) VALUES (421, 194, 12, '2008-02-26 21:35:23.820', 187, 89437.8934)
INSERT dbo.Cars(Id, ModelId, DealerId, Year, OrderId, Price) VALUES (422, 133, 5, '2004-06-26 03:56:44.520', 704, 10000)
INSERT dbo.Cars(Id, ModelId, DealerId, Year, OrderId, Price) VALUES (423, 169, 5, '2005-10-03 16:33:20.470', NULL, 10000)
INSERT dbo.Cars(Id, ModelId, DealerId, Year, OrderId, Price) VALUES (424, 73, 8, '2011-07-08 14:29:51.680', NULL, 34484.3438)
INSERT dbo.Cars(Id, ModelId, DealerId, Year, OrderId, Price) VALUES (425, 85, 5, '2004-10-01 16:33:07.210', NULL, 26117.2602)
INSERT dbo.Cars(Id, ModelId, DealerId, Year, OrderId, Price) VALUES (426, 55, 3, '2004-07-17 18:38:26.470', NULL, 48657.4503)
INSERT dbo.Cars(Id, ModelId, DealerId, Year, OrderId, Price) VALUES (427, 109, 2, '2011-10-28 21:49:57.720', NULL, 29593.2949)
INSERT dbo.Cars(Id, ModelId, DealerId, Year, OrderId, Price) VALUES (428, 94, 3, '2000-01-01 00:00:01.110', NULL, 98943.9884)
INSERT dbo.Cars(Id, ModelId, DealerId, Year, OrderId, Price) VALUES (429, 23, 5, '2010-05-13 16:21:30.190', 420, 34855.3476)
INSERT dbo.Cars(Id, ModelId, DealerId, Year, OrderId, Price) VALUES (430, 9, 5, '2008-08-14 00:12:43.560', NULL, 14889.1479)
INSERT dbo.Cars(Id, ModelId, DealerId, Year, OrderId, Price) VALUES (431, 13, 1, '2016-03-19 11:06:49.940', NULL, 10000)
INSERT dbo.Cars(Id, ModelId, DealerId, Year, OrderId, Price) VALUES (432, 5, 8, '2007-05-29 08:28:46.830', NULL, 83178.8308)
INSERT dbo.Cars(Id, ModelId, DealerId, Year, OrderId, Price) VALUES (433, 14, 1, '2003-09-11 14:11:40.090', NULL, 10000)
INSERT dbo.Cars(Id, ModelId, DealerId, Year, OrderId, Price) VALUES (434, 69, 4, '2000-01-01 00:00:01.090', NULL, 63933.6383)
INSERT dbo.Cars(Id, ModelId, DealerId, Year, OrderId, Price) VALUES (435, 1, 4, '2000-01-01 00:00:01.160', NULL, 10000)
INSERT dbo.Cars(Id, ModelId, DealerId, Year, OrderId, Price) VALUES (436, 146, 11, '2000-01-01 00:00:01.740', NULL, 16104.2435)
INSERT dbo.Cars(Id, ModelId, DealerId, Year, OrderId, Price) VALUES (437, 173, 3, '2016-02-11 21:04:01.090', 822, 10000)
INSERT dbo.Cars(Id, ModelId, DealerId, Year, OrderId, Price) VALUES (438, 54, 14, '2001-09-11 07:58:36.670', NULL, 17388.1729)
INSERT dbo.Cars(Id, ModelId, DealerId, Year, OrderId, Price) VALUES (439, 176, 15, '2012-05-26 10:31:18.780', NULL, 10000)
INSERT dbo.Cars(Id, ModelId, DealerId, Year, OrderId, Price) VALUES (440, 189, 10, '2012-07-19 19:32:54.300', 101, 51710.5161)
INSERT dbo.Cars(Id, ModelId, DealerId, Year, OrderId, Price) VALUES (441, 78, 14, '2000-01-01 00:00:01.830', NULL, 83223.8312)
INSERT dbo.Cars(Id, ModelId, DealerId, Year, OrderId, Price) VALUES (442, 87, 13, '2000-01-01 00:00:01.340', NULL, 12513.1241)
INSERT dbo.Cars(Id, ModelId, DealerId, Year, OrderId, Price) VALUES (443, 85, 10, '2000-01-01 00:00:01.820', 627, 74420.7432)
INSERT dbo.Cars(Id, ModelId, DealerId, Year, OrderId, Price) VALUES (444, 144, 2, '2010-01-14 05:39:02.350', NULL, 16488.1639)
INSERT dbo.Cars(Id, ModelId, DealerId, Year, OrderId, Price) VALUES (445, 148, 5, '2013-01-18 15:26:11.280', NULL, 10000)
INSERT dbo.Cars(Id, ModelId, DealerId, Year, OrderId, Price) VALUES (446, 101, 7, '2006-09-21 03:18:49.440', NULL, 59218.6810)
INSERT dbo.Cars(Id, ModelId, DealerId, Year, OrderId, Price) VALUES (447, 90, 9, '2001-10-30 20:58:21.740', 859, 11192)
INSERT dbo.Cars(Id, ModelId, DealerId, Year, OrderId, Price) VALUES (448, 175, 14, '2000-01-01 00:00:51.980', 130, 34819.3472)
INSERT dbo.Cars(Id, ModelId, DealerId, Year, OrderId, Price) VALUES (449, 124, 15, '2000-01-01 00:00:05.880', NULL, 10000)
INSERT dbo.Cars(Id, ModelId, DealerId, Year, OrderId, Price) VALUES (450, 120, 2, '2000-01-01 00:00:01.600', 66, 44306.4421)
INSERT dbo.Cars(Id, ModelId, DealerId, Year, OrderId, Price) VALUES (451, 154, 4, '2009-03-09 22:22:46.000', NULL, 53826.6025)
INSERT dbo.Cars(Id, ModelId, DealerId, Year, OrderId, Price) VALUES (452, 147, 8, '2000-01-01 00:00:01.670', 939, 56587.5649)
INSERT dbo.Cars(Id, ModelId, DealerId, Year, OrderId, Price) VALUES (453, 128, 3, '2002-10-30 19:06:31.320', NULL, 10000)
INSERT dbo.Cars(Id, ModelId, DealerId, Year, OrderId, Price) VALUES (454, 158, 4, '2012-12-18 23:32:23.490', 542, 10000)
INSERT dbo.Cars(Id, ModelId, DealerId, Year, OrderId, Price) VALUES (455, 171, 10, '2000-01-30 20:17:11.860', NULL, 39136.3904)
INSERT dbo.Cars(Id, ModelId, DealerId, Year, OrderId, Price) VALUES (456, 10, 14, '2000-01-01 00:00:01.030', NULL, 10000)
INSERT dbo.Cars(Id, ModelId, DealerId, Year, OrderId, Price) VALUES (457, 96, 6, '2000-01-01 00:00:08.760', NULL, 10400)
INSERT dbo.Cars(Id, ModelId, DealerId, Year, OrderId, Price) VALUES (458, 162, 8, '2004-04-26 02:16:15.440', 855, 16912.1681)
INSERT dbo.Cars(Id, ModelId, DealerId, Year, OrderId, Price) VALUES (459, 181, 15, '2006-07-29 06:42:11.810', 756, 10000)
INSERT dbo.Cars(Id, ModelId, DealerId, Year, OrderId, Price) VALUES (460, 15, 13, '2000-01-01 00:00:01.760', NULL, 10000)
INSERT dbo.Cars(Id, ModelId, DealerId, Year, OrderId, Price) VALUES (461, 99, 10, '2000-01-01 02:42:51.740', NULL, 59572.5947)
INSERT dbo.Cars(Id, ModelId, DealerId, Year, OrderId, Price) VALUES (462, 48, 3, '2013-06-16 23:12:39.690', 317, 20183.2008)
INSERT dbo.Cars(Id, ModelId, DealerId, Year, OrderId, Price) VALUES (463, 70, 7, '2000-01-22 21:26:18.700', NULL, 31170.3107)
INSERT dbo.Cars(Id, ModelId, DealerId, Year, OrderId, Price) VALUES (464, 169, 13, '2000-01-01 02:01:28.000', NULL, 51184.5108)
INSERT dbo.Cars(Id, ModelId, DealerId, Year, OrderId, Price) VALUES (465, 111, 7, '2009-07-23 19:59:45.670', 58, 10000)
INSERT dbo.Cars(Id, ModelId, DealerId, Year, OrderId, Price) VALUES (466, 106, 8, '2000-01-01 08:46:42.160', NULL, 40477.4038)
INSERT dbo.Cars(Id, ModelId, DealerId, Year, OrderId, Price) VALUES (467, 127, 3, '2000-01-01 17:32:57.690', NULL, 32369.3227)
INSERT dbo.Cars(Id, ModelId, DealerId, Year, OrderId, Price) VALUES (468, 22, 4, '2000-01-01 00:00:01.690', NULL, 53051.5295)
INSERT dbo.Cars(Id, ModelId, DealerId, Year, OrderId, Price) VALUES (469, 71, 4, '2000-02-11 19:51:33.500', NULL, 15365)
INSERT dbo.Cars(Id, ModelId, DealerId, Year, OrderId, Price) VALUES (470, 102, 6, '2000-01-01 00:00:02.190', NULL, 32079.3198)
INSERT dbo.Cars(Id, ModelId, DealerId, Year, OrderId, Price) VALUES (471, 16, 9, '2003-07-08 15:47:07.750', 469, 40260.4016)
INSERT dbo.Cars(Id, ModelId, DealerId, Year, OrderId, Price) VALUES (472, 174, 13, '2002-11-06 17:42:53.320', NULL, 98348)
INSERT dbo.Cars(Id, ModelId, DealerId, Year, OrderId, Price) VALUES (473, 196, 14, '2000-01-01 17:35:41.790', NULL, 10000)
INSERT dbo.Cars(Id, ModelId, DealerId, Year, OrderId, Price) VALUES (474, 173, 2, '2000-01-01 00:00:31.630', 793, 10000)
INSERT dbo.Cars(Id, ModelId, DealerId, Year, OrderId, Price) VALUES (475, 188, 7, '2000-01-01 00:00:01.140', NULL, 41097.4100)
INSERT dbo.Cars(Id, ModelId, DealerId, Year, OrderId, Price) VALUES (476, 24, 3, '2011-06-30 18:32:45.460', NULL, 10000)
INSERT dbo.Cars(Id, ModelId, DealerId, Year, OrderId, Price) VALUES (477, 126, 13, '2008-04-10 12:43:22.700', NULL, 10200)
INSERT dbo.Cars(Id, ModelId, DealerId, Year, OrderId, Price) VALUES (478, 49, 3, '2000-01-01 00:00:01.880', NULL, 10300)
INSERT dbo.Cars(Id, ModelId, DealerId, Year, OrderId, Price) VALUES (479, 152, 6, '2001-12-05 18:02:18.840', NULL, 72927.7283)
INSERT dbo.Cars(Id, ModelId, DealerId, Year, OrderId, Price) VALUES (480, 30, 7, '2000-01-01 13:39:16.610', NULL, 10000)
INSERT dbo.Cars(Id, ModelId, DealerId, Year, OrderId, Price) VALUES (481, 6, 4, '2008-07-24 14:20:35.170', NULL, 10000)
INSERT dbo.Cars(Id, ModelId, DealerId, Year, OrderId, Price) VALUES (482, 177, 6, '2013-08-07 03:43:42.630', NULL, 21740.2164)
INSERT dbo.Cars(Id, ModelId, DealerId, Year, OrderId, Price) VALUES (483, 68, 1, '2000-01-01 00:00:05.390', 366, 27112.2701)
INSERT dbo.Cars(Id, ModelId, DealerId, Year, OrderId, Price) VALUES (484, 10, 8, '2004-10-09 11:50:52.350', NULL, 36904.3680)
INSERT dbo.Cars(Id, ModelId, DealerId, Year, OrderId, Price) VALUES (485, 132, 1, '2000-01-01 00:00:01.590', NULL, 21783.2168)
INSERT dbo.Cars(Id, ModelId, DealerId, Year, OrderId, Price) VALUES (486, 29, 9, '2000-01-01 00:00:01.190', NULL, 89881.8978)
INSERT dbo.Cars(Id, ModelId, DealerId, Year, OrderId, Price) VALUES (487, 88, 8, '2000-01-01 23:15:35.200', NULL, 10000)
INSERT dbo.Cars(Id, ModelId, DealerId, Year, OrderId, Price) VALUES (488, 63, 4, '2009-10-09 11:48:08.380', NULL, 10128.1003)
INSERT dbo.Cars(Id, ModelId, DealerId, Year, OrderId, Price) VALUES (489, 38, 4, '2009-12-10 12:42:20.180', NULL, 11894.1179)
INSERT dbo.Cars(Id, ModelId, DealerId, Year, OrderId, Price) VALUES (490, 189, 3, '2000-01-01 00:00:01.690', NULL, 17960)
INSERT dbo.Cars(Id, ModelId, DealerId, Year, OrderId, Price) VALUES (491, 194, 14, '2000-01-01 00:00:59.850', 83, 10000)
INSERT dbo.Cars(Id, ModelId, DealerId, Year, OrderId, Price) VALUES (492, 111, 5, '2001-02-01 19:02:23.420', NULL, 15280)
INSERT dbo.Cars(Id, ModelId, DealerId, Year, OrderId, Price) VALUES (493, 7, 5, '2002-08-17 09:55:29.910', NULL, 10000)
INSERT dbo.Cars(Id, ModelId, DealerId, Year, OrderId, Price) VALUES (494, 56, 3, '2000-01-01 00:00:01.550', NULL, 52011.5191)
INSERT dbo.Cars(Id, ModelId, DealerId, Year, OrderId, Price) VALUES (495, 92, 10, '2003-06-10 09:34:02.700', 736, 10000)
INSERT dbo.Cars(Id, ModelId, DealerId, Year, OrderId, Price) VALUES (496, 66, 13, '2000-01-01 00:00:01.800', NULL, 10000)
INSERT dbo.Cars(Id, ModelId, DealerId, Year, OrderId, Price) VALUES (497, 170, 8, '2003-07-17 05:44:17.390', NULL, 36220.8364)
INSERT dbo.Cars(Id, ModelId, DealerId, Year, OrderId, Price) VALUES (498, 3, 9, '2000-02-06 08:00:42.750', 199, 49547.4945)
INSERT dbo.Cars(Id, ModelId, DealerId, Year, OrderId, Price) VALUES (499, 199, 1, '2000-11-24 14:28:46.660', NULL, 10000)
INSERT dbo.Cars(Id, ModelId, DealerId, Year, OrderId, Price) VALUES (500, 105, 3, '2000-01-01 00:00:01.720', NULL, 10000)
INSERT dbo.Cars(Id, ModelId, DealerId, Year, OrderId, Price) VALUES (501, 12, 8, '2015-11-08 10:35:47.370', NULL, 24780.2468)
INSERT dbo.Cars(Id, ModelId, DealerId, Year, OrderId, Price) VALUES (502, 194, 10, '2010-04-28 11:50:36.170', 349, 74192.7409)
INSERT dbo.Cars(Id, ModelId, DealerId, Year, OrderId, Price) VALUES (503, 156, 15, '2000-01-01 00:00:01.990', NULL, 10000)
INSERT dbo.Cars(Id, ModelId, DealerId, Year, OrderId, Price) VALUES (504, 159, 9, '2002-08-19 11:01:17.890', 385, 40551.4045)
INSERT dbo.Cars(Id, ModelId, DealerId, Year, OrderId, Price) VALUES (505, 107, 4, '2000-01-01 00:00:01.950', 925, 10000)
INSERT dbo.Cars(Id, ModelId, DealerId, Year, OrderId, Price) VALUES (506, 109, 14, '2000-01-01 00:00:01.370', NULL, 36871.3677)
INSERT dbo.Cars(Id, ModelId, DealerId, Year, OrderId, Price) VALUES (507, 48, 4, '2000-01-02 16:15:44.360', NULL, 44040.4394)
INSERT dbo.Cars(Id, ModelId, DealerId, Year, OrderId, Price) VALUES (508, 75, 6, '2000-01-01 00:00:01.670', NULL, 10000)
INSERT dbo.Cars(Id, ModelId, DealerId, Year, OrderId, Price) VALUES (509, 76, 1, '2000-01-01 00:00:01.690', NULL, 84595.2439)
INSERT dbo.Cars(Id, ModelId, DealerId, Year, OrderId, Price) VALUES (510, 149, 3, '2014-12-12 17:22:20.360', NULL, 54226.5413)
INSERT dbo.Cars(Id, ModelId, DealerId, Year, OrderId, Price) VALUES (511, 164, 5, '2000-11-04 12:55:44.420', NULL, 22232.2213)
INSERT dbo.Cars(Id, ModelId, DealerId, Year, OrderId, Price) VALUES (512, 47, 13, '2000-01-01 00:00:01.640', 718, 10000)
INSERT dbo.Cars(Id, ModelId, DealerId, Year, OrderId, Price) VALUES (513, 13, 13, '2000-02-29 16:12:51.110', NULL, 32347.3225)
INSERT dbo.Cars(Id, ModelId, DealerId, Year, OrderId, Price) VALUES (514, 71, 8, '2000-01-01 00:00:01.790', NULL, 11289)
INSERT dbo.Cars(Id, ModelId, DealerId, Year, OrderId, Price) VALUES (515, 171, 2, '2000-05-21 08:02:07.730', NULL, 30633.3053)
INSERT dbo.Cars(Id, ModelId, DealerId, Year, OrderId, Price) VALUES (516, 34, 12, '2000-01-26 14:40:01.410', NULL, 22833.2273)
INSERT dbo.Cars(Id, ModelId, DealerId, Year, OrderId, Price) VALUES (517, 128, 14, '2000-01-01 00:00:59.450', 795, 42810.4271)
INSERT dbo.Cars(Id, ModelId, DealerId, Year, OrderId, Price) VALUES (518, 159, 12, '2014-09-10 20:38:32.730', NULL, 10000)
INSERT dbo.Cars(Id, ModelId, DealerId, Year, OrderId, Price) VALUES (519, 69, 12, '2000-01-01 22:50:24.210', NULL, 83315.8322)
INSERT dbo.Cars(Id, ModelId, DealerId, Year, OrderId, Price) VALUES (520, 67, 15, '2000-01-01 00:00:01.880', NULL, 68600.2203)
INSERT dbo.Cars(Id, ModelId, DealerId, Year, OrderId, Price) VALUES (521, 77, 2, '2010-02-14 21:20:08.140', NULL, 10000)
INSERT dbo.Cars(Id, ModelId, DealerId, Year, OrderId, Price) VALUES (522, 45, 11, '2000-01-01 00:00:01.150', 988, 20646.2055)
INSERT dbo.Cars(Id, ModelId, DealerId, Year, OrderId, Price) VALUES (523, 96, 1, '2000-01-01 00:00:01.560', NULL, 10000)
INSERT dbo.Cars(Id, ModelId, DealerId, Year, OrderId, Price) VALUES (524, 87, 9, '2005-05-07 14:09:38.940', NULL, 41923.4182)
INSERT dbo.Cars(Id, ModelId, DealerId, Year, OrderId, Price) VALUES (525, 163, 8, '2000-01-01 00:00:01.960', 103, 10000)
INSERT dbo.Cars(Id, ModelId, DealerId, Year, OrderId, Price) VALUES (526, 4, 1, '2000-01-01 00:00:05.780', NULL, 10913.1081)
INSERT dbo.Cars(Id, ModelId, DealerId, Year, OrderId, Price) VALUES (527, 1, 3, '2000-01-01 00:00:01.030', 750, 10000)
INSERT dbo.Cars(Id, ModelId, DealerId, Year, OrderId, Price) VALUES (528, 74, 6, '2009-06-01 02:18:49.540', NULL, 81653.8155)
INSERT dbo.Cars(Id, ModelId, DealerId, Year, OrderId, Price) VALUES (529, 38, 3, '2006-11-30 03:54:51.280', NULL, 10000)
INSERT dbo.Cars(Id, ModelId, DealerId, Year, OrderId, Price) VALUES (530, 8, 11, '2014-01-13 16:35:56.840', 372, 10000)
INSERT dbo.Cars(Id, ModelId, DealerId, Year, OrderId, Price) VALUES (531, 19, 8, '2000-01-01 00:00:24.580', 272, 33735.3364)
INSERT dbo.Cars(Id, ModelId, DealerId, Year, OrderId, Price) VALUES (532, 166, 10, '2011-03-29 11:14:02.430', 133, 10000)
INSERT dbo.Cars(Id, ModelId, DealerId, Year, OrderId, Price) VALUES (533, 39, 10, '2009-05-09 22:05:40.520', NULL, 10000)
INSERT dbo.Cars(Id, ModelId, DealerId, Year, OrderId, Price) VALUES (534, 13, 10, '2000-01-01 00:00:01.320', 441, 16188.1609)
INSERT dbo.Cars(Id, ModelId, DealerId, Year, OrderId, Price) VALUES (535, 131, 13, '2000-01-01 00:01:06.270', NULL, 47182.4708)
INSERT dbo.Cars(Id, ModelId, DealerId, Year, OrderId, Price) VALUES (536, 28, 13, '2000-12-15 18:43:56.310', NULL, 23732.2363)
INSERT dbo.Cars(Id, ModelId, DealerId, Year, OrderId, Price) VALUES (537, 183, 12, '2016-10-21 05:44:53.840', 598, 17369.1727)
INSERT dbo.Cars(Id, ModelId, DealerId, Year, OrderId, Price) VALUES (538, 109, 2, '2002-08-07 21:32:46.090', 927, 10000)
INSERT dbo.Cars(Id, ModelId, DealerId, Year, OrderId, Price) VALUES (539, 86, 3, '2000-01-01 00:00:03.790', NULL, 59714.5961)
INSERT dbo.Cars(Id, ModelId, DealerId, Year, OrderId, Price) VALUES (540, 97, 8, '2001-11-10 10:33:49.850', NULL, 16855.1676)
INSERT dbo.Cars(Id, ModelId, DealerId, Year, OrderId, Price) VALUES (541, 78, 2, '2004-04-16 18:31:22.880', 364, 37930.3783)
INSERT dbo.Cars(Id, ModelId, DealerId, Year, OrderId, Price) VALUES (542, 143, 4, '2000-01-01 00:00:01.040', NULL, 10000)
INSERT dbo.Cars(Id, ModelId, DealerId, Year, OrderId, Price) VALUES (543, 176, 12, '2005-09-15 07:25:07.380', NULL, 18162.1806)
INSERT dbo.Cars(Id, ModelId, DealerId, Year, OrderId, Price) VALUES (544, 101, 9, '2000-01-01 19:44:07.850', 271, 10000)
INSERT dbo.Cars(Id, ModelId, DealerId, Year, OrderId, Price) VALUES (545, 156, 6, '2004-10-23 18:26:36.530', NULL, 55256.5516)
INSERT dbo.Cars(Id, ModelId, DealerId, Year, OrderId, Price) VALUES (546, 17, 6, '2000-01-01 00:00:01.740', NULL, 26109.4379)
INSERT dbo.Cars(Id, ModelId, DealerId, Year, OrderId, Price) VALUES (547, 5, 9, '2000-01-01 00:00:01.240', NULL, 40578.4048)
INSERT dbo.Cars(Id, ModelId, DealerId, Year, OrderId, Price) VALUES (548, 74, 4, '2010-04-04 11:19:09.690', 738, 89609.8951)
INSERT dbo.Cars(Id, ModelId, DealerId, Year, OrderId, Price) VALUES (549, 189, 8, '2000-01-01 00:00:01.050', 13, 27257.2716)
INSERT dbo.Cars(Id, ModelId, DealerId, Year, OrderId, Price) VALUES (550, 67, 2, '2000-01-01 00:00:01.270', NULL, 10000)
INSERT dbo.Cars(Id, ModelId, DealerId, Year, OrderId, Price) VALUES (551, 51, 2, '2005-02-24 09:02:32.390', 848, 10000)
INSERT dbo.Cars(Id, ModelId, DealerId, Year, OrderId, Price) VALUES (552, 155, 15, '2004-08-01 17:24:21.610', 92, 31503.3140)
INSERT dbo.Cars(Id, ModelId, DealerId, Year, OrderId, Price) VALUES (553, 7, 13, '2002-04-17 04:37:32.550', 36, 24195.2410)
INSERT dbo.Cars(Id, ModelId, DealerId, Year, OrderId, Price) VALUES (554, 14, 13, '2000-01-01 00:00:01.260', NULL, 93663.9356)
INSERT dbo.Cars(Id, ModelId, DealerId, Year, OrderId, Price) VALUES (555, 37, 10, '2000-01-01 00:00:01.630', NULL, 10000)
INSERT dbo.Cars(Id, ModelId, DealerId, Year, OrderId, Price) VALUES (556, 129, 7, '2000-01-01 00:00:52.780', NULL, 21764.2166)
INSERT dbo.Cars(Id, ModelId, DealerId, Year, OrderId, Price) VALUES (557, 149, 14, '2000-01-02 00:16:07.470', 856, 18541.1844)
INSERT dbo.Cars(Id, ModelId, DealerId, Year, OrderId, Price) VALUES (558, 36, 11, '2013-07-06 18:04:29.250', NULL, 10000)
INSERT dbo.Cars(Id, ModelId, DealerId, Year, OrderId, Price) VALUES (559, 43, 10, '2007-09-05 18:47:00.330', 112, 22911.2281)
INSERT dbo.Cars(Id, ModelId, DealerId, Year, OrderId, Price) VALUES (560, 100, 6, '2011-01-21 05:20:11.040', 544, 10000)
INSERT dbo.Cars(Id, ModelId, DealerId, Year, OrderId, Price) VALUES (561, 119, 14, '2000-01-01 00:00:22.620', NULL, 18123.1802)
INSERT dbo.Cars(Id, ModelId, DealerId, Year, OrderId, Price) VALUES (562, 175, 8, '2002-01-07 20:52:28.530', NULL, 10000)
INSERT dbo.Cars(Id, ModelId, DealerId, Year, OrderId, Price) VALUES (563, 70, 9, '2000-02-02 04:40:39.690', NULL, 23281.2318)
INSERT dbo.Cars(Id, ModelId, DealerId, Year, OrderId, Price) VALUES (564, 83, 6, '2000-01-01 00:00:32.490', NULL, 10000)
INSERT dbo.Cars(Id, ModelId, DealerId, Year, OrderId, Price) VALUES (565, 164, 15, '2000-01-01 00:00:01.090', NULL, 18677)
INSERT dbo.Cars(Id, ModelId, DealerId, Year, OrderId, Price) VALUES (566, 138, 8, '2000-01-01 00:00:01.840', 907, 76478.3315)
INSERT dbo.Cars(Id, ModelId, DealerId, Year, OrderId, Price) VALUES (567, 28, 9, '2000-01-01 02:29:04.370', NULL, 10500)
INSERT dbo.Cars(Id, ModelId, DealerId, Year, OrderId, Price) VALUES (568, 163, 10, '2008-01-06 03:21:02.220', NULL, 10000)
INSERT dbo.Cars(Id, ModelId, DealerId, Year, OrderId, Price) VALUES (569, 32, 15, '2008-04-23 02:48:51.920', NULL, 10000)
INSERT dbo.Cars(Id, ModelId, DealerId, Year, OrderId, Price) VALUES (570, 16, 15, '2000-01-01 00:00:01.300', NULL, 26385.2629)
INSERT dbo.Cars(Id, ModelId, DealerId, Year, OrderId, Price) VALUES (571, 148, 9, '2002-04-05 02:19:05.390', NULL, 5278.2446)
INSERT dbo.Cars(Id, ModelId, DealerId, Year, OrderId, Price) VALUES (572, 49, 6, '2004-11-23 18:42:51.940', NULL, 18647.1855)
INSERT dbo.Cars(Id, ModelId, DealerId, Year, OrderId, Price) VALUES (573, 182, 15, '2005-09-07 13:38:09.780', NULL, 75708.7561)
INSERT dbo.Cars(Id, ModelId, DealerId, Year, OrderId, Price) VALUES (574, 93, 15, '2000-08-08 14:40:21.720', NULL, 44525.4443)
INSERT dbo.Cars(Id, ModelId, DealerId, Year, OrderId, Price) VALUES (575, 108, 12, '2000-01-01 00:00:01.220', NULL, 60866.6077)
INSERT dbo.Cars(Id, ModelId, DealerId, Year, OrderId, Price) VALUES (576, 140, 4, '2001-10-10 21:09:05.950', NULL, 43909.4381)
INSERT dbo.Cars(Id, ModelId, DealerId, Year, OrderId, Price) VALUES (577, 124, 3, '2011-03-14 09:50:14.020', NULL, 20710)
INSERT dbo.Cars(Id, ModelId, DealerId, Year, OrderId, Price) VALUES (578, 89, 14, '2000-01-02 17:57:05.070', NULL, 28066.2797)
INSERT dbo.Cars(Id, ModelId, DealerId, Year, OrderId, Price) VALUES (579, 77, 2, '2005-02-06 17:02:31.220', NULL, 11794.1169)
INSERT dbo.Cars(Id, ModelId, DealerId, Year, OrderId, Price) VALUES (580, 86, 2, '2000-01-01 00:00:01.330', NULL, 16494.1639)
INSERT dbo.Cars(Id, ModelId, DealerId, Year, OrderId, Price) VALUES (581, 149, 9, '2015-12-26 00:46:03.590', NULL, 38551.3845)
INSERT dbo.Cars(Id, ModelId, DealerId, Year, OrderId, Price) VALUES (582, 171, 1, '2000-01-26 06:35:29.850', 643, 10000)
INSERT dbo.Cars(Id, ModelId, DealerId, Year, OrderId, Price) VALUES (583, 143, 3, '2009-08-10 03:38:06.220', 147, 10000)
INSERT dbo.Cars(Id, ModelId, DealerId, Year, OrderId, Price) VALUES (584, 166, 7, '2000-01-01 00:00:01.450', 916, 31548.3145)
INSERT dbo.Cars(Id, ModelId, DealerId, Year, OrderId, Price) VALUES (585, 35, 10, '2000-01-01 00:00:16.070', NULL, 99804.9970)
INSERT dbo.Cars(Id, ModelId, DealerId, Year, OrderId, Price) VALUES (586, 35, 2, '2010-10-28 11:31:51.440', NULL, 10000)
INSERT dbo.Cars(Id, ModelId, DealerId, Year, OrderId, Price) VALUES (587, 51, 8, '2000-01-01 00:00:01.280', NULL, 10000)
INSERT dbo.Cars(Id, ModelId, DealerId, Year, OrderId, Price) VALUES (588, 25, 10, '2000-01-01 00:00:09.890', NULL, 10000)
INSERT dbo.Cars(Id, ModelId, DealerId, Year, OrderId, Price) VALUES (589, 182, 7, '2000-01-26 02:32:59.500', NULL, 35693.3559)
INSERT dbo.Cars(Id, ModelId, DealerId, Year, OrderId, Price) VALUES (590, 120, 10, '2000-01-01 00:00:01.390', NULL, 14253.1415)
INSERT dbo.Cars(Id, ModelId, DealerId, Year, OrderId, Price) VALUES (591, 82, 6, '2000-01-01 00:00:01.670', 372, 10000)
INSERT dbo.Cars(Id, ModelId, DealerId, Year, OrderId, Price) VALUES (592, 164, 12, '2000-01-01 06:13:45.780', NULL, 13191.1309)
INSERT dbo.Cars(Id, ModelId, DealerId, Year, OrderId, Price) VALUES (593, 97, 12, '2000-01-16 03:16:43.520', NULL, 10000)
INSERT dbo.Cars(Id, ModelId, DealerId, Year, OrderId, Price) VALUES (594, 26, 2, '2002-07-24 15:01:31.560', 171, 29479.2938)
INSERT dbo.Cars(Id, ModelId, DealerId, Year, OrderId, Price) VALUES (595, 179, 12, '2000-01-01 00:00:17.180', NULL, 15096.1500)
INSERT dbo.Cars(Id, ModelId, DealerId, Year, OrderId, Price) VALUES (596, 15, 5, '2001-09-12 04:59:08.660', NULL, 12172.1207)
INSERT dbo.Cars(Id, ModelId, DealerId, Year, OrderId, Price) VALUES (597, 43, 6, '2005-04-09 08:13:27.820', NULL, 10000)
INSERT dbo.Cars(Id, ModelId, DealerId, Year, OrderId, Price) VALUES (598, 89, 7, '2016-06-10 10:33:38.750', NULL, 37415.3732)
INSERT dbo.Cars(Id, ModelId, DealerId, Year, OrderId, Price) VALUES (599, 97, 3, '2001-01-05 07:53:30.500', NULL, 21209.2111)
INSERT dbo.Cars(Id, ModelId, DealerId, Year, OrderId, Price) VALUES (600, 174, 11, '2000-01-01 00:00:01.940', NULL, 44447.6943)
INSERT dbo.Cars(Id, ModelId, DealerId, Year, OrderId, Price) VALUES (601, 1, 11, '2000-01-01 00:00:01.940', NULL, 32806.3271)
INSERT dbo.Cars(Id, ModelId, DealerId, Year, OrderId, Price) VALUES (602, 3, 9, '2000-01-01 00:00:01.350', 733, 21195.2110)
INSERT dbo.Cars(Id, ModelId, DealerId, Year, OrderId, Price) VALUES (603, 3, 10, '2011-10-09 23:28:13.230', NULL, 24397.2430)
INSERT dbo.Cars(Id, ModelId, DealerId, Year, OrderId, Price) VALUES (604, 119, 12, '2000-01-06 18:33:05.930', 401, 51270.5117)
INSERT dbo.Cars(Id, ModelId, DealerId, Year, OrderId, Price) VALUES (605, 177, 3, '2000-01-01 00:00:01.450', NULL, 36237.3614)
INSERT dbo.Cars(Id, ModelId, DealerId, Year, OrderId, Price) VALUES (606, 150, 7, '2009-08-27 01:48:13.760', NULL, 10000)
INSERT dbo.Cars(Id, ModelId, DealerId, Year, OrderId, Price) VALUES (607, 89, 7, '2000-01-01 00:00:01.390', NULL, 12750.1265)
INSERT dbo.Cars(Id, ModelId, DealerId, Year, OrderId, Price) VALUES (608, 100, 4, '2000-01-01 00:00:09.330', NULL, 56879.5678)
INSERT dbo.Cars(Id, ModelId, DealerId, Year, OrderId, Price) VALUES (609, 122, 8, '2000-01-01 00:00:54.130', NULL, 10000)
INSERT dbo.Cars(Id, ModelId, DealerId, Year, OrderId, Price) VALUES (610, 14, 8, '2006-08-14 15:38:25.610', 711, 32509.3241)
INSERT dbo.Cars(Id, ModelId, DealerId, Year, OrderId, Price) VALUES (611, 128, 11, '2000-01-07 20:00:47.550', NULL, 98941.7879)
INSERT dbo.Cars(Id, ModelId, DealerId, Year, OrderId, Price) VALUES (612, 90, 4, '2000-01-02 07:31:08.560', NULL, 11626.1153)
INSERT dbo.Cars(Id, ModelId, DealerId, Year, OrderId, Price) VALUES (613, 85, 14, '2000-01-03 02:58:02.800', 909, 10347.1025)
INSERT dbo.Cars(Id, ModelId, DealerId, Year, OrderId, Price) VALUES (614, 133, 13, '2000-01-03 08:54:24.750', NULL, 34950.3485)
INSERT dbo.Cars(Id, ModelId, DealerId, Year, OrderId, Price) VALUES (615, 90, 9, '2007-04-24 10:59:41.290', NULL, 10000)
INSERT dbo.Cars(Id, ModelId, DealerId, Year, OrderId, Price) VALUES (616, 9, 9, '2000-01-02 03:22:23.370', NULL, 91321.9122)
INSERT dbo.Cars(Id, ModelId, DealerId, Year, OrderId, Price) VALUES (617, 195, 6, '2016-02-12 07:27:33.550', NULL, 21031.2093)
INSERT dbo.Cars(Id, ModelId, DealerId, Year, OrderId, Price) VALUES (618, 153, 2, '2002-08-29 20:05:52.500', NULL, 10000)
INSERT dbo.Cars(Id, ModelId, DealerId, Year, OrderId, Price) VALUES (619, 174, 10, '2005-01-28 11:53:40.420', 401, 10000)
INSERT dbo.Cars(Id, ModelId, DealerId, Year, OrderId, Price) VALUES (620, 100, 1, '2006-08-13 07:03:23.240', NULL, 10000)
INSERT dbo.Cars(Id, ModelId, DealerId, Year, OrderId, Price) VALUES (621, 9, 10, '2000-01-01 00:00:36.890', NULL, 10800)
INSERT dbo.Cars(Id, ModelId, DealerId, Year, OrderId, Price) VALUES (622, 26, 6, '2000-03-08 01:16:00.620', NULL, 31776.3168)
INSERT dbo.Cars(Id, ModelId, DealerId, Year, OrderId, Price) VALUES (623, 143, 13, '2000-01-01 00:01:20.250', NULL, 10000)
INSERT dbo.Cars(Id, ModelId, DealerId, Year, OrderId, Price) VALUES (624, 140, 6, '2000-01-01 00:00:07.520', NULL, 12484.1238)
INSERT dbo.Cars(Id, ModelId, DealerId, Year, OrderId, Price) VALUES (625, 12, 10, '2016-03-15 10:28:26.170', NULL, 21312.2121)
INSERT dbo.Cars(Id, ModelId, DealerId, Year, OrderId, Price) VALUES (626, 122, 8, '2000-01-21 03:53:56.630', NULL, 10000)
INSERT dbo.Cars(Id, ModelId, DealerId, Year, OrderId, Price) VALUES (627, 130, 9, '2008-04-04 18:44:23.040', NULL, 41165.4107)
INSERT dbo.Cars(Id, ModelId, DealerId, Year, OrderId, Price) VALUES (628, 19, 13, '2000-01-01 00:00:01.900', 272, 21698.2160)
INSERT dbo.Cars(Id, ModelId, DealerId, Year, OrderId, Price) VALUES (629, 82, 1, '2000-01-01 00:00:38.150', NULL, 21062.2096)
INSERT dbo.Cars(Id, ModelId, DealerId, Year, OrderId, Price) VALUES (630, 138, 5, '2000-01-01 16:00:53.570', NULL, 23070.2297)
INSERT dbo.Cars(Id, ModelId, DealerId, Year, OrderId, Price) VALUES (631, 92, 8, '2005-05-03 02:16:26.860', 152, 10800)
INSERT dbo.Cars(Id, ModelId, DealerId, Year, OrderId, Price) VALUES (632, 5, 4, '2009-06-02 16:13:13.040', NULL, 44250.4415)
INSERT dbo.Cars(Id, ModelId, DealerId, Year, OrderId, Price) VALUES (633, 198, 13, '2000-01-01 00:00:01.990', NULL, 10000)
INSERT dbo.Cars(Id, ModelId, DealerId, Year, OrderId, Price) VALUES (634, 78, 8, '2000-01-01 00:00:01.230', NULL, 43399)
INSERT dbo.Cars(Id, ModelId, DealerId, Year, OrderId, Price) VALUES (635, 175, 3, '2000-01-01 00:00:01.270', 920, 29816.2972)
INSERT dbo.Cars(Id, ModelId, DealerId, Year, OrderId, Price) VALUES (636, 120, 15, '2000-10-30 08:37:35.670', NULL, 41018.4092)
INSERT dbo.Cars(Id, ModelId, DealerId, Year, OrderId, Price) VALUES (637, 154, 9, '2009-09-20 00:56:47.460', NULL, 10000)
INSERT dbo.Cars(Id, ModelId, DealerId, Year, OrderId, Price) VALUES (638, 171, 14, '2002-11-06 22:23:43.410', 221, 29244.2914)
INSERT dbo.Cars(Id, ModelId, DealerId, Year, OrderId, Price) VALUES (639, 164, 5, '2002-05-01 08:38:18.950', NULL, 21650.2155)
INSERT dbo.Cars(Id, ModelId, DealerId, Year, OrderId, Price) VALUES (640, 186, 1, '2000-01-01 00:00:01.450', NULL, 40397.4030)
INSERT dbo.Cars(Id, ModelId, DealerId, Year, OrderId, Price) VALUES (641, 28, 1, '2000-01-01 00:00:01.870', NULL, 10300)
INSERT dbo.Cars(Id, ModelId, DealerId, Year, OrderId, Price) VALUES (642, 14, 15, '2011-09-24 01:35:45.250', NULL, 10000)
INSERT dbo.Cars(Id, ModelId, DealerId, Year, OrderId, Price) VALUES (643, 110, 8, '2002-04-16 23:42:20.730', NULL, 10000)
INSERT dbo.Cars(Id, ModelId, DealerId, Year, OrderId, Price) VALUES (644, 134, 10, '2000-01-06 09:27:36.870', NULL, 10000)
INSERT dbo.Cars(Id, ModelId, DealerId, Year, OrderId, Price) VALUES (645, 112, 6, '2000-01-01 00:00:01.960', NULL, 40071.3997)
INSERT dbo.Cars(Id, ModelId, DealerId, Year, OrderId, Price) VALUES (646, 34, 13, '2000-01-01 22:29:54.100', 813, 32943.3284)
INSERT dbo.Cars(Id, ModelId, DealerId, Year, OrderId, Price) VALUES (647, 132, 5, '2000-01-02 08:10:32.150', 336, 30617.3052)
INSERT dbo.Cars(Id, ModelId, DealerId, Year, OrderId, Price) VALUES (648, 165, 4, '2008-07-13 23:05:46.190', NULL, 30431.3033)
INSERT dbo.Cars(Id, ModelId, DealerId, Year, OrderId, Price) VALUES (649, 73, 5, '2007-06-04 11:26:52.970', NULL, 7287.7834)
INSERT dbo.Cars(Id, ModelId, DealerId, Year, OrderId, Price) VALUES (650, 121, 3, '2000-01-01 00:00:01.940', NULL, 42532.4243)
INSERT dbo.Cars(Id, ModelId, DealerId, Year, OrderId, Price) VALUES (651, 39, 8, '2000-01-01 00:01:25.170', 610, 45678)
INSERT dbo.Cars(Id, ModelId, DealerId, Year, OrderId, Price) VALUES (652, 172, 4, '2000-01-01 00:00:01.550', NULL, 31159.5636)
INSERT dbo.Cars(Id, ModelId, DealerId, Year, OrderId, Price) VALUES (653, 70, 15, '2013-05-07 01:37:53.330', NULL, 10000)
INSERT dbo.Cars(Id, ModelId, DealerId, Year, OrderId, Price) VALUES (654, 26, 13, '2004-04-13 03:52:32.040', NULL, 10000)
INSERT dbo.Cars(Id, ModelId, DealerId, Year, OrderId, Price) VALUES (655, 4, 7, '2000-01-01 00:01:40.190', NULL, 35985.3589)
INSERT dbo.Cars(Id, ModelId, DealerId, Year, OrderId, Price) VALUES (656, 198, 3, '2000-01-01 00:00:01.150', NULL, 22874.2277)
INSERT dbo.Cars(Id, ModelId, DealerId, Year, OrderId, Price) VALUES (657, 45, 15, '2000-01-02 18:52:13.040', NULL, 40954.1739)
INSERT dbo.Cars(Id, ModelId, DealerId, Year, OrderId, Price) VALUES (658, 118, 11, '2000-01-01 06:31:25.050', NULL, 11199.1110)
INSERT dbo.Cars(Id, ModelId, DealerId, Year, OrderId, Price) VALUES (659, 12, 12, '2016-03-20 00:39:35.460', 515, 21165.2107)
INSERT dbo.Cars(Id, ModelId, DealerId, Year, OrderId, Price) VALUES (660, 2, 9, '2000-04-10 01:02:15.180', 806, 31103.3100)
INSERT dbo.Cars(Id, ModelId, DealerId, Year, OrderId, Price) VALUES (661, 73, 5, '2000-01-01 00:00:01.040', 418, 10000)
INSERT dbo.Cars(Id, ModelId, DealerId, Year, OrderId, Price) VALUES (662, 113, 3, '2000-01-01 00:00:01.820', NULL, 13297.1320)
INSERT dbo.Cars(Id, ModelId, DealerId, Year, OrderId, Price) VALUES (663, 53, 2, '2015-09-15 15:32:10.780', NULL, 39027.8975)
INSERT dbo.Cars(Id, ModelId, DealerId, Year, OrderId, Price) VALUES (664, 145, 7, '2000-02-15 13:39:10.900', 236, 14606.4566)
INSERT dbo.Cars(Id, ModelId, DealerId, Year, OrderId, Price) VALUES (665, 17, 3, '2000-01-01 15:24:59.780', NULL, 36377.3628)
INSERT dbo.Cars(Id, ModelId, DealerId, Year, OrderId, Price) VALUES (666, 41, 14, '2010-09-06 19:41:09.400', 617, 10000)
INSERT dbo.Cars(Id, ModelId, DealerId, Year, OrderId, Price) VALUES (667, 125, 5, '2000-01-01 07:24:05.840', NULL, 64960.6486)
INSERT dbo.Cars(Id, ModelId, DealerId, Year, OrderId, Price) VALUES (668, 82, 15, '2000-01-01 00:00:50.810', NULL, 10000)
INSERT dbo.Cars(Id, ModelId, DealerId, Year, OrderId, Price) VALUES (669, 99, 1, '2007-11-05 18:32:39.790', NULL, 39351.3925)
INSERT dbo.Cars(Id, ModelId, DealerId, Year, OrderId, Price) VALUES (670, 172, 12, '2000-01-01 00:00:11.920', 859, 51068.5097)
INSERT dbo.Cars(Id, ModelId, DealerId, Year, OrderId, Price) VALUES (671, 119, 12, '2000-01-01 00:00:06.490', NULL, 49155.8722)
INSERT dbo.Cars(Id, ModelId, DealerId, Year, OrderId, Price) VALUES (672, 166, 6, '2004-06-26 14:26:55.660', 61, 94993.4105)
INSERT dbo.Cars(Id, ModelId, DealerId, Year, OrderId, Price) VALUES (673, 83, 11, '2007-06-29 02:56:57.910', NULL, 10600)
INSERT dbo.Cars(Id, ModelId, DealerId, Year, OrderId, Price) VALUES (674, 112, 10, '2004-12-14 01:23:36.220', NULL, 25682.2558)
INSERT dbo.Cars(Id, ModelId, DealerId, Year, OrderId, Price) VALUES (675, 39, 1, '2003-07-20 14:49:00.590', NULL, 23313.2321)
INSERT dbo.Cars(Id, ModelId, DealerId, Year, OrderId, Price) VALUES (676, 156, 6, '2000-01-01 00:00:01.410', 338, 10000)
INSERT dbo.Cars(Id, ModelId, DealerId, Year, OrderId, Price) VALUES (677, 142, 2, '2010-07-08 09:03:18.320', NULL, 15163.1506)
INSERT dbo.Cars(Id, ModelId, DealerId, Year, OrderId, Price) VALUES (678, 153, 6, '2001-10-09 09:58:09.240', 919, 10000)
INSERT dbo.Cars(Id, ModelId, DealerId, Year, OrderId, Price) VALUES (679, 65, 10, '2003-01-26 04:41:34.050', 312, 12781)
INSERT dbo.Cars(Id, ModelId, DealerId, Year, OrderId, Price) VALUES (680, 46, 3, '2000-01-01 00:00:01.050', 361, 10000)
INSERT dbo.Cars(Id, ModelId, DealerId, Year, OrderId, Price) VALUES (681, 94, 6, '2003-11-09 03:39:15.110', NULL, 23669.2357)
INSERT dbo.Cars(Id, ModelId, DealerId, Year, OrderId, Price) VALUES (682, 16, 3, '2000-01-01 00:00:01.860', NULL, 26843.2674)
INSERT dbo.Cars(Id, ModelId, DealerId, Year, OrderId, Price) VALUES (683, 33, 9, '2005-10-01 23:19:06.440', NULL, 35277.3518)
INSERT dbo.Cars(Id, ModelId, DealerId, Year, OrderId, Price) VALUES (684, 79, 5, '2000-01-01 00:00:08.590', NULL, 78854.7875)
INSERT dbo.Cars(Id, ModelId, DealerId, Year, OrderId, Price) VALUES (685, 119, 11, '2000-01-01 00:00:01.700', NULL, 10000)
INSERT dbo.Cars(Id, ModelId, DealerId, Year, OrderId, Price) VALUES (686, 60, 13, '2016-03-12 09:45:13.070', NULL, 22793.2269)
INSERT dbo.Cars(Id, ModelId, DealerId, Year, OrderId, Price) VALUES (687, 80, 4, '2000-01-01 00:00:01.000', NULL, 19314.1921)
INSERT dbo.Cars(Id, ModelId, DealerId, Year, OrderId, Price) VALUES (688, 130, 7, '2003-07-22 00:52:07.800', NULL, 28967.2887)
INSERT dbo.Cars(Id, ModelId, DealerId, Year, OrderId, Price) VALUES (689, 98, 12, '2000-02-14 19:07:24.130', NULL, 55382.5528)
INSERT dbo.Cars(Id, ModelId, DealerId, Year, OrderId, Price) VALUES (690, 177, 3, '2011-12-27 11:48:36.300', 270, 10000)
INSERT dbo.Cars(Id, ModelId, DealerId, Year, OrderId, Price) VALUES (691, 106, 3, '2000-01-01 00:00:01.180', NULL, 10800)
INSERT dbo.Cars(Id, ModelId, DealerId, Year, OrderId, Price) VALUES (692, 114, 10, '2001-09-22 22:14:25.760', NULL, 30448.3035)
INSERT dbo.Cars(Id, ModelId, DealerId, Year, OrderId, Price) VALUES (693, 34, 11, '2001-11-24 05:25:42.460', NULL, 10000)
INSERT dbo.Cars(Id, ModelId, DealerId, Year, OrderId, Price) VALUES (694, 148, 11, '2007-04-29 10:21:50.310', NULL, 18357.1826)
INSERT dbo.Cars(Id, ModelId, DealerId, Year, OrderId, Price) VALUES (695, 75, 4, '2000-01-01 00:00:01.860', 45, 42723.4262)
INSERT dbo.Cars(Id, ModelId, DealerId, Year, OrderId, Price) VALUES (696, 10, 15, '2003-05-14 07:07:51.330', NULL, 75079.3311)
INSERT dbo.Cars(Id, ModelId, DealerId, Year, OrderId, Price) VALUES (697, 127, 3, '2000-01-01 00:01:01.120', 867, 87636.8754)
INSERT dbo.Cars(Id, ModelId, DealerId, Year, OrderId, Price) VALUES (698, 168, 8, '2006-07-23 03:51:59.450', NULL, 66339.5864)
INSERT dbo.Cars(Id, ModelId, DealerId, Year, OrderId, Price) VALUES (699, 194, 12, '2010-07-01 23:00:18.650', NULL, 10000)
INSERT dbo.Cars(Id, ModelId, DealerId, Year, OrderId, Price) VALUES (700, 7, 11, '2000-01-21 22:31:10.900', 845, 35375.3528)
INSERT dbo.Cars(Id, ModelId, DealerId, Year, OrderId, Price) VALUES (701, 188, 11, '2000-01-01 00:00:02.970', NULL, 10000)
INSERT dbo.Cars(Id, ModelId, DealerId, Year, OrderId, Price) VALUES (702, 147, 2, '2000-01-01 00:00:01.920', NULL, 73277.7318)
INSERT dbo.Cars(Id, ModelId, DealerId, Year, OrderId, Price) VALUES (703, 48, 9, '2010-11-19 02:40:38.700', NULL, 10000)
INSERT dbo.Cars(Id, ModelId, DealerId, Year, OrderId, Price) VALUES (704, 141, 1, '2000-01-03 11:32:20.650', NULL, 35541.3544)
INSERT dbo.Cars(Id, ModelId, DealerId, Year, OrderId, Price) VALUES (705, 37, 9, '2000-01-01 17:49:04.180', 580, 28938.2884)
INSERT dbo.Cars(Id, ModelId, DealerId, Year, OrderId, Price) VALUES (706, 117, 11, '2002-04-15 11:46:56.220', NULL, 38113.3801)
INSERT dbo.Cars(Id, ModelId, DealerId, Year, OrderId, Price) VALUES (707, 165, 10, '2000-01-01 12:28:05.590', NULL, 10000)
INSERT dbo.Cars(Id, ModelId, DealerId, Year, OrderId, Price) VALUES (708, 173, 13, '2008-03-06 19:06:56.610', NULL, 13774.1367)
INSERT dbo.Cars(Id, ModelId, DealerId, Year, OrderId, Price) VALUES (709, 9, 13, '2010-12-30 20:11:30.400', NULL, 18759.1866)
INSERT dbo.Cars(Id, ModelId, DealerId, Year, OrderId, Price) VALUES (710, 50, 7, '2011-12-26 00:41:08.920', NULL, 10000)
INSERT dbo.Cars(Id, ModelId, DealerId, Year, OrderId, Price) VALUES (711, 179, 8, '2002-01-29 14:22:03.800', NULL, 47272.4717)
INSERT dbo.Cars(Id, ModelId, DealerId, Year, OrderId, Price) VALUES (712, 192, 6, '2010-12-01 10:32:28.800', NULL, 10000)
INSERT dbo.Cars(Id, ModelId, DealerId, Year, OrderId, Price) VALUES (713, 65, 2, '2000-01-01 00:00:01.400', NULL, 13433)
INSERT dbo.Cars(Id, ModelId, DealerId, Year, OrderId, Price) VALUES (714, 12, 5, '2007-12-10 02:35:25.360', NULL, 10000)
INSERT dbo.Cars(Id, ModelId, DealerId, Year, OrderId, Price) VALUES (715, 27, 10, '2003-06-22 17:51:55.230', NULL, 10000)
INSERT dbo.Cars(Id, ModelId, DealerId, Year, OrderId, Price) VALUES (716, 162, 5, '2000-01-01 00:00:01.520', NULL, 51659.5156)
INSERT dbo.Cars(Id, ModelId, DealerId, Year, OrderId, Price) VALUES (717, 111, 7, '2010-07-26 16:57:26.310', NULL, 85122.9757)
INSERT dbo.Cars(Id, ModelId, DealerId, Year, OrderId, Price) VALUES (718, 80, 13, '2001-11-24 08:43:56.290', NULL, 31513.3141)
INSERT dbo.Cars(Id, ModelId, DealerId, Year, OrderId, Price) VALUES (719, 62, 13, '2007-03-20 01:33:08.720', 124, 31466.3137)
INSERT dbo.Cars(Id, ModelId, DealerId, Year, OrderId, Price) VALUES (720, 79, 12, '2000-01-01 00:00:03.070', NULL, 22228.2213)
INSERT dbo.Cars(Id, ModelId, DealerId, Year, OrderId, Price) VALUES (721, 102, 12, '2000-01-01 00:00:01.860', NULL, 10000)
INSERT dbo.Cars(Id, ModelId, DealerId, Year, OrderId, Price) VALUES (722, 108, 8, '2004-12-25 08:29:06.100', 784, 10400)
INSERT dbo.Cars(Id, ModelId, DealerId, Year, OrderId, Price) VALUES (723, 50, 14, '2000-01-01 00:00:01.200', NULL, 46469.4637)
INSERT dbo.Cars(Id, ModelId, DealerId, Year, OrderId, Price) VALUES (724, 129, 14, '2001-02-23 21:45:32.830', NULL, 35450.3535)
INSERT dbo.Cars(Id, ModelId, DealerId, Year, OrderId, Price) VALUES (725, 121, 10, '2000-01-01 00:00:01.820', 130, 36518.3642)
INSERT dbo.Cars(Id, ModelId, DealerId, Year, OrderId, Price) VALUES (726, 129, 11, '2000-01-01 00:00:02.830', 704, 22783.2268)
INSERT dbo.Cars(Id, ModelId, DealerId, Year, OrderId, Price) VALUES (727, 8, 10, '2000-03-27 16:15:31.660', NULL, 10374)
INSERT dbo.Cars(Id, ModelId, DealerId, Year, OrderId, Price) VALUES (728, 95, 13, '2010-07-19 20:40:22.960', NULL, 13317.1322)
INSERT dbo.Cars(Id, ModelId, DealerId, Year, OrderId, Price) VALUES (729, 106, 12, '2000-01-01 00:00:08.030', NULL, 31045.3095)
INSERT dbo.Cars(Id, ModelId, DealerId, Year, OrderId, Price) VALUES (730, 106, 8, '2006-05-24 10:24:40.270', 492, 10000)
INSERT dbo.Cars(Id, ModelId, DealerId, Year, OrderId, Price) VALUES (731, 38, 11, '2000-01-01 00:00:01.460', NULL, 10000)
INSERT dbo.Cars(Id, ModelId, DealerId, Year, OrderId, Price) VALUES (732, 31, 14, '2000-01-01 00:00:01.770', NULL, 20556.2046)
INSERT dbo.Cars(Id, ModelId, DealerId, Year, OrderId, Price) VALUES (733, 156, 9, '2000-01-01 14:01:51.980', NULL, 24502.2440)
INSERT dbo.Cars(Id, ModelId, DealerId, Year, OrderId, Price) VALUES (734, 133, 3, '2000-01-01 02:57:11.450', NULL, 41917.4182)
INSERT dbo.Cars(Id, ModelId, DealerId, Year, OrderId, Price) VALUES (735, 106, 3, '2002-03-24 21:03:09.120', NULL, 10000)
INSERT dbo.Cars(Id, ModelId, DealerId, Year, OrderId, Price) VALUES (736, 73, 14, '2003-11-09 14:45:04.240', 405, 10000)
INSERT dbo.Cars(Id, ModelId, DealerId, Year, OrderId, Price) VALUES (737, 179, 15, '2000-01-01 00:00:11.680', NULL, 10000)
INSERT dbo.Cars(Id, ModelId, DealerId, Year, OrderId, Price) VALUES (738, 104, 8, '2000-01-01 00:00:01.040', NULL, 10000)
INSERT dbo.Cars(Id, ModelId, DealerId, Year, OrderId, Price) VALUES (739, 20, 10, '2000-01-01 00:00:01.870', 923, 99541.9944)
INSERT dbo.Cars(Id, ModelId, DealerId, Year, OrderId, Price) VALUES (740, 39, 7, '2000-11-29 11:41:57.140', NULL, 10200)
INSERT dbo.Cars(Id, ModelId, DealerId, Year, OrderId, Price) VALUES (741, 125, 4, '2000-01-01 15:40:22.940', NULL, 10400)
INSERT dbo.Cars(Id, ModelId, DealerId, Year, OrderId, Price) VALUES (742, 116, 10, '2002-12-27 05:30:10.390', NULL, 29622.2952)
INSERT dbo.Cars(Id, ModelId, DealerId, Year, OrderId, Price) VALUES (743, 112, 10, '2003-10-05 02:00:05.490', 235, 10000)
INSERT dbo.Cars(Id, ModelId, DealerId, Year, OrderId, Price) VALUES (744, 129, 6, '2000-09-27 02:41:00.840', 816, 69121.5499)
INSERT dbo.Cars(Id, ModelId, DealerId, Year, OrderId, Price) VALUES (745, 92, 8, '2000-01-01 00:00:01.050', NULL, 10600)
INSERT dbo.Cars(Id, ModelId, DealerId, Year, OrderId, Price) VALUES (746, 142, 13, '2008-04-21 16:34:14.160', NULL, 10000)
INSERT dbo.Cars(Id, ModelId, DealerId, Year, OrderId, Price) VALUES (747, 64, 14, '2000-02-01 23:47:21.300', NULL, 13566.1347)
INSERT dbo.Cars(Id, ModelId, DealerId, Year, OrderId, Price) VALUES (748, 155, 1, '2000-01-02 14:20:39.740', NULL, 53134.5303)
INSERT dbo.Cars(Id, ModelId, DealerId, Year, OrderId, Price) VALUES (749, 79, 7, '2000-09-02 14:10:01.900', NULL, 74677.7458)
INSERT dbo.Cars(Id, ModelId, DealerId, Year, OrderId, Price) VALUES (750, 98, 11, '2002-05-06 15:55:38.250', NULL, 32238.3214)
INSERT dbo.Cars(Id, ModelId, DealerId, Year, OrderId, Price) VALUES (751, 169, 11, '2000-01-01 00:00:08.880', NULL, 48044.4794)
INSERT dbo.Cars(Id, ModelId, DealerId, Year, OrderId, Price) VALUES (752, 151, 7, '2014-03-08 12:20:34.480', NULL, 58803.5870)
INSERT dbo.Cars(Id, ModelId, DealerId, Year, OrderId, Price) VALUES (753, 73, 9, '2005-01-26 05:16:02.930', NULL, 16152.1605)
INSERT dbo.Cars(Id, ModelId, DealerId, Year, OrderId, Price) VALUES (754, 197, 5, '2000-01-01 00:00:01.560', NULL, 10000)
INSERT dbo.Cars(Id, ModelId, DealerId, Year, OrderId, Price) VALUES (755, 168, 9, '2000-01-03 04:56:26.600', NULL, 10000)
INSERT dbo.Cars(Id, ModelId, DealerId, Year, OrderId, Price) VALUES (756, 93, 1, '2007-01-30 01:44:04.720', NULL, 47228.4713)
INSERT dbo.Cars(Id, ModelId, DealerId, Year, OrderId, Price) VALUES (757, 110, 2, '2005-07-20 05:47:24.360', 877, 10000)
INSERT dbo.Cars(Id, ModelId, DealerId, Year, OrderId, Price) VALUES (758, 151, 11, '2000-01-01 00:00:39.000', NULL, 71046.8658)
INSERT dbo.Cars(Id, ModelId, DealerId, Year, OrderId, Price) VALUES (759, 149, 7, '2012-01-22 01:03:00.670', NULL, 18838.1874)
INSERT dbo.Cars(Id, ModelId, DealerId, Year, OrderId, Price) VALUES (760, 106, 7, '2005-06-30 15:26:52.890', NULL, 10000)
INSERT dbo.Cars(Id, ModelId, DealerId, Year, OrderId, Price) VALUES (761, 187, 2, '2000-01-01 00:00:01.420', NULL, 10000)
INSERT dbo.Cars(Id, ModelId, DealerId, Year, OrderId, Price) VALUES (762, 21, 12, '2011-01-24 17:40:39.920', 508, 16098)
INSERT dbo.Cars(Id, ModelId, DealerId, Year, OrderId, Price) VALUES (763, 181, 9, '2006-03-02 17:14:13.200', NULL, 10000)
INSERT dbo.Cars(Id, ModelId, DealerId, Year, OrderId, Price) VALUES (764, 8, 1, '2000-01-17 10:12:01.800', 399, 57663.5756)
INSERT dbo.Cars(Id, ModelId, DealerId, Year, OrderId, Price) VALUES (765, 6, 2, '2001-10-07 01:25:48.240', NULL, 29958.2986)
INSERT dbo.Cars(Id, ModelId, DealerId, Year, OrderId, Price) VALUES (766, 94, 1, '2008-05-02 08:50:54.780', NULL, 10000)
INSERT dbo.Cars(Id, ModelId, DealerId, Year, OrderId, Price) VALUES (767, 85, 13, '2000-01-01 08:33:36.100', 327, 58695.5860)
INSERT dbo.Cars(Id, ModelId, DealerId, Year, OrderId, Price) VALUES (768, 25, 13, '2007-02-17 08:51:36.050', NULL, 10000)
INSERT dbo.Cars(Id, ModelId, DealerId, Year, OrderId, Price) VALUES (769, 121, 11, '2000-01-01 06:09:21.950', NULL, 17216.1712)
INSERT dbo.Cars(Id, ModelId, DealerId, Year, OrderId, Price) VALUES (770, 7, 8, '2003-05-01 03:48:29.900', NULL, 14569.1447)
INSERT dbo.Cars(Id, ModelId, DealerId, Year, OrderId, Price) VALUES (771, 78, 3, '2012-05-23 15:04:53.140', NULL, 10000)
INSERT dbo.Cars(Id, ModelId, DealerId, Year, OrderId, Price) VALUES (772, 82, 5, '2007-06-16 21:01:42.030', NULL, 10000)
INSERT dbo.Cars(Id, ModelId, DealerId, Year, OrderId, Price) VALUES (773, 70, 10, '2000-01-01 00:00:01.390', NULL, 10000)
INSERT dbo.Cars(Id, ModelId, DealerId, Year, OrderId, Price) VALUES (774, 50, 8, '2000-01-01 00:00:04.620', NULL, 13547.1345)
INSERT dbo.Cars(Id, ModelId, DealerId, Year, OrderId, Price) VALUES (775, 13, 8, '2001-01-25 02:45:33.440', 769, 10600)
INSERT dbo.Cars(Id, ModelId, DealerId, Year, OrderId, Price) VALUES (776, 164, 6, '2000-01-01 00:00:01.960', NULL, 10500)
INSERT dbo.Cars(Id, ModelId, DealerId, Year, OrderId, Price) VALUES (777, 114, 14, '2000-01-01 00:00:01.120', NULL, 37608.3751)
INSERT dbo.Cars(Id, ModelId, DealerId, Year, OrderId, Price) VALUES (778, 5, 2, '2000-01-01 00:00:01.140', 309, 10000)
INSERT dbo.Cars(Id, ModelId, DealerId, Year, OrderId, Price) VALUES (779, 67, 4, '2000-05-04 12:36:17.850', 38, 10000)
INSERT dbo.Cars(Id, ModelId, DealerId, Year, OrderId, Price) VALUES (780, 135, 13, '2000-01-01 01:32:36.890', NULL, 47336.4724)
INSERT dbo.Cars(Id, ModelId, DealerId, Year, OrderId, Price) VALUES (781, 112, 14, '2000-01-01 00:00:01.230', 965, 10000)
INSERT dbo.Cars(Id, ModelId, DealerId, Year, OrderId, Price) VALUES (782, 57, 13, '2000-01-27 23:33:24.730', NULL, 10000)
INSERT dbo.Cars(Id, ModelId, DealerId, Year, OrderId, Price) VALUES (783, 178, 15, '2011-08-31 08:56:45.470', 340, 44559.4446)
INSERT dbo.Cars(Id, ModelId, DealerId, Year, OrderId, Price) VALUES (784, 136, 9, '2000-01-01 13:26:46.420', 427, 10200)
INSERT dbo.Cars(Id, ModelId, DealerId, Year, OrderId, Price) VALUES (785, 63, 14, '2002-04-12 17:06:58.390', NULL, 25564.7933)
INSERT dbo.Cars(Id, ModelId, DealerId, Year, OrderId, Price) VALUES (786, 96, 4, '2000-02-16 09:58:23.690', NULL, 63042.6294)
INSERT dbo.Cars(Id, ModelId, DealerId, Year, OrderId, Price) VALUES (787, 49, 3, '2010-04-28 05:56:46.580', NULL, 29763.2966)
INSERT dbo.Cars(Id, ModelId, DealerId, Year, OrderId, Price) VALUES (788, 148, 13, '2012-10-06 03:14:43.140', NULL, 10300)
INSERT dbo.Cars(Id, ModelId, DealerId, Year, OrderId, Price) VALUES (789, 103, 2, '2006-12-10 21:55:14.140', NULL, 10000)
INSERT dbo.Cars(Id, ModelId, DealerId, Year, OrderId, Price) VALUES (790, 89, 15, '2000-01-01 00:00:01.710', NULL, 21166.2107)
INSERT dbo.Cars(Id, ModelId, DealerId, Year, OrderId, Price) VALUES (791, 53, 3, '2002-03-15 01:32:54.830', NULL, 28003.2790)
INSERT dbo.Cars(Id, ModelId, DealerId, Year, OrderId, Price) VALUES (792, 1, 8, '2009-08-09 16:23:28.640', NULL, 25009.2491)
INSERT dbo.Cars(Id, ModelId, DealerId, Year, OrderId, Price) VALUES (793, 35, 8, '2000-12-21 05:33:17.870', NULL, 50239.5014)
INSERT dbo.Cars(Id, ModelId, DealerId, Year, OrderId, Price) VALUES (794, 102, 12, '2006-03-24 06:22:25.920', 794, 10900)
INSERT dbo.Cars(Id, ModelId, DealerId, Year, OrderId, Price) VALUES (795, 28, 4, '2000-01-01 00:00:01.590', 347, 10000)
INSERT dbo.Cars(Id, ModelId, DealerId, Year, OrderId, Price) VALUES (796, 174, 13, '2012-08-27 07:38:07.270', NULL, 10000)
INSERT dbo.Cars(Id, ModelId, DealerId, Year, OrderId, Price) VALUES (797, 138, 13, '2000-01-01 00:00:42.160', NULL, 23695.2360)
INSERT dbo.Cars(Id, ModelId, DealerId, Year, OrderId, Price) VALUES (798, 119, 12, '2000-01-01 00:00:55.700', NULL, 15555.1546)
INSERT dbo.Cars(Id, ModelId, DealerId, Year, OrderId, Price) VALUES (799, 11, 12, '2000-01-01 20:30:21.090', NULL, 36492.3639)
INSERT dbo.Cars(Id, ModelId, DealerId, Year, OrderId, Price) VALUES (800, 131, 3, '2009-09-11 07:45:53.800', NULL, 10000)
INSERT dbo.Cars(Id, ModelId, DealerId, Year, OrderId, Price) VALUES (801, 177, 12, '2011-04-28 21:57:52.160', 546, 19160.1906)
INSERT dbo.Cars(Id, ModelId, DealerId, Year, OrderId, Price) VALUES (802, 3, 14, '2004-09-01 11:16:32.000', 704, 36277.3618)
INSERT dbo.Cars(Id, ModelId, DealerId, Year, OrderId, Price) VALUES (803, 76, 15, '2000-01-01 06:08:52.440', 803, 13901.1380)
INSERT dbo.Cars(Id, ModelId, DealerId, Year, OrderId, Price) VALUES (804, 158, 8, '2011-06-25 12:54:10.850', NULL, 89342.8924)
INSERT dbo.Cars(Id, ModelId, DealerId, Year, OrderId, Price) VALUES (805, 129, 14, '2000-01-01 11:02:01.730', 639, 11676.1158)
INSERT dbo.Cars(Id, ModelId, DealerId, Year, OrderId, Price) VALUES (806, 164, 1, '2002-04-07 15:15:00.310', NULL, 15202)
INSERT dbo.Cars(Id, ModelId, DealerId, Year, OrderId, Price) VALUES (807, 200, 11, '2000-01-02 01:23:57.690', NULL, 16419.1632)
INSERT dbo.Cars(Id, ModelId, DealerId, Year, OrderId, Price) VALUES (808, 34, 8, '2012-10-18 21:45:47.630', NULL, 10000)
INSERT dbo.Cars(Id, ModelId, DealerId, Year, OrderId, Price) VALUES (809, 31, 5, '2000-01-01 00:01:02.880', 870, 34278.3418)
INSERT dbo.Cars(Id, ModelId, DealerId, Year, OrderId, Price) VALUES (810, 79, 13, '2000-01-01 00:00:01.650', 851, 10000)
INSERT dbo.Cars(Id, ModelId, DealerId, Year, OrderId, Price) VALUES (811, 40, 1, '2011-11-14 09:33:09.430', NULL, 35831.3573)
INSERT dbo.Cars(Id, ModelId, DealerId, Year, OrderId, Price) VALUES (812, 69, 12, '2000-02-15 00:05:26.600', NULL, 21937.2184)
INSERT dbo.Cars(Id, ModelId, DealerId, Year, OrderId, Price) VALUES (813, 99, 2, '2000-01-01 00:00:01.060', 619, 21644.2154)
INSERT dbo.Cars(Id, ModelId, DealerId, Year, OrderId, Price) VALUES (814, 134, 9, '2000-01-01 00:00:02.840', 376, 23453.2335)
INSERT dbo.Cars(Id, ModelId, DealerId, Year, OrderId, Price) VALUES (815, 60, 9, '2004-11-23 20:23:00.040', 692, 26317.2622)
INSERT dbo.Cars(Id, ModelId, DealerId, Year, OrderId, Price) VALUES (816, 174, 2, '2009-05-29 20:53:05.790', NULL, 16546.5961)
INSERT dbo.Cars(Id, ModelId, DealerId, Year, OrderId, Price) VALUES (817, 134, 14, '2000-01-01 00:00:01.230', NULL, 34258.3416)
INSERT dbo.Cars(Id, ModelId, DealerId, Year, OrderId, Price) VALUES (818, 158, 10, '2010-08-23 08:38:51.080', 44, 10000)
INSERT dbo.Cars(Id, ModelId, DealerId, Year, OrderId, Price) VALUES (819, 153, 15, '2000-01-01 00:00:56.810', NULL, 10000)
INSERT dbo.Cars(Id, ModelId, DealerId, Year, OrderId, Price) VALUES (820, 68, 3, '2011-02-28 07:29:18.310', NULL, 10000)
INSERT dbo.Cars(Id, ModelId, DealerId, Year, OrderId, Price) VALUES (821, 37, 1, '2000-01-01 00:00:01.260', NULL, 43489.4339)
INSERT dbo.Cars(Id, ModelId, DealerId, Year, OrderId, Price) VALUES (822, 42, 8, '2013-07-28 18:37:25.770', NULL, 10000)
INSERT dbo.Cars(Id, ModelId, DealerId, Year, OrderId, Price) VALUES (823, 73, 11, '2000-01-01 00:00:01.370', NULL, 10000)
INSERT dbo.Cars(Id, ModelId, DealerId, Year, OrderId, Price) VALUES (824, 97, 8, '2008-01-04 17:08:44.250', NULL, 10000)
INSERT dbo.Cars(Id, ModelId, DealerId, Year, OrderId, Price) VALUES (825, 148, 9, '2014-08-14 03:27:18.150', NULL, 67602.0365)
INSERT dbo.Cars(Id, ModelId, DealerId, Year, OrderId, Price) VALUES (826, 52, 6, '2009-04-07 06:23:28.190', NULL, 22424.8039)
INSERT dbo.Cars(Id, ModelId, DealerId, Year, OrderId, Price) VALUES (827, 128, 1, '2000-01-01 22:18:28.560', NULL, 38471.3837)
INSERT dbo.Cars(Id, ModelId, DealerId, Year, OrderId, Price) VALUES (828, 190, 6, '2000-01-01 00:00:08.420', NULL, 10000)
INSERT dbo.Cars(Id, ModelId, DealerId, Year, OrderId, Price) VALUES (829, 23, 13, '2009-07-31 07:55:36.410', NULL, 80938.8084)
INSERT dbo.Cars(Id, ModelId, DealerId, Year, OrderId, Price) VALUES (830, 118, 5, '2011-07-07 06:44:42.050', NULL, 10500)
INSERT dbo.Cars(Id, ModelId, DealerId, Year, OrderId, Price) VALUES (831, 14, 15, '2009-01-21 00:27:21.780', NULL, 40661.1327)
INSERT dbo.Cars(Id, ModelId, DealerId, Year, OrderId, Price) VALUES (832, 151, 3, '2016-06-15 20:36:01.070', 442, 53685.5359)
INSERT dbo.Cars(Id, ModelId, DealerId, Year, OrderId, Price) VALUES (833, 173, 15, '2012-10-22 09:00:49.340', NULL, 89587.8760)
INSERT dbo.Cars(Id, ModelId, DealerId, Year, OrderId, Price) VALUES (834, 102, 5, '2000-02-16 12:15:29.580', NULL, 23527.2343)
INSERT dbo.Cars(Id, ModelId, DealerId, Year, OrderId, Price) VALUES (835, 50, 13, '2000-02-10 20:59:53.100', 384, 36956.3686)
INSERT dbo.Cars(Id, ModelId, DealerId, Year, OrderId, Price) VALUES (836, 12, 8, '2000-01-01 12:43:23.670', NULL, 42778.4268)
INSERT dbo.Cars(Id, ModelId, DealerId, Year, OrderId, Price) VALUES (837, 179, 4, '2005-10-23 05:34:56.380', NULL, 21254.2115)
INSERT dbo.Cars(Id, ModelId, DealerId, Year, OrderId, Price) VALUES (838, 115, 5, '2016-08-10 02:42:58.240', 869, 43913.4381)
INSERT dbo.Cars(Id, ModelId, DealerId, Year, OrderId, Price) VALUES (839, 142, 7, '2000-01-01 00:00:20.030', NULL, 10000)
INSERT dbo.Cars(Id, ModelId, DealerId, Year, OrderId, Price) VALUES (840, 68, 5, '2007-03-20 23:12:57.160', NULL, 10000)
INSERT dbo.Cars(Id, ModelId, DealerId, Year, OrderId, Price) VALUES (841, 27, 1, '2006-07-07 03:39:41.540', 692, 10000)
INSERT dbo.Cars(Id, ModelId, DealerId, Year, OrderId, Price) VALUES (842, 38, 1, '2000-01-01 00:01:25.850', NULL, 99749.9965)
INSERT dbo.Cars(Id, ModelId, DealerId, Year, OrderId, Price) VALUES (843, 150, 15, '2000-01-01 00:00:01.530', 378, 49978)
INSERT dbo.Cars(Id, ModelId, DealerId, Year, OrderId, Price) VALUES (844, 175, 14, '2000-01-01 00:01:24.270', NULL, 19752.1965)
INSERT dbo.Cars(Id, ModelId, DealerId, Year, OrderId, Price) VALUES (845, 192, 12, '2013-01-20 09:33:08.190', NULL, 10000)
INSERT dbo.Cars(Id, ModelId, DealerId, Year, OrderId, Price) VALUES (846, 35, 3, '2000-01-01 00:00:01.590', NULL, 10000)
INSERT dbo.Cars(Id, ModelId, DealerId, Year, OrderId, Price) VALUES (847, 189, 2, '2001-11-18 02:58:17.480', NULL, 25530.2543)
INSERT dbo.Cars(Id, ModelId, DealerId, Year, OrderId, Price) VALUES (848, 175, 15, '2002-10-26 22:16:44.140', NULL, 10000)
INSERT dbo.Cars(Id, ModelId, DealerId, Year, OrderId, Price) VALUES (849, 156, 13, '2000-01-22 04:41:02.200', NULL, 25404.2530)
INSERT dbo.Cars(Id, ModelId, DealerId, Year, OrderId, Price) VALUES (850, 82, 1, '2000-01-01 00:00:03.100', NULL, 10000)
INSERT dbo.Cars(Id, ModelId, DealerId, Year, OrderId, Price) VALUES (851, 105, 8, '2001-03-03 15:58:36.820', NULL, 20988.2089)
INSERT dbo.Cars(Id, ModelId, DealerId, Year, OrderId, Price) VALUES (852, 143, 8, '2000-01-01 00:00:01.310', NULL, 69063.9979)
INSERT dbo.Cars(Id, ModelId, DealerId, Year, OrderId, Price) VALUES (853, 195, 7, '2010-04-19 03:47:07.850', NULL, 23744.2364)
INSERT dbo.Cars(Id, ModelId, DealerId, Year, OrderId, Price) VALUES (854, 162, 9, '2000-01-01 00:00:01.230', NULL, 11446)
INSERT dbo.Cars(Id, ModelId, DealerId, Year, OrderId, Price) VALUES (855, 116, 8, '2006-02-23 02:17:41.780', 496, 10100)
INSERT dbo.Cars(Id, ModelId, DealerId, Year, OrderId, Price) VALUES (856, 137, 14, '2000-01-01 15:12:30.350', NULL, 61320.6122)
INSERT dbo.Cars(Id, ModelId, DealerId, Year, OrderId, Price) VALUES (857, 144, 11, '2000-01-01 00:00:01.500', NULL, 35144.3504)
INSERT dbo.Cars(Id, ModelId, DealerId, Year, OrderId, Price) VALUES (858, 81, 11, '2000-01-01 00:00:01.280', NULL, 10000)
INSERT dbo.Cars(Id, ModelId, DealerId, Year, OrderId, Price) VALUES (859, 76, 12, '2011-12-20 06:53:32.730', NULL, 10000)
INSERT dbo.Cars(Id, ModelId, DealerId, Year, OrderId, Price) VALUES (860, 32, 4, '2000-01-08 05:54:39.130', NULL, 78594.7849)
INSERT dbo.Cars(Id, ModelId, DealerId, Year, OrderId, Price) VALUES (861, 8, 2, '2000-01-01 00:00:17.250', NULL, 50968.5087)
INSERT dbo.Cars(Id, ModelId, DealerId, Year, OrderId, Price) VALUES (862, 34, 12, '2000-01-01 00:00:01.510', NULL, 84066.8397)
INSERT dbo.Cars(Id, ModelId, DealerId, Year, OrderId, Price) VALUES (863, 81, 13, '2000-01-01 20:19:54.230', NULL, 10000)
INSERT dbo.Cars(Id, ModelId, DealerId, Year, OrderId, Price) VALUES (864, 154, 12, '2001-09-24 14:50:02.830', 545, 25921.2582)
INSERT dbo.Cars(Id, ModelId, DealerId, Year, OrderId, Price) VALUES (865, 175, 5, '2005-10-03 20:38:36.370', 768, 20976.2088)
INSERT dbo.Cars(Id, ModelId, DealerId, Year, OrderId, Price) VALUES (866, 118, 2, '2005-11-09 08:08:32.360', 605, 35143.3504)
INSERT dbo.Cars(Id, ModelId, DealerId, Year, OrderId, Price) VALUES (867, 84, 13, '2000-01-01 00:00:01.280', NULL, 10000)
INSERT dbo.Cars(Id, ModelId, DealerId, Year, OrderId, Price) VALUES (868, 74, 3, '2016-04-16 08:32:38.250', 468, 58033.5793)
INSERT dbo.Cars(Id, ModelId, DealerId, Year, OrderId, Price) VALUES (869, 13, 8, '2000-01-01 06:48:10.580', NULL, 56441.6374)
INSERT dbo.Cars(Id, ModelId, DealerId, Year, OrderId, Price) VALUES (870, 142, 10, '2000-01-01 01:08:50.700', NULL, 24114.2401)
INSERT dbo.Cars(Id, ModelId, DealerId, Year, OrderId, Price) VALUES (871, 5, 7, '2000-01-01 17:13:17.520', 178, 16750.1665)
INSERT dbo.Cars(Id, ModelId, DealerId, Year, OrderId, Price) VALUES (872, 34, 7, '2000-02-11 08:54:40.690', NULL, 76163.7606)
INSERT dbo.Cars(Id, ModelId, DealerId, Year, OrderId, Price) VALUES (873, 171, 15, '2000-01-01 00:00:01.180', 274, 17520.1742)
INSERT dbo.Cars(Id, ModelId, DealerId, Year, OrderId, Price) VALUES (874, 102, 9, '2003-10-26 15:34:25.200', NULL, 90806.7472)
INSERT dbo.Cars(Id, ModelId, DealerId, Year, OrderId, Price) VALUES (875, 43, 12, '2013-03-01 18:55:43.170', 809, 10000)
INSERT dbo.Cars(Id, ModelId, DealerId, Year, OrderId, Price) VALUES (876, 3, 6, '2003-02-02 17:59:26.710', NULL, 55056.5496)
INSERT dbo.Cars(Id, ModelId, DealerId, Year, OrderId, Price) VALUES (877, 68, 4, '2000-01-16 07:14:23.660', NULL, 10300)
INSERT dbo.Cars(Id, ModelId, DealerId, Year, OrderId, Price) VALUES (878, 164, 12, '2000-01-01 00:00:01.120', 361, 25205.7287)
INSERT dbo.Cars(Id, ModelId, DealerId, Year, OrderId, Price) VALUES (879, 52, 7, '2000-01-01 00:01:31.860', NULL, 34628.3453)
INSERT dbo.Cars(Id, ModelId, DealerId, Year, OrderId, Price) VALUES (880, 194, 7, '2000-01-02 16:15:37.750', NULL, 16940.1684)
INSERT dbo.Cars(Id, ModelId, DealerId, Year, OrderId, Price) VALUES (881, 186, 9, '2004-12-16 01:27:52.890', 625, 10176.1008)
INSERT dbo.Cars(Id, ModelId, DealerId, Year, OrderId, Price) VALUES (882, 56, 2, '2000-01-07 15:33:12.260', NULL, 10000)
INSERT dbo.Cars(Id, ModelId, DealerId, Year, OrderId, Price) VALUES (883, 115, 10, '2000-01-01 00:00:01.070', 399, 60524.6042)
INSERT dbo.Cars(Id, ModelId, DealerId, Year, OrderId, Price) VALUES (884, 183, 3, '2000-01-01 06:38:18.930', NULL, 10000)
INSERT dbo.Cars(Id, ModelId, DealerId, Year, OrderId, Price) VALUES (885, 82, 15, '2000-08-18 21:35:52.240', 929, 25431.2533)
INSERT dbo.Cars(Id, ModelId, DealerId, Year, OrderId, Price) VALUES (886, 151, 3, '2000-01-01 00:01:31.570', 91, 16873.1677)
INSERT dbo.Cars(Id, ModelId, DealerId, Year, OrderId, Price) VALUES (887, 60, 2, '2004-03-30 14:26:56.180', NULL, 26310.2621)
INSERT dbo.Cars(Id, ModelId, DealerId, Year, OrderId, Price) VALUES (888, 154, 11, '2000-01-01 00:00:01.130', NULL, 10418.1032)
INSERT dbo.Cars(Id, ModelId, DealerId, Year, OrderId, Price) VALUES (889, 57, 12, '2000-01-01 00:00:32.520', NULL, 10163)
INSERT dbo.Cars(Id, ModelId, DealerId, Year, OrderId, Price) VALUES (890, 33, 8, '2007-07-14 04:13:54.300', 275, 19373.1927)
INSERT dbo.Cars(Id, ModelId, DealerId, Year, OrderId, Price) VALUES (891, 160, 15, '2000-01-11 17:52:47.080', NULL, 73657.7356)
INSERT dbo.Cars(Id, ModelId, DealerId, Year, OrderId, Price) VALUES (892, 121, 5, '2000-01-01 00:00:01.450', NULL, 34941.3484)
INSERT dbo.Cars(Id, ModelId, DealerId, Year, OrderId, Price) VALUES (893, 121, 12, '2000-01-01 00:00:01.250', NULL, 10000)
INSERT dbo.Cars(Id, ModelId, DealerId, Year, OrderId, Price) VALUES (894, 86, 2, '2007-02-07 18:51:01.700', 590, 36343.3624)
INSERT dbo.Cars(Id, ModelId, DealerId, Year, OrderId, Price) VALUES (895, 6, 9, '2000-01-01 00:00:01.560', NULL, 18608)
INSERT dbo.Cars(Id, ModelId, DealerId, Year, OrderId, Price) VALUES (896, 2, 6, '2000-01-21 08:04:52.100', NULL, 13082.1298)
INSERT dbo.Cars(Id, ModelId, DealerId, Year, OrderId, Price) VALUES (897, 142, 3, '2001-10-24 04:29:33.960', NULL, 40856.4076)
INSERT dbo.Cars(Id, ModelId, DealerId, Year, OrderId, Price) VALUES (898, 163, 10, '2000-01-16 01:16:17.010', NULL, 53044.5294)
INSERT dbo.Cars(Id, ModelId, DealerId, Year, OrderId, Price) VALUES (899, 99, 9, '2000-01-03 10:32:04.620', NULL, 10000)
INSERT dbo.Cars(Id, ModelId, DealerId, Year, OrderId, Price) VALUES (900, 105, 15, '2005-08-11 11:16:50.150', 663, 16298.1620)
INSERT dbo.Cars(Id, ModelId, DealerId, Year, OrderId, Price) VALUES (901, 17, 15, '2000-01-02 22:25:19.120', 799, 49849.4975)
INSERT dbo.Cars(Id, ModelId, DealerId, Year, OrderId, Price) VALUES (902, 144, 9, '2000-01-01 00:00:04.050', NULL, 18027)
INSERT dbo.Cars(Id, ModelId, DealerId, Year, OrderId, Price) VALUES (903, 47, 3, '2011-02-19 08:49:36.760', NULL, 10000)
INSERT dbo.Cars(Id, ModelId, DealerId, Year, OrderId, Price) VALUES (904, 146, 9, '2012-04-13 01:45:17.490', NULL, 12321.1222)
INSERT dbo.Cars(Id, ModelId, DealerId, Year, OrderId, Price) VALUES (905, 17, 8, '2000-05-09 10:25:56.590', NULL, 10000)
INSERT dbo.Cars(Id, ModelId, DealerId, Year, OrderId, Price) VALUES (906, 98, 14, '2010-09-22 14:01:48.650', NULL, 10000)
INSERT dbo.Cars(Id, ModelId, DealerId, Year, OrderId, Price) VALUES (907, 72, 6, '2000-01-01 00:00:02.770', 533, 36490.3639)
INSERT dbo.Cars(Id, ModelId, DealerId, Year, OrderId, Price) VALUES (908, 151, 12, '2016-09-27 23:13:18.230', NULL, 49048.4895)
INSERT dbo.Cars(Id, ModelId, DealerId, Year, OrderId, Price) VALUES (909, 170, 11, '2006-02-04 01:45:31.310', 675, 10000)
INSERT dbo.Cars(Id, ModelId, DealerId, Year, OrderId, Price) VALUES (910, 30, 9, '2000-01-01 14:25:58.450', 184, 45667.2322)
INSERT dbo.Cars(Id, ModelId, DealerId, Year, OrderId, Price) VALUES (911, 174, 14, '2000-01-01 00:00:01.050', NULL, 10000)
INSERT dbo.Cars(Id, ModelId, DealerId, Year, OrderId, Price) VALUES (912, 190, 14, '2000-01-01 00:00:01.990', NULL, 95940.9584)
INSERT dbo.Cars(Id, ModelId, DealerId, Year, OrderId, Price) VALUES (913, 154, 10, '2000-01-01 00:00:04.880', NULL, 11810.1171)
INSERT dbo.Cars(Id, ModelId, DealerId, Year, OrderId, Price) VALUES (914, 54, 15, '2003-05-28 02:31:51.470', NULL, 10000)
INSERT dbo.Cars(Id, ModelId, DealerId, Year, OrderId, Price) VALUES (915, 129, 8, '2000-01-01 00:00:04.900', NULL, 35276.0373)
INSERT dbo.Cars(Id, ModelId, DealerId, Year, OrderId, Price) VALUES (916, 116, 10, '2000-01-01 00:00:01.300', NULL, 25968.2587)
INSERT dbo.Cars(Id, ModelId, DealerId, Year, OrderId, Price) VALUES (917, 78, 5, '2000-01-01 13:58:50.600', NULL, 32049.3195)
INSERT dbo.Cars(Id, ModelId, DealerId, Year, OrderId, Price) VALUES (918, 155, 1, '2000-01-01 09:46:39.290', NULL, 51274.5117)
INSERT dbo.Cars(Id, ModelId, DealerId, Year, OrderId, Price) VALUES (919, 95, 9, '2000-01-01 00:00:01.270', 897, 10000)
INSERT dbo.Cars(Id, ModelId, DealerId, Year, OrderId, Price) VALUES (920, 132, 9, '2006-02-23 07:31:52.740', NULL, 12459.1236)
INSERT dbo.Cars(Id, ModelId, DealerId, Year, OrderId, Price) VALUES (921, 119, 10, '2000-01-01 12:21:27.030', NULL, 33071.3297)
INSERT dbo.Cars(Id, ModelId, DealerId, Year, OrderId, Price) VALUES (922, 39, 8, '2001-01-12 20:15:28.790', 13, 49930.4983)
INSERT dbo.Cars(Id, ModelId, DealerId, Year, OrderId, Price) VALUES (923, 35, 3, '2002-08-20 21:40:16.330', NULL, 49664.4956)
INSERT dbo.Cars(Id, ModelId, DealerId, Year, OrderId, Price) VALUES (924, 24, 13, '2000-01-02 02:33:45.970', NULL, 14417.1432)
INSERT dbo.Cars(Id, ModelId, DealerId, Year, OrderId, Price) VALUES (925, 105, 2, '2002-01-30 04:56:27.510', NULL, 26819.2672)
INSERT dbo.Cars(Id, ModelId, DealerId, Year, OrderId, Price) VALUES (926, 103, 7, '2000-01-01 00:00:01.850', NULL, 10000)
INSERT dbo.Cars(Id, ModelId, DealerId, Year, OrderId, Price) VALUES (927, 151, 1, '2012-12-26 21:01:04.850', NULL, 33811.3371)
INSERT dbo.Cars(Id, ModelId, DealerId, Year, OrderId, Price) VALUES (928, 37, 7, '2000-01-01 00:00:01.190', NULL, 10000)
INSERT dbo.Cars(Id, ModelId, DealerId, Year, OrderId, Price) VALUES (929, 136, 5, '2000-01-01 00:00:01.260', NULL, 18175)
INSERT dbo.Cars(Id, ModelId, DealerId, Year, OrderId, Price) VALUES (930, 29, 15, '2000-01-01 00:00:01.740', NULL, 10400)
INSERT dbo.Cars(Id, ModelId, DealerId, Year, OrderId, Price) VALUES (931, 167, 3, '2009-06-01 18:23:26.610', NULL, 42637.4254)
INSERT dbo.Cars(Id, ModelId, DealerId, Year, OrderId, Price) VALUES (932, 125, 14, '2009-02-19 04:48:09.020', NULL, 10700)
INSERT dbo.Cars(Id, ModelId, DealerId, Year, OrderId, Price) VALUES (933, 173, 7, '2000-01-01 04:36:44.980', NULL, 10100)
INSERT dbo.Cars(Id, ModelId, DealerId, Year, OrderId, Price) VALUES (934, 99, 6, '2000-01-01 10:29:32.220', NULL, 22980.2288)
INSERT dbo.Cars(Id, ModelId, DealerId, Year, OrderId, Price) VALUES (935, 155, 4, '2012-02-20 16:55:23.330', NULL, 10000)
INSERT dbo.Cars(Id, ModelId, DealerId, Year, OrderId, Price) VALUES (936, 59, 8, '2000-01-01 00:01:33.020', NULL, 10300)
INSERT dbo.Cars(Id, ModelId, DealerId, Year, OrderId, Price) VALUES (937, 127, 11, '2000-01-01 00:00:01.380', 4, 34634.3453)
INSERT dbo.Cars(Id, ModelId, DealerId, Year, OrderId, Price) VALUES (938, 98, 10, '2000-01-01 00:00:01.410', NULL, 55351.5525)
INSERT dbo.Cars(Id, ModelId, DealerId, Year, OrderId, Price) VALUES (939, 146, 12, '2002-09-26 23:07:15.740', 69, 15730.1563)
INSERT dbo.Cars(Id, ModelId, DealerId, Year, OrderId, Price) VALUES (940, 171, 4, '2010-02-26 17:31:46.360', 20, 55194.5509)
INSERT dbo.Cars(Id, ModelId, DealerId, Year, OrderId, Price) VALUES (941, 95, 1, '2007-08-16 04:31:04.070', 195, 25505.2541)
INSERT dbo.Cars(Id, ModelId, DealerId, Year, OrderId, Price) VALUES (942, 49, 7, '2001-11-24 18:26:25.780', NULL, 10000)
INSERT dbo.Cars(Id, ModelId, DealerId, Year, OrderId, Price) VALUES (943, 73, 9, '2004-06-15 16:33:48.970', NULL, 10000)
INSERT dbo.Cars(Id, ModelId, DealerId, Year, OrderId, Price) VALUES (944, 131, 3, '2000-01-01 00:00:01.500', 153, 77275.6831)
INSERT dbo.Cars(Id, ModelId, DealerId, Year, OrderId, Price) VALUES (945, 123, 15, '2000-03-11 22:33:52.120', NULL, 10000)
INSERT dbo.Cars(Id, ModelId, DealerId, Year, OrderId, Price) VALUES (946, 130, 10, '2000-01-01 00:00:06.310', NULL, 87986)
INSERT dbo.Cars(Id, ModelId, DealerId, Year, OrderId, Price) VALUES (947, 185, 8, '2010-12-27 15:52:22.030', NULL, 96971.9687)
INSERT dbo.Cars(Id, ModelId, DealerId, Year, OrderId, Price) VALUES (948, 143, 15, '2001-10-14 15:50:52.870', NULL, 35057.3496)
INSERT dbo.Cars(Id, ModelId, DealerId, Year, OrderId, Price) VALUES (949, 167, 2, '2004-06-28 03:18:08.450', NULL, 12266.1217)
INSERT dbo.Cars(Id, ModelId, DealerId, Year, OrderId, Price) VALUES (950, 98, 15, '2000-01-01 00:00:01.670', NULL, 70444.7111)
INSERT dbo.Cars(Id, ModelId, DealerId, Year, OrderId, Price) VALUES (951, 21, 14, '2003-03-18 09:10:10.250', 636, 52551.5245)
INSERT dbo.Cars(Id, ModelId, DealerId, Year, OrderId, Price) VALUES (952, 138, 10, '2000-01-01 00:00:01.030', 786, 18252.1815)
INSERT dbo.Cars(Id, ModelId, DealerId, Year, OrderId, Price) VALUES (953, 156, 8, '2000-01-31 14:12:14.980', 506, 10000)
INSERT dbo.Cars(Id, ModelId, DealerId, Year, OrderId, Price) VALUES (954, 14, 4, '2000-01-01 00:00:08.020', 180, 49327.4923)
INSERT dbo.Cars(Id, ModelId, DealerId, Year, OrderId, Price) VALUES (955, 141, 12, '2003-04-03 18:57:52.200', NULL, 52655.5256)
INSERT dbo.Cars(Id, ModelId, DealerId, Year, OrderId, Price) VALUES (956, 176, 6, '2004-09-04 05:53:54.810', 569, 10800)
INSERT dbo.Cars(Id, ModelId, DealerId, Year, OrderId, Price) VALUES (957, 1, 7, '2011-03-21 06:52:10.030', NULL, 11096.1100)
INSERT dbo.Cars(Id, ModelId, DealerId, Year, OrderId, Price) VALUES (958, 68, 11, '2016-06-12 16:48:44.550', NULL, 15883.1578)
INSERT dbo.Cars(Id, ModelId, DealerId, Year, OrderId, Price) VALUES (959, 80, 14, '2000-01-01 06:56:33.870', NULL, 10123.1002)
INSERT dbo.Cars(Id, ModelId, DealerId, Year, OrderId, Price) VALUES (960, 76, 12, '2012-10-17 04:12:15.180', NULL, 36765.3667)
INSERT dbo.Cars(Id, ModelId, DealerId, Year, OrderId, Price) VALUES (961, 78, 1, '2000-01-01 14:44:58.280', 798, 17266.1717)
INSERT dbo.Cars(Id, ModelId, DealerId, Year, OrderId, Price) VALUES (962, 102, 14, '2000-08-24 02:51:50.840', 28, 10100)
INSERT dbo.Cars(Id, ModelId, DealerId, Year, OrderId, Price) VALUES (963, 111, 7, '2008-07-31 12:21:11.170', 483, 54612.5451)
INSERT dbo.Cars(Id, ModelId, DealerId, Year, OrderId, Price) VALUES (964, 181, 12, '2008-01-30 22:50:22.020', 548, 44619)
INSERT dbo.Cars(Id, ModelId, DealerId, Year, OrderId, Price) VALUES (965, 85, 14, '2000-01-01 00:00:01.680', 916, 46146.4269)
INSERT dbo.Cars(Id, ModelId, DealerId, Year, OrderId, Price) VALUES (966, 183, 14, '2002-08-03 05:38:12.410', 545, 23215.2312)
INSERT dbo.Cars(Id, ModelId, DealerId, Year, OrderId, Price) VALUES (967, 53, 11, '2005-01-30 01:01:01.910', 72, 10000)
INSERT dbo.Cars(Id, ModelId, DealerId, Year, OrderId, Price) VALUES (968, 11, 6, '2000-01-02 15:57:21.420', 869, 57458.5736)
INSERT dbo.Cars(Id, ModelId, DealerId, Year, OrderId, Price) VALUES (969, 94, 5, '2000-01-01 18:47:19.410', 752, 24729.2384)
INSERT dbo.Cars(Id, ModelId, DealerId, Year, OrderId, Price) VALUES (970, 77, 11, '2008-09-11 03:19:25.910', 135, 10000)
INSERT dbo.Cars(Id, ModelId, DealerId, Year, OrderId, Price) VALUES (971, 67, 3, '2000-01-01 00:00:01.530', 209, 10100)
INSERT dbo.Cars(Id, ModelId, DealerId, Year, OrderId, Price) VALUES (972, 146, 7, '2015-07-23 16:50:29.230', 611, 20794.2069)
INSERT dbo.Cars(Id, ModelId, DealerId, Year, OrderId, Price) VALUES (973, 30, 9, '2000-01-01 00:01:16.950', 833, 10000)
INSERT dbo.Cars(Id, ModelId, DealerId, Year, OrderId, Price) VALUES (974, 163, 15, '2000-01-01 00:00:01.600', 790, 10000)
INSERT dbo.Cars(Id, ModelId, DealerId, Year, OrderId, Price) VALUES (975, 174, 12, '2008-02-06 19:26:09.810', 516, 18190.1809)
INSERT dbo.Cars(Id, ModelId, DealerId, Year, OrderId, Price) VALUES (976, 91, 3, '2002-04-15 11:44:46.060', 314, 52319.5222)
INSERT dbo.Cars(Id, ModelId, DealerId, Year, OrderId, Price) VALUES (977, 4, 14, '2014-01-14 12:16:46.560', 353, 15455.1536)
INSERT dbo.Cars(Id, ModelId, DealerId, Year, OrderId, Price) VALUES (978, 36, 4, '2000-01-06 19:10:34.470', 53, 22927.2283)
INSERT dbo.Cars(Id, ModelId, DealerId, Year, OrderId, Price) VALUES (979, 117, 9, '2000-01-02 21:32:10.060', 731, 68110.6801)
INSERT dbo.Cars(Id, ModelId, DealerId, Year, OrderId, Price) VALUES (980, 36, 10, '2013-09-17 22:05:07.850', 624, 28243.2814)
INSERT dbo.Cars(Id, ModelId, DealerId, Year, OrderId, Price) VALUES (981, 19, 6, '2000-01-03 04:13:35.060', 586, 18450.2599)
INSERT dbo.Cars(Id, ModelId, DealerId, Year, OrderId, Price) VALUES (982, 116, 10, '2001-10-31 07:34:17.730', 681, 72286.7219)
INSERT dbo.Cars(Id, ModelId, DealerId, Year, OrderId, Price) VALUES (983, 140, 7, '2000-01-01 00:00:01.640', 448, 37067.3697)
INSERT dbo.Cars(Id, ModelId, DealerId, Year, OrderId, Price) VALUES (984, 118, 14, '2002-08-10 09:45:52.710', 536, 10000)
INSERT dbo.Cars(Id, ModelId, DealerId, Year, OrderId, Price) VALUES (985, 80, 3, '2000-01-01 00:01:03.140', 571, 25914.2581)
INSERT dbo.Cars(Id, ModelId, DealerId, Year, OrderId, Price) VALUES (986, 120, 3, '2000-01-01 00:00:09.080', 392, 78882.0697)
INSERT dbo.Cars(Id, ModelId, DealerId, Year, OrderId, Price) VALUES (987, 188, 5, '2008-03-06 08:32:54.570', 673, 37177.3708)
INSERT dbo.Cars(Id, ModelId, DealerId, Year, OrderId, Price) VALUES (988, 140, 15, '2006-03-23 23:50:13.990', 178, 37917.3782)
INSERT dbo.Cars(Id, ModelId, DealerId, Year, OrderId, Price) VALUES (989, 190, 8, '2010-10-08 05:53:05.490', 259, 38218.3812)
INSERT dbo.Cars(Id, ModelId, DealerId, Year, OrderId, Price) VALUES (990, 8, 10, '2006-02-20 20:10:17.930', 185, 60369)
INSERT dbo.Cars(Id, ModelId, DealerId, Year, OrderId, Price) VALUES (991, 145, 4, '2000-01-01 22:29:04.940', 450, 10000)
INSERT dbo.Cars(Id, ModelId, DealerId, Year, OrderId, Price) VALUES (992, 93, 8, '2000-01-01 00:00:01.420', 306, 36186.3609)
INSERT dbo.Cars(Id, ModelId, DealerId, Year, OrderId, Price) VALUES (993, 45, 7, '2000-01-01 03:13:28.270', 999, 10000)
INSERT dbo.Cars(Id, ModelId, DealerId, Year, OrderId, Price) VALUES (994, 174, 13, '2000-01-01 00:00:06.410', 603, 15703.1560)
INSERT dbo.Cars(Id, ModelId, DealerId, Year, OrderId, Price) VALUES (995, 187, 15, '2016-10-25 03:06:25.900', 747, 11061.1096)
INSERT dbo.Cars(Id, ModelId, DealerId, Year, OrderId, Price) VALUES (996, 200, 1, '2001-11-20 19:26:26.780', 260, 17535.1744)
INSERT dbo.Cars(Id, ModelId, DealerId, Year, OrderId, Price) VALUES (997, 110, 10, '2009-07-03 20:26:40.090', 467, 80703.8060)
INSERT dbo.Cars(Id, ModelId, DealerId, Year, OrderId, Price) VALUES (998, 65, 5, '2000-01-01 00:00:01.740', 181, 13594.1349)
INSERT dbo.Cars(Id, ModelId, DealerId, Year, OrderId, Price) VALUES (999, 62, 10, '2000-01-01 00:00:01.560', 673, 60006.5991)
INSERT dbo.Cars(Id, ModelId, DealerId, Year, OrderId, Price) VALUES (1000, 126, 11, '2000-01-01 00:01:20.520', 839, 10000)
GO
SET IDENTITY_INSERT dbo.Cars OFF
GO

IF @@ERROR<>0 OR @@TRANCOUNT=0 BEGIN IF @@TRANCOUNT>0 ROLLBACK SET NOEXEC ON END


--
-- Commit Transaction
--
IF @@TRANCOUNT>0 COMMIT TRANSACTION
SET NOEXEC OFF
GO