--
-- Script was generated by Devart dbForge Studio for SQL Server, Version 5.3.56.0
-- Product Home Page: http://www.devart.com/dbforge/sql/studio
-- Script date 28.10.2016 г. 13:35:04
-- Target server version: 12.00.4213
-- Target connection string: Data Source=.;Integrated Security=True
--



SET LANGUAGE 'Bulgarian'
SET DATEFORMAT ymd
SET ARITHABORT, ANSI_PADDING, ANSI_WARNINGS, CONCAT_NULL_YIELDS_NULL, QUOTED_IDENTIFIER, ANSI_NULLS, NOCOUNT, XACT_ABORT ON
SET NUMERIC_ROUNDABORT, IMPLICIT_TRANSACTIONS OFF
GO

--
-- Backing up database CarsFactory
--
--
-- Backup database to the file with the name: <database_name>_<yyyy>_<mm>_<dd>_<hh>_<mi>.bak
--
DECLARE @db_name SYSNAME
SET @db_name = N'CarsFactory'

DECLARE @filepath NVARCHAR(4000)
SET @filepath =
/*define base part*/ N'C:\Program Files (x86)\Microsoft SQL Server\MSSQL12.MSSQLSERVER\MSSQL\Backup\' + @db_name + '_' +
/*append date*/ REPLACE(CONVERT(NVARCHAR(10), GETDATE(), 102), '.', '_') + '_' +
/*append time*/ REPLACE(CONVERT(NVARCHAR(5), GETDATE(), 108), ':', '_') + '.bak'

DECLARE @SQL NVARCHAR(MAX)
SET @SQL = 
    N'BACKUP DATABASE ' + QUOTENAME(@db_name) + ' TO DISK = @filepath WITH INIT' + 
      CASE WHEN EXISTS(
                SELECT value
                FROM sys.configurations
                WHERE name = 'backup compression default'
          )
        THEN ', COMPRESSION'
        ELSE ''
      END

EXEC sys.sp_executesql @SQL, N'@filepath NVARCHAR(4000)', @filepath = @filepath
GO

USE CarsFactory
GO
IF DB_NAME() <> N'CarsFactory' SET NOEXEC ON
GO


--
-- Set transaction isolation level
--
SET TRANSACTION ISOLATION LEVEL SERIALIZABLE
GO

--
-- Start Transaction
--
BEGIN TRANSACTION
--
-- Delete data from the table 'dbo.Cars'
--
TRUNCATE TABLE dbo.Cars
GO

IF @@ERROR<>0 OR @@TRANCOUNT=0 BEGIN IF @@TRANCOUNT>0 ROLLBACK SET NOEXEC ON END
--
-- Delete data from the table 'dbo.Models'
--
DELETE dbo.Models
GO

IF @@ERROR<>0 OR @@TRANCOUNT=0 BEGIN IF @@TRANCOUNT>0 ROLLBACK SET NOEXEC ON END
--
-- Delete data from the table 'dbo.Dealers'
--
DELETE dbo.Dealers
GO

IF @@ERROR<>0 OR @@TRANCOUNT=0 BEGIN IF @@TRANCOUNT>0 ROLLBACK SET NOEXEC ON END
--
-- Delete data from the table 'dbo.Towns'
--
DELETE dbo.Towns
GO

IF @@ERROR<>0 OR @@TRANCOUNT=0 BEGIN IF @@TRANCOUNT>0 ROLLBACK SET NOEXEC ON END
--
-- Delete data from the table 'dbo.Platforms'
--
DELETE dbo.Platforms
GO

IF @@ERROR<>0 OR @@TRANCOUNT=0 BEGIN IF @@TRANCOUNT>0 ROLLBACK SET NOEXEC ON END
--
-- Delete data from the table 'dbo.Orders'
--
DELETE dbo.Orders
GO

IF @@ERROR<>0 OR @@TRANCOUNT=0 BEGIN IF @@TRANCOUNT>0 ROLLBACK SET NOEXEC ON END
--
-- Delete data from the table 'dbo.Manufacturers'
--
DELETE dbo.Manufacturers
GO

IF @@ERROR<>0 OR @@TRANCOUNT=0 BEGIN IF @@TRANCOUNT>0 ROLLBACK SET NOEXEC ON END
--
-- Delete data from the table 'dbo.Engines'
--
DELETE dbo.Engines
GO

IF @@ERROR<>0 OR @@TRANCOUNT=0 BEGIN IF @@TRANCOUNT>0 ROLLBACK SET NOEXEC ON END

--
-- Inserting data into table dbo.Engines
--
SET IDENTITY_INSERT dbo.Engines ON
GO

IF @@ERROR<>0 OR @@TRANCOUNT=0 BEGIN IF @@TRANCOUNT>0 ROLLBACK SET NOEXEC ON END
INSERT dbo.Engines(Id, Fuel, HorsePower) VALUES (1, 3000, 87)
INSERT dbo.Engines(Id, Fuel, HorsePower) VALUES (2, 2000, 258)
INSERT dbo.Engines(Id, Fuel, HorsePower) VALUES (3, 3000, 109)
INSERT dbo.Engines(Id, Fuel, HorsePower) VALUES (4, 3000, 63)
INSERT dbo.Engines(Id, Fuel, HorsePower) VALUES (5, 3000, 67)
INSERT dbo.Engines(Id, Fuel, HorsePower) VALUES (6, 3000, 153)
INSERT dbo.Engines(Id, Fuel, HorsePower) VALUES (7, 2000, 62)
INSERT dbo.Engines(Id, Fuel, HorsePower) VALUES (8, 1000, 302)
INSERT dbo.Engines(Id, Fuel, HorsePower) VALUES (9, 2000, 256)
INSERT dbo.Engines(Id, Fuel, HorsePower) VALUES (10, 1000, 301)
INSERT dbo.Engines(Id, Fuel, HorsePower) VALUES (11, 2000, 20)
INSERT dbo.Engines(Id, Fuel, HorsePower) VALUES (12, 1000, 343)
INSERT dbo.Engines(Id, Fuel, HorsePower) VALUES (13, 2000, 22)
INSERT dbo.Engines(Id, Fuel, HorsePower) VALUES (14, 2000, 45)
INSERT dbo.Engines(Id, Fuel, HorsePower) VALUES (15, 1000, 361)
INSERT dbo.Engines(Id, Fuel, HorsePower) VALUES (16, 2000, 86)
INSERT dbo.Engines(Id, Fuel, HorsePower) VALUES (17, 1000, 595)
INSERT dbo.Engines(Id, Fuel, HorsePower) VALUES (18, 2000, 21)
INSERT dbo.Engines(Id, Fuel, HorsePower) VALUES (19, 3000, 258)
INSERT dbo.Engines(Id, Fuel, HorsePower) VALUES (20, 2000, 49)
INSERT dbo.Engines(Id, Fuel, HorsePower) VALUES (21, 2000, 107)
INSERT dbo.Engines(Id, Fuel, HorsePower) VALUES (22, 1000, 152)
INSERT dbo.Engines(Id, Fuel, HorsePower) VALUES (23, 1000, 40)
INSERT dbo.Engines(Id, Fuel, HorsePower) VALUES (24, 1000, 21)
INSERT dbo.Engines(Id, Fuel, HorsePower) VALUES (25, 1000, 46)
INSERT dbo.Engines(Id, Fuel, HorsePower) VALUES (26, 1000, 87)
INSERT dbo.Engines(Id, Fuel, HorsePower) VALUES (27, 1000, 355)
INSERT dbo.Engines(Id, Fuel, HorsePower) VALUES (28, 1000, 22)
INSERT dbo.Engines(Id, Fuel, HorsePower) VALUES (29, 1000, 39)
INSERT dbo.Engines(Id, Fuel, HorsePower) VALUES (30, 3000, 194)
INSERT dbo.Engines(Id, Fuel, HorsePower) VALUES (31, 1000, 212)
INSERT dbo.Engines(Id, Fuel, HorsePower) VALUES (32, 1000, 25)
INSERT dbo.Engines(Id, Fuel, HorsePower) VALUES (33, 2000, 20)
INSERT dbo.Engines(Id, Fuel, HorsePower) VALUES (34, 1000, 46)
INSERT dbo.Engines(Id, Fuel, HorsePower) VALUES (35, 2000, 58)
INSERT dbo.Engines(Id, Fuel, HorsePower) VALUES (36, 1000, 50)
INSERT dbo.Engines(Id, Fuel, HorsePower) VALUES (37, 1000, 635)
INSERT dbo.Engines(Id, Fuel, HorsePower) VALUES (38, 1000, 92)
INSERT dbo.Engines(Id, Fuel, HorsePower) VALUES (39, 1000, 135)
INSERT dbo.Engines(Id, Fuel, HorsePower) VALUES (40, 1000, 540)
INSERT dbo.Engines(Id, Fuel, HorsePower) VALUES (41, 1000, 352)
INSERT dbo.Engines(Id, Fuel, HorsePower) VALUES (42, 1000, 109)
INSERT dbo.Engines(Id, Fuel, HorsePower) VALUES (43, 2000, 37)
INSERT dbo.Engines(Id, Fuel, HorsePower) VALUES (44, 3000, 72)
INSERT dbo.Engines(Id, Fuel, HorsePower) VALUES (45, 1000, 206)
INSERT dbo.Engines(Id, Fuel, HorsePower) VALUES (46, 1000, 602)
INSERT dbo.Engines(Id, Fuel, HorsePower) VALUES (47, 1000, 139)
INSERT dbo.Engines(Id, Fuel, HorsePower) VALUES (48, 2000, 130)
INSERT dbo.Engines(Id, Fuel, HorsePower) VALUES (49, 2000, 326)
INSERT dbo.Engines(Id, Fuel, HorsePower) VALUES (50, 1000, 61)
INSERT dbo.Engines(Id, Fuel, HorsePower) VALUES (51, 1000, 28)
INSERT dbo.Engines(Id, Fuel, HorsePower) VALUES (52, 1000, 366)
INSERT dbo.Engines(Id, Fuel, HorsePower) VALUES (53, 3000, 203)
INSERT dbo.Engines(Id, Fuel, HorsePower) VALUES (54, 2000, 533)
INSERT dbo.Engines(Id, Fuel, HorsePower) VALUES (55, 1000, 136)
INSERT dbo.Engines(Id, Fuel, HorsePower) VALUES (56, 2000, 390)
INSERT dbo.Engines(Id, Fuel, HorsePower) VALUES (57, 2000, 177)
INSERT dbo.Engines(Id, Fuel, HorsePower) VALUES (58, 3000, 11)
INSERT dbo.Engines(Id, Fuel, HorsePower) VALUES (59, 2000, 217)
INSERT dbo.Engines(Id, Fuel, HorsePower) VALUES (60, 2000, 39)
INSERT dbo.Engines(Id, Fuel, HorsePower) VALUES (61, 2000, 129)
INSERT dbo.Engines(Id, Fuel, HorsePower) VALUES (62, 1000, 73)
INSERT dbo.Engines(Id, Fuel, HorsePower) VALUES (63, 1000, 21)
INSERT dbo.Engines(Id, Fuel, HorsePower) VALUES (64, 3000, 24)
INSERT dbo.Engines(Id, Fuel, HorsePower) VALUES (65, 1000, 19)
INSERT dbo.Engines(Id, Fuel, HorsePower) VALUES (66, 2000, 49)
INSERT dbo.Engines(Id, Fuel, HorsePower) VALUES (67, 1000, 345)
INSERT dbo.Engines(Id, Fuel, HorsePower) VALUES (68, 2000, 96)
INSERT dbo.Engines(Id, Fuel, HorsePower) VALUES (69, 3000, 37)
INSERT dbo.Engines(Id, Fuel, HorsePower) VALUES (70, 1000, 605)
INSERT dbo.Engines(Id, Fuel, HorsePower) VALUES (71, 2000, 241)
INSERT dbo.Engines(Id, Fuel, HorsePower) VALUES (72, 3000, 196)
INSERT dbo.Engines(Id, Fuel, HorsePower) VALUES (73, 1000, 136)
INSERT dbo.Engines(Id, Fuel, HorsePower) VALUES (74, 1000, 297)
INSERT dbo.Engines(Id, Fuel, HorsePower) VALUES (75, 2000, 64)
INSERT dbo.Engines(Id, Fuel, HorsePower) VALUES (76, 1000, 31)
INSERT dbo.Engines(Id, Fuel, HorsePower) VALUES (77, 2000, 22)
INSERT dbo.Engines(Id, Fuel, HorsePower) VALUES (78, 1000, 30)
INSERT dbo.Engines(Id, Fuel, HorsePower) VALUES (79, 1000, 642)
INSERT dbo.Engines(Id, Fuel, HorsePower) VALUES (80, 1000, 20)
INSERT dbo.Engines(Id, Fuel, HorsePower) VALUES (81, 1000, 26)
INSERT dbo.Engines(Id, Fuel, HorsePower) VALUES (82, 2000, 67)
INSERT dbo.Engines(Id, Fuel, HorsePower) VALUES (83, 2000, 81)
INSERT dbo.Engines(Id, Fuel, HorsePower) VALUES (84, 1000, 48)
INSERT dbo.Engines(Id, Fuel, HorsePower) VALUES (85, 3000, 41)
INSERT dbo.Engines(Id, Fuel, HorsePower) VALUES (86, 3000, 331)
INSERT dbo.Engines(Id, Fuel, HorsePower) VALUES (87, 1000, 148)
INSERT dbo.Engines(Id, Fuel, HorsePower) VALUES (88, 3000, 27)
INSERT dbo.Engines(Id, Fuel, HorsePower) VALUES (89, 2000, 140)
INSERT dbo.Engines(Id, Fuel, HorsePower) VALUES (90, 1000, 82)
INSERT dbo.Engines(Id, Fuel, HorsePower) VALUES (91, 1000, 24)
INSERT dbo.Engines(Id, Fuel, HorsePower) VALUES (92, 1000, 182)
INSERT dbo.Engines(Id, Fuel, HorsePower) VALUES (93, 3000, 48)
INSERT dbo.Engines(Id, Fuel, HorsePower) VALUES (94, 3000, 29)
INSERT dbo.Engines(Id, Fuel, HorsePower) VALUES (95, 2000, 36)
INSERT dbo.Engines(Id, Fuel, HorsePower) VALUES (96, 3000, 511)
INSERT dbo.Engines(Id, Fuel, HorsePower) VALUES (97, 1000, 49)
INSERT dbo.Engines(Id, Fuel, HorsePower) VALUES (98, 2000, 257)
INSERT dbo.Engines(Id, Fuel, HorsePower) VALUES (99, 3000, 300)
INSERT dbo.Engines(Id, Fuel, HorsePower) VALUES (100, 1000, 23)
GO
SET IDENTITY_INSERT dbo.Engines OFF
GO

IF @@ERROR<>0 OR @@TRANCOUNT=0 BEGIN IF @@TRANCOUNT>0 ROLLBACK SET NOEXEC ON END

--
-- Inserting data into table dbo.Manufacturers
--
SET IDENTITY_INSERT dbo.Manufacturers ON
GO

IF @@ERROR<>0 OR @@TRANCOUNT=0 BEGIN IF @@TRANCOUNT>0 ROLLBACK SET NOEXEC ON END
INSERT dbo.Manufacturers(Id, Name) VALUES (1, N'Professional 2G')
INSERT dbo.Manufacturers(Id, Name) VALUES (2, N'Professional De')
INSERT dbo.Manufacturers(Id, Name) VALUES (3, N'Advanced High-T')
INSERT dbo.Manufacturers(Id, Name) VALUES (4, N'International H')
INSERT dbo.Manufacturers(Id, Name) VALUES (5, N'Domestic Protec')
INSERT dbo.Manufacturers(Id, Name) VALUES (6, N'First M-Mobile ')
INSERT dbo.Manufacturers(Id, Name) VALUES (7, N'Western M-Mobil')
INSERT dbo.Manufacturers(Id, Name) VALUES (8, N'Beyond Space Ex')
INSERT dbo.Manufacturers(Id, Name) VALUES (9, N'First Systems C')
INSERT dbo.Manufacturers(Id, Name) VALUES (10, N'Pacific Investm')
GO
SET IDENTITY_INSERT dbo.Manufacturers OFF
GO

IF @@ERROR<>0 OR @@TRANCOUNT=0 BEGIN IF @@TRANCOUNT>0 ROLLBACK SET NOEXEC ON END

--
-- Inserting data into table dbo.Orders
--
SET IDENTITY_INSERT dbo.Orders ON
GO

IF @@ERROR<>0 OR @@TRANCOUNT=0 BEGIN IF @@TRANCOUNT>0 ROLLBACK SET NOEXEC ON END
INSERT dbo.Orders(Id, Date, OrderStatus) VALUES (1, '2015-03-19 11:41:57.110', 0)
INSERT dbo.Orders(Id, Date, OrderStatus) VALUES (2, '2015-01-01 01:16:06.280', 1)
INSERT dbo.Orders(Id, Date, OrderStatus) VALUES (3, '2015-01-01 00:00:01.690', 2)
INSERT dbo.Orders(Id, Date, OrderStatus) VALUES (4, '2015-01-03 01:51:46.880', 3)
INSERT dbo.Orders(Id, Date, OrderStatus) VALUES (5, '2015-01-26 19:17:58.900', 1)
INSERT dbo.Orders(Id, Date, OrderStatus) VALUES (6, '2015-01-01 00:00:01.960', 0)
INSERT dbo.Orders(Id, Date, OrderStatus) VALUES (7, '2015-01-01 00:00:01.010', 2)
INSERT dbo.Orders(Id, Date, OrderStatus) VALUES (8, '2016-09-04 20:12:15.240', 3)
INSERT dbo.Orders(Id, Date, OrderStatus) VALUES (9, '2015-03-27 23:59:09.860', 1)
INSERT dbo.Orders(Id, Date, OrderStatus) VALUES (10, '2015-11-01 18:24:16.120', 0)
INSERT dbo.Orders(Id, Date, OrderStatus) VALUES (11, '2015-01-01 00:00:01.280', 2)
INSERT dbo.Orders(Id, Date, OrderStatus) VALUES (12, '2015-07-17 22:17:06.770', 1)
INSERT dbo.Orders(Id, Date, OrderStatus) VALUES (13, '2015-02-14 20:42:58.630', 0)
INSERT dbo.Orders(Id, Date, OrderStatus) VALUES (14, '2015-09-11 13:22:34.410', 0)
INSERT dbo.Orders(Id, Date, OrderStatus) VALUES (15, '2015-01-01 08:51:55.800', 3)
INSERT dbo.Orders(Id, Date, OrderStatus) VALUES (16, '2015-06-19 01:06:59.930', 1)
INSERT dbo.Orders(Id, Date, OrderStatus) VALUES (17, '2015-01-01 00:00:21.310', 1)
INSERT dbo.Orders(Id, Date, OrderStatus) VALUES (18, '2015-07-08 14:11:40.790', 4)
INSERT dbo.Orders(Id, Date, OrderStatus) VALUES (19, '2015-01-02 11:51:08.710', 3)
INSERT dbo.Orders(Id, Date, OrderStatus) VALUES (20, '2015-03-18 03:19:33.590', 0)
INSERT dbo.Orders(Id, Date, OrderStatus) VALUES (21, '2015-10-03 09:32:11.340', 0)
INSERT dbo.Orders(Id, Date, OrderStatus) VALUES (22, '2015-09-10 21:33:14.800', 2)
INSERT dbo.Orders(Id, Date, OrderStatus) VALUES (23, '2015-01-01 00:00:01.510', 0)
INSERT dbo.Orders(Id, Date, OrderStatus) VALUES (24, '2016-02-04 07:46:42.050', 2)
INSERT dbo.Orders(Id, Date, OrderStatus) VALUES (25, '2015-05-16 20:23:12.180', 2)
INSERT dbo.Orders(Id, Date, OrderStatus) VALUES (26, '2015-02-16 07:17:54.030', 2)
INSERT dbo.Orders(Id, Date, OrderStatus) VALUES (27, '2015-01-01 00:00:01.970', 3)
INSERT dbo.Orders(Id, Date, OrderStatus) VALUES (28, '2015-01-01 00:00:45.260', 3)
INSERT dbo.Orders(Id, Date, OrderStatus) VALUES (29, '2015-01-01 00:00:08.640', 2)
INSERT dbo.Orders(Id, Date, OrderStatus) VALUES (30, '2015-04-20 13:16:07.250', 4)
INSERT dbo.Orders(Id, Date, OrderStatus) VALUES (31, '2015-01-01 00:00:01.100', 0)
INSERT dbo.Orders(Id, Date, OrderStatus) VALUES (32, '2015-01-16 12:00:09.920', 0)
INSERT dbo.Orders(Id, Date, OrderStatus) VALUES (33, '2015-10-03 17:59:30.180', 1)
INSERT dbo.Orders(Id, Date, OrderStatus) VALUES (34, '2015-01-01 00:00:01.770', 3)
INSERT dbo.Orders(Id, Date, OrderStatus) VALUES (35, '2015-01-01 00:00:25.520', 1)
INSERT dbo.Orders(Id, Date, OrderStatus) VALUES (36, '2015-03-08 16:36:22.510', 2)
INSERT dbo.Orders(Id, Date, OrderStatus) VALUES (37, '2016-04-24 19:57:28.910', 3)
INSERT dbo.Orders(Id, Date, OrderStatus) VALUES (38, '2015-01-01 00:00:09.270', 3)
INSERT dbo.Orders(Id, Date, OrderStatus) VALUES (39, '2016-02-22 20:09:03.580', 1)
INSERT dbo.Orders(Id, Date, OrderStatus) VALUES (40, '2015-07-18 23:04:38.160', 0)
INSERT dbo.Orders(Id, Date, OrderStatus) VALUES (41, '2015-01-01 00:00:05.230', 2)
INSERT dbo.Orders(Id, Date, OrderStatus) VALUES (42, '2015-11-21 15:51:00.780', 0)
INSERT dbo.Orders(Id, Date, OrderStatus) VALUES (43, '2015-12-11 12:59:03.950', 2)
INSERT dbo.Orders(Id, Date, OrderStatus) VALUES (44, '2015-01-01 00:00:01.920', 3)
INSERT dbo.Orders(Id, Date, OrderStatus) VALUES (45, '2015-01-01 00:00:01.730', 1)
INSERT dbo.Orders(Id, Date, OrderStatus) VALUES (46, '2015-01-01 00:00:01.850', 0)
INSERT dbo.Orders(Id, Date, OrderStatus) VALUES (47, '2016-09-30 16:21:52.660', 0)
INSERT dbo.Orders(Id, Date, OrderStatus) VALUES (48, '2015-06-22 22:56:28.770', 3)
INSERT dbo.Orders(Id, Date, OrderStatus) VALUES (49, '2015-04-06 04:08:21.080', 0)
INSERT dbo.Orders(Id, Date, OrderStatus) VALUES (50, '2015-03-11 12:24:36.410', 0)
INSERT dbo.Orders(Id, Date, OrderStatus) VALUES (51, '2015-01-01 00:00:01.460', 0)
INSERT dbo.Orders(Id, Date, OrderStatus) VALUES (52, '2015-01-01 00:00:01.040', 2)
INSERT dbo.Orders(Id, Date, OrderStatus) VALUES (53, '2016-01-03 00:44:33.070', 1)
INSERT dbo.Orders(Id, Date, OrderStatus) VALUES (54, '2015-01-01 00:00:01.060', 1)
INSERT dbo.Orders(Id, Date, OrderStatus) VALUES (55, '2015-11-25 09:16:40.490', 2)
INSERT dbo.Orders(Id, Date, OrderStatus) VALUES (56, '2015-01-01 22:30:05.940', 2)
INSERT dbo.Orders(Id, Date, OrderStatus) VALUES (57, '2015-01-01 00:00:01.900', 3)
INSERT dbo.Orders(Id, Date, OrderStatus) VALUES (58, '2015-01-01 00:00:01.150', 0)
INSERT dbo.Orders(Id, Date, OrderStatus) VALUES (59, '2015-09-29 17:38:00.100', 1)
INSERT dbo.Orders(Id, Date, OrderStatus) VALUES (60, '2015-01-01 00:00:01.980', 3)
INSERT dbo.Orders(Id, Date, OrderStatus) VALUES (61, '2015-01-01 00:00:01.510', 3)
INSERT dbo.Orders(Id, Date, OrderStatus) VALUES (62, '2015-01-01 00:00:01.310', 1)
INSERT dbo.Orders(Id, Date, OrderStatus) VALUES (63, '2016-03-03 01:31:47.120', 2)
INSERT dbo.Orders(Id, Date, OrderStatus) VALUES (64, '2015-01-01 00:00:01.270', 1)
INSERT dbo.Orders(Id, Date, OrderStatus) VALUES (65, '2015-02-10 08:11:30.770', 1)
INSERT dbo.Orders(Id, Date, OrderStatus) VALUES (66, '2015-01-01 00:00:04.630', 1)
INSERT dbo.Orders(Id, Date, OrderStatus) VALUES (67, '2015-01-03 10:31:03.720', 1)
INSERT dbo.Orders(Id, Date, OrderStatus) VALUES (68, '2015-01-01 00:43:09.050', 4)
INSERT dbo.Orders(Id, Date, OrderStatus) VALUES (69, '2016-07-13 10:48:55.410', 4)
INSERT dbo.Orders(Id, Date, OrderStatus) VALUES (70, '2015-01-01 16:24:19.820', 1)
INSERT dbo.Orders(Id, Date, OrderStatus) VALUES (71, '2015-01-01 00:00:08.080', 4)
INSERT dbo.Orders(Id, Date, OrderStatus) VALUES (72, '2016-05-01 09:28:16.810', 4)
INSERT dbo.Orders(Id, Date, OrderStatus) VALUES (73, '2015-01-01 00:01:14.570', 3)
INSERT dbo.Orders(Id, Date, OrderStatus) VALUES (74, '2015-01-01 00:00:43.410', 4)
INSERT dbo.Orders(Id, Date, OrderStatus) VALUES (75, '2015-01-02 04:06:33.970', 0)
INSERT dbo.Orders(Id, Date, OrderStatus) VALUES (76, '2015-10-15 16:33:17.160', 3)
INSERT dbo.Orders(Id, Date, OrderStatus) VALUES (77, '2015-06-20 05:29:13.250', 1)
INSERT dbo.Orders(Id, Date, OrderStatus) VALUES (78, '2015-08-19 13:34:00.450', 4)
INSERT dbo.Orders(Id, Date, OrderStatus) VALUES (79, '2015-08-09 06:34:50.490', 4)
INSERT dbo.Orders(Id, Date, OrderStatus) VALUES (80, '2016-01-16 06:49:02.940', 4)
INSERT dbo.Orders(Id, Date, OrderStatus) VALUES (81, '2015-01-01 03:03:17.850', 4)
INSERT dbo.Orders(Id, Date, OrderStatus) VALUES (82, '2015-01-01 00:00:05.070', 3)
INSERT dbo.Orders(Id, Date, OrderStatus) VALUES (83, '2015-01-01 00:00:01.130', 3)
INSERT dbo.Orders(Id, Date, OrderStatus) VALUES (84, '2016-03-01 14:22:20.900', 3)
INSERT dbo.Orders(Id, Date, OrderStatus) VALUES (85, '2015-01-01 00:00:01.200', 1)
INSERT dbo.Orders(Id, Date, OrderStatus) VALUES (86, '2015-07-30 06:55:17.960', 1)
INSERT dbo.Orders(Id, Date, OrderStatus) VALUES (87, '2015-02-10 18:03:40.940', 2)
INSERT dbo.Orders(Id, Date, OrderStatus) VALUES (88, '2015-01-01 00:00:06.360', 0)
INSERT dbo.Orders(Id, Date, OrderStatus) VALUES (89, '2015-01-01 00:01:04.130', 2)
INSERT dbo.Orders(Id, Date, OrderStatus) VALUES (90, '2015-08-25 02:12:27.380', 0)
INSERT dbo.Orders(Id, Date, OrderStatus) VALUES (91, '2015-01-01 00:00:09.850', 0)
INSERT dbo.Orders(Id, Date, OrderStatus) VALUES (92, '2015-11-30 03:21:04.780', 0)
INSERT dbo.Orders(Id, Date, OrderStatus) VALUES (93, '2015-01-01 00:00:01.110', 0)
INSERT dbo.Orders(Id, Date, OrderStatus) VALUES (94, '2015-01-01 20:58:51.560', 0)
INSERT dbo.Orders(Id, Date, OrderStatus) VALUES (95, '2015-04-06 03:15:33.640', 0)
INSERT dbo.Orders(Id, Date, OrderStatus) VALUES (96, '2015-01-01 00:00:01.220', 2)
INSERT dbo.Orders(Id, Date, OrderStatus) VALUES (97, '2015-12-05 10:24:49.100', 2)
INSERT dbo.Orders(Id, Date, OrderStatus) VALUES (98, '2015-01-01 00:00:01.130', 4)
INSERT dbo.Orders(Id, Date, OrderStatus) VALUES (99, '2015-01-01 00:00:01.270', 1)
INSERT dbo.Orders(Id, Date, OrderStatus) VALUES (100, '2015-12-25 19:08:31.850', 2)
INSERT dbo.Orders(Id, Date, OrderStatus) VALUES (101, '2015-06-15 06:09:51.740', 1)
INSERT dbo.Orders(Id, Date, OrderStatus) VALUES (102, '2015-11-18 19:06:24.710', 1)
INSERT dbo.Orders(Id, Date, OrderStatus) VALUES (103, '2015-01-01 00:00:01.950', 0)
INSERT dbo.Orders(Id, Date, OrderStatus) VALUES (104, '2015-01-01 00:00:01.740', 4)
INSERT dbo.Orders(Id, Date, OrderStatus) VALUES (105, '2015-01-01 00:00:01.050', 0)
INSERT dbo.Orders(Id, Date, OrderStatus) VALUES (106, '2016-04-29 22:42:26.500', 4)
INSERT dbo.Orders(Id, Date, OrderStatus) VALUES (107, '2015-01-02 03:12:42.540', 3)
INSERT dbo.Orders(Id, Date, OrderStatus) VALUES (108, '2015-01-01 00:00:01.660', 2)
INSERT dbo.Orders(Id, Date, OrderStatus) VALUES (109, '2016-01-28 23:00:42.040', 2)
INSERT dbo.Orders(Id, Date, OrderStatus) VALUES (110, '2016-01-11 20:28:04.590', 3)
INSERT dbo.Orders(Id, Date, OrderStatus) VALUES (111, '2015-01-01 00:00:01.050', 4)
INSERT dbo.Orders(Id, Date, OrderStatus) VALUES (112, '2015-10-27 18:36:23.810', 0)
INSERT dbo.Orders(Id, Date, OrderStatus) VALUES (113, '2015-01-01 00:00:01.840', 0)
INSERT dbo.Orders(Id, Date, OrderStatus) VALUES (114, '2016-01-25 18:57:08.360', 3)
INSERT dbo.Orders(Id, Date, OrderStatus) VALUES (115, '2015-01-01 10:59:31.200', 0)
INSERT dbo.Orders(Id, Date, OrderStatus) VALUES (116, '2015-10-31 03:31:22.580', 3)
INSERT dbo.Orders(Id, Date, OrderStatus) VALUES (117, '2016-04-03 02:59:31.790', 2)
INSERT dbo.Orders(Id, Date, OrderStatus) VALUES (118, '2015-01-01 09:52:26.430', 0)
INSERT dbo.Orders(Id, Date, OrderStatus) VALUES (119, '2015-08-24 23:30:56.200', 1)
INSERT dbo.Orders(Id, Date, OrderStatus) VALUES (120, '2015-06-14 19:12:10.940', 2)
INSERT dbo.Orders(Id, Date, OrderStatus) VALUES (121, '2015-01-01 00:00:01.900', 0)
INSERT dbo.Orders(Id, Date, OrderStatus) VALUES (122, '2016-04-03 06:59:28.690', 3)
INSERT dbo.Orders(Id, Date, OrderStatus) VALUES (123, '2015-01-01 00:00:01.870', 2)
INSERT dbo.Orders(Id, Date, OrderStatus) VALUES (124, '2015-02-15 11:23:21.830', 2)
INSERT dbo.Orders(Id, Date, OrderStatus) VALUES (125, '2015-01-01 00:00:01.920', 3)
INSERT dbo.Orders(Id, Date, OrderStatus) VALUES (126, '2015-05-15 08:43:30.150', 0)
INSERT dbo.Orders(Id, Date, OrderStatus) VALUES (127, '2015-01-01 00:00:01.450', 4)
INSERT dbo.Orders(Id, Date, OrderStatus) VALUES (128, '2015-03-24 04:42:32.480', 0)
INSERT dbo.Orders(Id, Date, OrderStatus) VALUES (129, '2016-08-03 08:09:27.310', 3)
INSERT dbo.Orders(Id, Date, OrderStatus) VALUES (130, '2015-01-01 00:00:01.990', 2)
INSERT dbo.Orders(Id, Date, OrderStatus) VALUES (131, '2015-01-01 18:48:49.630', 1)
INSERT dbo.Orders(Id, Date, OrderStatus) VALUES (132, '2016-06-11 11:41:08.080', 1)
INSERT dbo.Orders(Id, Date, OrderStatus) VALUES (133, '2015-10-24 08:17:39.450', 2)
INSERT dbo.Orders(Id, Date, OrderStatus) VALUES (134, '2015-04-15 18:50:25.270', 1)
INSERT dbo.Orders(Id, Date, OrderStatus) VALUES (135, '2016-02-11 15:38:04.740', 1)
INSERT dbo.Orders(Id, Date, OrderStatus) VALUES (136, '2015-01-01 00:00:01.920', 2)
INSERT dbo.Orders(Id, Date, OrderStatus) VALUES (137, '2015-01-01 00:00:01.740', 3)
INSERT dbo.Orders(Id, Date, OrderStatus) VALUES (138, '2015-12-28 01:08:58.980', 2)
INSERT dbo.Orders(Id, Date, OrderStatus) VALUES (139, '2015-01-01 00:01:39.510', 2)
INSERT dbo.Orders(Id, Date, OrderStatus) VALUES (140, '2015-01-01 19:56:02.840', 0)
INSERT dbo.Orders(Id, Date, OrderStatus) VALUES (141, '2015-09-18 19:04:58.280', 0)
INSERT dbo.Orders(Id, Date, OrderStatus) VALUES (142, '2015-09-16 05:06:00.060', 1)
INSERT dbo.Orders(Id, Date, OrderStatus) VALUES (143, '2015-01-01 00:00:01.110', 3)
INSERT dbo.Orders(Id, Date, OrderStatus) VALUES (144, '2015-06-08 14:18:53.250', 0)
INSERT dbo.Orders(Id, Date, OrderStatus) VALUES (145, '2015-01-01 00:00:01.380', 3)
INSERT dbo.Orders(Id, Date, OrderStatus) VALUES (146, '2015-01-01 00:00:01.200', 3)
INSERT dbo.Orders(Id, Date, OrderStatus) VALUES (147, '2015-10-17 04:50:20.600', 4)
INSERT dbo.Orders(Id, Date, OrderStatus) VALUES (148, '2015-01-01 00:00:01.310', 3)
INSERT dbo.Orders(Id, Date, OrderStatus) VALUES (149, '2015-04-11 18:43:38.400', 0)
INSERT dbo.Orders(Id, Date, OrderStatus) VALUES (150, '2015-01-01 01:38:37.510', 0)
INSERT dbo.Orders(Id, Date, OrderStatus) VALUES (151, '2015-01-01 00:01:22.050', 2)
INSERT dbo.Orders(Id, Date, OrderStatus) VALUES (152, '2015-06-07 20:14:38.860', 2)
INSERT dbo.Orders(Id, Date, OrderStatus) VALUES (153, '2015-03-09 13:36:06.890', 2)
INSERT dbo.Orders(Id, Date, OrderStatus) VALUES (154, '2015-01-01 00:00:01.980', 2)
INSERT dbo.Orders(Id, Date, OrderStatus) VALUES (155, '2015-01-01 00:00:01.810', 2)
INSERT dbo.Orders(Id, Date, OrderStatus) VALUES (156, '2015-03-08 22:31:20.040', 3)
INSERT dbo.Orders(Id, Date, OrderStatus) VALUES (157, '2015-01-02 01:57:31.410', 1)
INSERT dbo.Orders(Id, Date, OrderStatus) VALUES (158, '2016-04-09 04:25:21.750', 0)
INSERT dbo.Orders(Id, Date, OrderStatus) VALUES (159, '2015-01-01 00:00:01.160', 1)
INSERT dbo.Orders(Id, Date, OrderStatus) VALUES (160, '2015-01-01 10:11:25.530', 1)
INSERT dbo.Orders(Id, Date, OrderStatus) VALUES (161, '2015-01-01 00:00:01.680', 3)
INSERT dbo.Orders(Id, Date, OrderStatus) VALUES (162, '2015-01-01 03:39:53.170', 4)
INSERT dbo.Orders(Id, Date, OrderStatus) VALUES (163, '2015-08-29 20:22:56.720', 1)
INSERT dbo.Orders(Id, Date, OrderStatus) VALUES (164, '2015-01-06 12:38:22.940', 0)
INSERT dbo.Orders(Id, Date, OrderStatus) VALUES (165, '2016-10-12 17:29:28.210', 3)
INSERT dbo.Orders(Id, Date, OrderStatus) VALUES (166, '2015-01-01 00:00:01.970', 2)
INSERT dbo.Orders(Id, Date, OrderStatus) VALUES (167, '2015-07-17 12:00:43.960', 1)
INSERT dbo.Orders(Id, Date, OrderStatus) VALUES (168, '2015-01-01 00:00:08.110', 1)
INSERT dbo.Orders(Id, Date, OrderStatus) VALUES (169, '2015-08-19 03:37:14.270', 0)
INSERT dbo.Orders(Id, Date, OrderStatus) VALUES (170, '2016-04-08 06:54:09.800', 3)
INSERT dbo.Orders(Id, Date, OrderStatus) VALUES (171, '2015-01-02 11:39:26.750', 2)
INSERT dbo.Orders(Id, Date, OrderStatus) VALUES (172, '2015-01-01 00:00:01.130', 0)
INSERT dbo.Orders(Id, Date, OrderStatus) VALUES (173, '2016-08-28 01:21:46.510', 4)
INSERT dbo.Orders(Id, Date, OrderStatus) VALUES (174, '2015-01-01 00:00:01.720', 2)
INSERT dbo.Orders(Id, Date, OrderStatus) VALUES (175, '2015-01-01 00:00:10.140', 0)
INSERT dbo.Orders(Id, Date, OrderStatus) VALUES (176, '2015-01-01 00:00:01.590', 4)
INSERT dbo.Orders(Id, Date, OrderStatus) VALUES (177, '2016-02-16 09:47:52.380', 0)
INSERT dbo.Orders(Id, Date, OrderStatus) VALUES (178, '2016-03-14 08:07:49.250', 0)
INSERT dbo.Orders(Id, Date, OrderStatus) VALUES (179, '2015-01-01 00:00:01.570', 1)
INSERT dbo.Orders(Id, Date, OrderStatus) VALUES (180, '2015-01-01 00:00:01.790', 3)
INSERT dbo.Orders(Id, Date, OrderStatus) VALUES (181, '2015-12-26 00:44:03.710', 2)
INSERT dbo.Orders(Id, Date, OrderStatus) VALUES (182, '2016-04-08 19:10:55.090', 3)
INSERT dbo.Orders(Id, Date, OrderStatus) VALUES (183, '2015-10-21 04:13:37.050', 3)
INSERT dbo.Orders(Id, Date, OrderStatus) VALUES (184, '2015-01-01 00:00:02.650', 2)
INSERT dbo.Orders(Id, Date, OrderStatus) VALUES (185, '2016-10-21 07:34:13.510', 0)
INSERT dbo.Orders(Id, Date, OrderStatus) VALUES (186, '2015-01-01 00:00:01.360', 0)
INSERT dbo.Orders(Id, Date, OrderStatus) VALUES (187, '2015-01-01 00:00:06.240', 2)
INSERT dbo.Orders(Id, Date, OrderStatus) VALUES (188, '2015-11-25 07:30:48.940', 0)
INSERT dbo.Orders(Id, Date, OrderStatus) VALUES (189, '2016-01-30 18:10:40.330', 1)
INSERT dbo.Orders(Id, Date, OrderStatus) VALUES (190, '2015-01-01 00:00:01.510', 0)
INSERT dbo.Orders(Id, Date, OrderStatus) VALUES (191, '2015-11-05 19:34:27.590', 0)
INSERT dbo.Orders(Id, Date, OrderStatus) VALUES (192, '2015-01-01 00:00:09.410', 0)
INSERT dbo.Orders(Id, Date, OrderStatus) VALUES (193, '2015-01-01 00:00:01.740', 4)
INSERT dbo.Orders(Id, Date, OrderStatus) VALUES (194, '2016-01-23 06:05:05.510', 4)
INSERT dbo.Orders(Id, Date, OrderStatus) VALUES (195, '2015-01-01 00:00:07.270', 3)
INSERT dbo.Orders(Id, Date, OrderStatus) VALUES (196, '2015-01-01 00:00:07.350', 0)
INSERT dbo.Orders(Id, Date, OrderStatus) VALUES (197, '2015-12-25 07:22:47.470', 3)
INSERT dbo.Orders(Id, Date, OrderStatus) VALUES (198, '2015-01-01 00:00:01.080', 3)
INSERT dbo.Orders(Id, Date, OrderStatus) VALUES (199, '2016-08-18 16:44:21.110', 1)
INSERT dbo.Orders(Id, Date, OrderStatus) VALUES (200, '2015-01-01 00:00:01.710', 0)
INSERT dbo.Orders(Id, Date, OrderStatus) VALUES (201, '2015-03-11 20:14:50.890', 0)
INSERT dbo.Orders(Id, Date, OrderStatus) VALUES (202, '2015-05-23 09:09:13.120', 1)
INSERT dbo.Orders(Id, Date, OrderStatus) VALUES (203, '2015-10-18 23:37:48.200', 0)
INSERT dbo.Orders(Id, Date, OrderStatus) VALUES (204, '2016-04-02 18:43:56.480', 0)
INSERT dbo.Orders(Id, Date, OrderStatus) VALUES (205, '2015-08-24 06:03:11.730', 0)
INSERT dbo.Orders(Id, Date, OrderStatus) VALUES (206, '2015-12-16 11:35:51.320', 2)
INSERT dbo.Orders(Id, Date, OrderStatus) VALUES (207, '2015-01-01 17:11:47.150', 4)
INSERT dbo.Orders(Id, Date, OrderStatus) VALUES (208, '2015-01-01 00:00:01.550', 1)
INSERT dbo.Orders(Id, Date, OrderStatus) VALUES (209, '2016-02-07 23:18:19.550', 0)
INSERT dbo.Orders(Id, Date, OrderStatus) VALUES (210, '2015-01-01 00:00:10.470', 0)
INSERT dbo.Orders(Id, Date, OrderStatus) VALUES (211, '2015-01-31 18:34:20.150', 3)
INSERT dbo.Orders(Id, Date, OrderStatus) VALUES (212, '2015-08-25 16:03:59.090', 0)
INSERT dbo.Orders(Id, Date, OrderStatus) VALUES (213, '2015-07-09 14:42:34.320', 2)
INSERT dbo.Orders(Id, Date, OrderStatus) VALUES (214, '2015-01-01 21:44:40.060', 4)
INSERT dbo.Orders(Id, Date, OrderStatus) VALUES (215, '2015-01-01 00:00:01.440', 2)
INSERT dbo.Orders(Id, Date, OrderStatus) VALUES (216, '2015-01-01 14:44:10.520', 3)
INSERT dbo.Orders(Id, Date, OrderStatus) VALUES (217, '2015-10-28 08:57:52.700', 2)
INSERT dbo.Orders(Id, Date, OrderStatus) VALUES (218, '2015-10-10 11:53:43.050', 1)
INSERT dbo.Orders(Id, Date, OrderStatus) VALUES (219, '2016-06-27 18:02:41.550', 0)
INSERT dbo.Orders(Id, Date, OrderStatus) VALUES (220, '2015-01-01 00:00:01.100', 1)
INSERT dbo.Orders(Id, Date, OrderStatus) VALUES (221, '2015-10-04 13:45:13.570', 0)
INSERT dbo.Orders(Id, Date, OrderStatus) VALUES (222, '2016-02-08 04:03:03.220', 2)
INSERT dbo.Orders(Id, Date, OrderStatus) VALUES (223, '2016-02-17 13:06:11.810', 0)
INSERT dbo.Orders(Id, Date, OrderStatus) VALUES (224, '2016-09-18 17:58:15.130', 0)
INSERT dbo.Orders(Id, Date, OrderStatus) VALUES (225, '2015-08-06 16:42:35.720', 1)
INSERT dbo.Orders(Id, Date, OrderStatus) VALUES (226, '2016-04-16 17:16:46.170', 4)
INSERT dbo.Orders(Id, Date, OrderStatus) VALUES (227, '2015-01-01 00:00:49.160', 0)
INSERT dbo.Orders(Id, Date, OrderStatus) VALUES (228, '2016-06-26 12:00:35.180', 4)
INSERT dbo.Orders(Id, Date, OrderStatus) VALUES (229, '2015-04-07 20:07:20.040', 0)
INSERT dbo.Orders(Id, Date, OrderStatus) VALUES (230, '2016-07-04 22:49:48.700', 1)
INSERT dbo.Orders(Id, Date, OrderStatus) VALUES (231, '2015-01-01 00:00:10.590', 3)
INSERT dbo.Orders(Id, Date, OrderStatus) VALUES (232, '2015-08-11 01:26:16.070', 4)
INSERT dbo.Orders(Id, Date, OrderStatus) VALUES (233, '2015-01-01 00:00:01.490', 2)
INSERT dbo.Orders(Id, Date, OrderStatus) VALUES (234, '2015-01-01 00:00:54.030', 0)
INSERT dbo.Orders(Id, Date, OrderStatus) VALUES (235, '2015-01-01 00:00:01.490', 3)
INSERT dbo.Orders(Id, Date, OrderStatus) VALUES (236, '2015-01-01 00:00:01.400', 0)
INSERT dbo.Orders(Id, Date, OrderStatus) VALUES (237, '2015-04-12 23:34:24.250', 0)
INSERT dbo.Orders(Id, Date, OrderStatus) VALUES (238, '2016-01-17 07:38:05.620', 3)
INSERT dbo.Orders(Id, Date, OrderStatus) VALUES (239, '2016-01-11 18:24:30.530', 0)
INSERT dbo.Orders(Id, Date, OrderStatus) VALUES (240, '2015-05-07 12:27:46.910', 0)
INSERT dbo.Orders(Id, Date, OrderStatus) VALUES (241, '2016-03-08 23:36:32.180', 2)
INSERT dbo.Orders(Id, Date, OrderStatus) VALUES (242, '2015-06-05 18:20:19.410', 2)
INSERT dbo.Orders(Id, Date, OrderStatus) VALUES (243, '2015-03-10 04:10:04.150', 0)
INSERT dbo.Orders(Id, Date, OrderStatus) VALUES (244, '2015-04-20 07:01:29.480', 3)
INSERT dbo.Orders(Id, Date, OrderStatus) VALUES (245, '2015-02-01 13:47:14.470', 3)
INSERT dbo.Orders(Id, Date, OrderStatus) VALUES (246, '2015-05-02 15:42:35.060', 0)
INSERT dbo.Orders(Id, Date, OrderStatus) VALUES (247, '2015-01-01 00:00:01.330', 2)
INSERT dbo.Orders(Id, Date, OrderStatus) VALUES (248, '2015-04-05 02:05:32.530', 0)
INSERT dbo.Orders(Id, Date, OrderStatus) VALUES (249, '2015-04-24 10:07:56.350', 1)
INSERT dbo.Orders(Id, Date, OrderStatus) VALUES (250, '2015-01-01 08:26:39.080', 0)
INSERT dbo.Orders(Id, Date, OrderStatus) VALUES (251, '2015-01-01 00:00:01.370', 2)
INSERT dbo.Orders(Id, Date, OrderStatus) VALUES (252, '2015-01-01 00:00:01.520', 0)
INSERT dbo.Orders(Id, Date, OrderStatus) VALUES (253, '2016-07-21 14:31:46.090', 0)
INSERT dbo.Orders(Id, Date, OrderStatus) VALUES (254, '2016-01-18 09:18:59.830', 2)
INSERT dbo.Orders(Id, Date, OrderStatus) VALUES (255, '2016-01-31 06:10:57.010', 2)
INSERT dbo.Orders(Id, Date, OrderStatus) VALUES (256, '2016-03-15 02:25:49.160', 2)
INSERT dbo.Orders(Id, Date, OrderStatus) VALUES (257, '2015-08-22 21:26:11.950', 1)
INSERT dbo.Orders(Id, Date, OrderStatus) VALUES (258, '2015-09-09 21:12:08.900', 0)
INSERT dbo.Orders(Id, Date, OrderStatus) VALUES (259, '2016-02-28 16:27:46.400', 0)
INSERT dbo.Orders(Id, Date, OrderStatus) VALUES (260, '2015-01-01 00:00:01.230', 0)
INSERT dbo.Orders(Id, Date, OrderStatus) VALUES (261, '2015-03-11 08:15:32.260', 0)
INSERT dbo.Orders(Id, Date, OrderStatus) VALUES (262, '2015-04-28 03:43:40.000', 2)
INSERT dbo.Orders(Id, Date, OrderStatus) VALUES (263, '2015-03-16 07:58:27.950', 1)
INSERT dbo.Orders(Id, Date, OrderStatus) VALUES (264, '2015-12-29 11:02:01.880', 0)
INSERT dbo.Orders(Id, Date, OrderStatus) VALUES (265, '2015-01-01 05:28:41.220', 0)
INSERT dbo.Orders(Id, Date, OrderStatus) VALUES (266, '2015-01-01 00:00:01.910', 3)
INSERT dbo.Orders(Id, Date, OrderStatus) VALUES (267, '2015-01-01 00:00:01.740', 3)
INSERT dbo.Orders(Id, Date, OrderStatus) VALUES (268, '2015-05-26 21:42:52.190', 3)
INSERT dbo.Orders(Id, Date, OrderStatus) VALUES (269, '2015-01-01 10:04:30.520', 3)
INSERT dbo.Orders(Id, Date, OrderStatus) VALUES (270, '2015-01-01 00:00:01.700', 0)
INSERT dbo.Orders(Id, Date, OrderStatus) VALUES (271, '2016-10-12 21:25:14.560', 0)
INSERT dbo.Orders(Id, Date, OrderStatus) VALUES (272, '2015-01-01 06:53:36.390', 1)
INSERT dbo.Orders(Id, Date, OrderStatus) VALUES (273, '2015-01-01 00:00:02.100', 0)
INSERT dbo.Orders(Id, Date, OrderStatus) VALUES (274, '2015-01-01 00:00:01.460', 0)
INSERT dbo.Orders(Id, Date, OrderStatus) VALUES (275, '2015-04-10 22:45:58.090', 3)
INSERT dbo.Orders(Id, Date, OrderStatus) VALUES (276, '2015-03-30 07:05:46.670', 2)
INSERT dbo.Orders(Id, Date, OrderStatus) VALUES (277, '2015-10-02 10:32:13.940', 0)
INSERT dbo.Orders(Id, Date, OrderStatus) VALUES (278, '2015-10-17 11:04:28.170', 2)
INSERT dbo.Orders(Id, Date, OrderStatus) VALUES (279, '2015-01-01 00:00:01.720', 3)
INSERT dbo.Orders(Id, Date, OrderStatus) VALUES (280, '2015-01-01 00:00:01.230', 0)
INSERT dbo.Orders(Id, Date, OrderStatus) VALUES (281, '2016-04-06 21:28:07.850', 4)
INSERT dbo.Orders(Id, Date, OrderStatus) VALUES (282, '2016-01-18 10:24:52.460', 2)
INSERT dbo.Orders(Id, Date, OrderStatus) VALUES (283, '2015-01-01 12:12:47.730', 1)
INSERT dbo.Orders(Id, Date, OrderStatus) VALUES (284, '2015-07-19 22:45:00.150', 1)
INSERT dbo.Orders(Id, Date, OrderStatus) VALUES (285, '2015-01-01 00:00:01.890', 0)
INSERT dbo.Orders(Id, Date, OrderStatus) VALUES (286, '2015-01-01 00:00:04.080', 0)
INSERT dbo.Orders(Id, Date, OrderStatus) VALUES (287, '2015-03-27 02:59:39.670', 0)
INSERT dbo.Orders(Id, Date, OrderStatus) VALUES (288, '2015-01-01 00:00:01.470', 2)
INSERT dbo.Orders(Id, Date, OrderStatus) VALUES (289, '2016-06-06 19:27:42.150', 0)
INSERT dbo.Orders(Id, Date, OrderStatus) VALUES (290, '2016-04-13 11:55:29.430', 1)
INSERT dbo.Orders(Id, Date, OrderStatus) VALUES (291, '2015-03-12 14:38:30.900', 1)
INSERT dbo.Orders(Id, Date, OrderStatus) VALUES (292, '2015-01-01 00:00:09.650', 1)
INSERT dbo.Orders(Id, Date, OrderStatus) VALUES (293, '2015-01-01 03:11:15.360', 0)
INSERT dbo.Orders(Id, Date, OrderStatus) VALUES (294, '2015-03-21 09:48:59.990', 4)
INSERT dbo.Orders(Id, Date, OrderStatus) VALUES (295, '2015-03-09 06:21:06.710', 0)
INSERT dbo.Orders(Id, Date, OrderStatus) VALUES (296, '2015-01-01 00:00:01.480', 0)
INSERT dbo.Orders(Id, Date, OrderStatus) VALUES (297, '2016-02-10 14:21:23.290', 2)
INSERT dbo.Orders(Id, Date, OrderStatus) VALUES (298, '2015-01-01 00:00:01.090', 1)
INSERT dbo.Orders(Id, Date, OrderStatus) VALUES (299, '2015-09-12 20:20:09.420', 0)
INSERT dbo.Orders(Id, Date, OrderStatus) VALUES (300, '2015-10-31 12:09:29.650', 4)
INSERT dbo.Orders(Id, Date, OrderStatus) VALUES (301, '2015-09-25 19:12:15.980', 4)
INSERT dbo.Orders(Id, Date, OrderStatus) VALUES (302, '2016-01-24 18:05:02.060', 2)
INSERT dbo.Orders(Id, Date, OrderStatus) VALUES (303, '2015-05-12 17:54:53.590', 0)
INSERT dbo.Orders(Id, Date, OrderStatus) VALUES (304, '2015-05-16 06:46:02.220', 0)
INSERT dbo.Orders(Id, Date, OrderStatus) VALUES (305, '2015-01-01 00:00:52.940', 0)
INSERT dbo.Orders(Id, Date, OrderStatus) VALUES (306, '2016-02-11 01:17:16.610', 1)
INSERT dbo.Orders(Id, Date, OrderStatus) VALUES (307, '2016-08-22 02:30:48.670', 0)
INSERT dbo.Orders(Id, Date, OrderStatus) VALUES (308, '2015-01-01 00:00:01.620', 3)
INSERT dbo.Orders(Id, Date, OrderStatus) VALUES (309, '2015-01-27 16:54:26.520', 0)
INSERT dbo.Orders(Id, Date, OrderStatus) VALUES (310, '2015-01-01 00:00:01.170', 0)
INSERT dbo.Orders(Id, Date, OrderStatus) VALUES (311, '2015-01-01 00:00:01.970', 4)
INSERT dbo.Orders(Id, Date, OrderStatus) VALUES (312, '2015-01-01 10:16:54.690', 4)
INSERT dbo.Orders(Id, Date, OrderStatus) VALUES (313, '2015-01-21 08:23:09.920', 0)
INSERT dbo.Orders(Id, Date, OrderStatus) VALUES (314, '2015-01-01 00:00:01.280', 3)
INSERT dbo.Orders(Id, Date, OrderStatus) VALUES (315, '2015-10-18 01:24:42.530', 2)
INSERT dbo.Orders(Id, Date, OrderStatus) VALUES (316, '2016-02-14 10:23:57.440', 4)
INSERT dbo.Orders(Id, Date, OrderStatus) VALUES (317, '2015-01-02 12:56:07.830', 3)
INSERT dbo.Orders(Id, Date, OrderStatus) VALUES (318, '2015-01-01 12:48:49.250', 0)
INSERT dbo.Orders(Id, Date, OrderStatus) VALUES (319, '2015-06-14 16:05:30.640', 0)
INSERT dbo.Orders(Id, Date, OrderStatus) VALUES (320, '2015-12-24 16:34:59.230', 1)
INSERT dbo.Orders(Id, Date, OrderStatus) VALUES (321, '2015-03-09 08:20:41.270', 0)
INSERT dbo.Orders(Id, Date, OrderStatus) VALUES (322, '2015-01-01 00:00:01.890', 3)
INSERT dbo.Orders(Id, Date, OrderStatus) VALUES (323, '2015-11-14 10:49:11.240', 2)
INSERT dbo.Orders(Id, Date, OrderStatus) VALUES (324, '2016-02-06 11:47:54.990', 4)
INSERT dbo.Orders(Id, Date, OrderStatus) VALUES (325, '2015-01-30 21:34:26.540', 4)
INSERT dbo.Orders(Id, Date, OrderStatus) VALUES (326, '2015-01-12 18:03:14.630', 0)
INSERT dbo.Orders(Id, Date, OrderStatus) VALUES (327, '2015-01-02 06:29:03.150', 1)
INSERT dbo.Orders(Id, Date, OrderStatus) VALUES (328, '2015-01-01 00:00:01.660', 3)
INSERT dbo.Orders(Id, Date, OrderStatus) VALUES (329, '2015-01-01 00:00:01.220', 0)
INSERT dbo.Orders(Id, Date, OrderStatus) VALUES (330, '2015-10-17 20:51:50.430', 1)
INSERT dbo.Orders(Id, Date, OrderStatus) VALUES (331, '2016-02-29 20:18:58.400', 0)
INSERT dbo.Orders(Id, Date, OrderStatus) VALUES (332, '2015-12-23 19:07:25.980', 3)
INSERT dbo.Orders(Id, Date, OrderStatus) VALUES (333, '2015-01-01 00:00:16.640', 0)
INSERT dbo.Orders(Id, Date, OrderStatus) VALUES (334, '2015-01-01 00:00:01.830', 0)
INSERT dbo.Orders(Id, Date, OrderStatus) VALUES (335, '2015-03-10 05:22:14.320', 0)
INSERT dbo.Orders(Id, Date, OrderStatus) VALUES (336, '2016-02-10 14:33:33.760', 0)
INSERT dbo.Orders(Id, Date, OrderStatus) VALUES (337, '2015-01-01 00:00:01.050', 1)
INSERT dbo.Orders(Id, Date, OrderStatus) VALUES (338, '2015-03-17 03:40:54.360', 1)
INSERT dbo.Orders(Id, Date, OrderStatus) VALUES (339, '2015-06-06 22:48:27.550', 0)
INSERT dbo.Orders(Id, Date, OrderStatus) VALUES (340, '2015-01-01 00:01:17.280', 0)
INSERT dbo.Orders(Id, Date, OrderStatus) VALUES (341, '2015-01-02 21:57:53.180', 1)
INSERT dbo.Orders(Id, Date, OrderStatus) VALUES (342, '2015-01-01 00:00:07.550', 0)
INSERT dbo.Orders(Id, Date, OrderStatus) VALUES (343, '2015-01-01 00:00:01.000', 2)
INSERT dbo.Orders(Id, Date, OrderStatus) VALUES (344, '2015-07-19 08:27:20.310', 0)
INSERT dbo.Orders(Id, Date, OrderStatus) VALUES (345, '2015-01-01 00:01:24.910', 0)
INSERT dbo.Orders(Id, Date, OrderStatus) VALUES (346, '2015-01-01 00:01:22.270', 3)
INSERT dbo.Orders(Id, Date, OrderStatus) VALUES (347, '2015-01-01 00:00:01.460', 3)
INSERT dbo.Orders(Id, Date, OrderStatus) VALUES (348, '2015-12-18 11:01:13.610', 3)
INSERT dbo.Orders(Id, Date, OrderStatus) VALUES (349, '2015-01-01 00:01:40.310', 4)
INSERT dbo.Orders(Id, Date, OrderStatus) VALUES (350, '2015-06-20 20:53:54.230', 4)
INSERT dbo.Orders(Id, Date, OrderStatus) VALUES (351, '2015-01-12 05:37:55.130', 3)
INSERT dbo.Orders(Id, Date, OrderStatus) VALUES (352, '2015-01-01 00:00:01.260', 4)
INSERT dbo.Orders(Id, Date, OrderStatus) VALUES (353, '2015-01-01 00:00:01.930', 0)
INSERT dbo.Orders(Id, Date, OrderStatus) VALUES (354, '2016-10-12 21:06:38.050', 1)
INSERT dbo.Orders(Id, Date, OrderStatus) VALUES (355, '2015-01-01 00:00:01.410', 2)
INSERT dbo.Orders(Id, Date, OrderStatus) VALUES (356, '2015-01-01 20:39:51.310', 2)
INSERT dbo.Orders(Id, Date, OrderStatus) VALUES (357, '2015-05-02 20:19:17.670', 0)
INSERT dbo.Orders(Id, Date, OrderStatus) VALUES (358, '2016-02-11 00:44:13.030', 3)
INSERT dbo.Orders(Id, Date, OrderStatus) VALUES (359, '2015-04-03 20:07:26.780', 3)
INSERT dbo.Orders(Id, Date, OrderStatus) VALUES (360, '2015-01-01 16:18:24.160', 2)
INSERT dbo.Orders(Id, Date, OrderStatus) VALUES (361, '2015-01-01 01:01:01.620', 0)
INSERT dbo.Orders(Id, Date, OrderStatus) VALUES (362, '2016-02-17 21:22:10.010', 0)
INSERT dbo.Orders(Id, Date, OrderStatus) VALUES (363, '2016-07-24 15:49:52.770', 2)
INSERT dbo.Orders(Id, Date, OrderStatus) VALUES (364, '2015-10-08 02:42:13.100', 4)
INSERT dbo.Orders(Id, Date, OrderStatus) VALUES (365, '2015-01-28 02:17:11.580', 1)
INSERT dbo.Orders(Id, Date, OrderStatus) VALUES (366, '2015-09-08 08:14:24.840', 0)
INSERT dbo.Orders(Id, Date, OrderStatus) VALUES (367, '2015-01-01 00:00:01.650', 1)
INSERT dbo.Orders(Id, Date, OrderStatus) VALUES (368, '2015-06-26 09:05:38.590', 2)
INSERT dbo.Orders(Id, Date, OrderStatus) VALUES (369, '2015-01-02 04:11:36.810', 1)
INSERT dbo.Orders(Id, Date, OrderStatus) VALUES (370, '2015-01-01 00:00:01.420', 0)
INSERT dbo.Orders(Id, Date, OrderStatus) VALUES (371, '2015-01-27 10:51:27.910', 0)
INSERT dbo.Orders(Id, Date, OrderStatus) VALUES (372, '2015-01-01 00:00:01.840', 1)
INSERT dbo.Orders(Id, Date, OrderStatus) VALUES (373, '2015-01-01 07:36:13.980', 3)
INSERT dbo.Orders(Id, Date, OrderStatus) VALUES (374, '2015-02-10 22:31:56.690', 4)
INSERT dbo.Orders(Id, Date, OrderStatus) VALUES (375, '2015-01-01 00:00:01.040', 0)
INSERT dbo.Orders(Id, Date, OrderStatus) VALUES (376, '2015-01-01 05:26:13.120', 0)
INSERT dbo.Orders(Id, Date, OrderStatus) VALUES (377, '2015-12-30 11:51:19.460', 0)
INSERT dbo.Orders(Id, Date, OrderStatus) VALUES (378, '2015-11-04 06:39:48.730', 2)
INSERT dbo.Orders(Id, Date, OrderStatus) VALUES (379, '2015-01-01 00:00:01.070', 1)
INSERT dbo.Orders(Id, Date, OrderStatus) VALUES (380, '2015-01-01 03:59:00.680', 4)
INSERT dbo.Orders(Id, Date, OrderStatus) VALUES (381, '2015-12-12 03:13:04.670', 0)
INSERT dbo.Orders(Id, Date, OrderStatus) VALUES (382, '2015-01-01 22:10:04.660', 0)
INSERT dbo.Orders(Id, Date, OrderStatus) VALUES (383, '2015-01-11 09:12:37.930', 0)
INSERT dbo.Orders(Id, Date, OrderStatus) VALUES (384, '2015-01-01 00:00:01.330', 2)
INSERT dbo.Orders(Id, Date, OrderStatus) VALUES (385, '2015-01-01 00:00:01.430', 0)
INSERT dbo.Orders(Id, Date, OrderStatus) VALUES (386, '2015-01-01 14:53:18.290', 2)
INSERT dbo.Orders(Id, Date, OrderStatus) VALUES (387, '2015-09-21 04:59:07.120', 4)
INSERT dbo.Orders(Id, Date, OrderStatus) VALUES (388, '2015-03-18 03:23:36.100', 3)
INSERT dbo.Orders(Id, Date, OrderStatus) VALUES (389, '2016-03-25 10:48:55.060', 1)
INSERT dbo.Orders(Id, Date, OrderStatus) VALUES (390, '2015-01-01 00:00:01.720', 0)
INSERT dbo.Orders(Id, Date, OrderStatus) VALUES (391, '2015-04-05 14:54:33.390', 3)
INSERT dbo.Orders(Id, Date, OrderStatus) VALUES (392, '2015-01-01 00:00:01.140', 0)
INSERT dbo.Orders(Id, Date, OrderStatus) VALUES (393, '2016-01-07 12:26:20.410', 0)
INSERT dbo.Orders(Id, Date, OrderStatus) VALUES (394, '2015-01-01 00:00:01.430', 1)
INSERT dbo.Orders(Id, Date, OrderStatus) VALUES (395, '2015-01-01 00:00:01.910', 0)
INSERT dbo.Orders(Id, Date, OrderStatus) VALUES (396, '2015-01-01 00:00:01.450', 0)
INSERT dbo.Orders(Id, Date, OrderStatus) VALUES (397, '2015-01-01 00:00:14.010', 3)
INSERT dbo.Orders(Id, Date, OrderStatus) VALUES (398, '2015-01-01 02:31:48.680', 0)
INSERT dbo.Orders(Id, Date, OrderStatus) VALUES (399, '2015-01-01 00:01:34.340', 2)
INSERT dbo.Orders(Id, Date, OrderStatus) VALUES (400, '2015-01-01 00:00:01.140', 3)
INSERT dbo.Orders(Id, Date, OrderStatus) VALUES (401, '2015-07-16 14:56:12.830', 3)
INSERT dbo.Orders(Id, Date, OrderStatus) VALUES (402, '2015-04-01 22:34:52.820', 4)
INSERT dbo.Orders(Id, Date, OrderStatus) VALUES (403, '2016-03-09 01:21:30.520', 1)
INSERT dbo.Orders(Id, Date, OrderStatus) VALUES (404, '2015-01-01 00:00:21.380', 0)
INSERT dbo.Orders(Id, Date, OrderStatus) VALUES (405, '2015-02-15 13:57:45.990', 3)
INSERT dbo.Orders(Id, Date, OrderStatus) VALUES (406, '2015-01-01 13:11:25.730', 0)
INSERT dbo.Orders(Id, Date, OrderStatus) VALUES (407, '2015-01-03 05:09:51.100', 0)
INSERT dbo.Orders(Id, Date, OrderStatus) VALUES (408, '2015-02-07 02:09:25.910', 0)
INSERT dbo.Orders(Id, Date, OrderStatus) VALUES (409, '2015-01-01 00:01:20.880', 0)
INSERT dbo.Orders(Id, Date, OrderStatus) VALUES (410, '2015-01-01 07:35:18.120', 1)
INSERT dbo.Orders(Id, Date, OrderStatus) VALUES (411, '2015-01-01 08:55:03.580', 4)
INSERT dbo.Orders(Id, Date, OrderStatus) VALUES (412, '2015-10-01 14:17:06.030', 3)
INSERT dbo.Orders(Id, Date, OrderStatus) VALUES (413, '2015-01-11 20:15:19.490', 4)
INSERT dbo.Orders(Id, Date, OrderStatus) VALUES (414, '2016-09-10 07:27:32.590', 4)
INSERT dbo.Orders(Id, Date, OrderStatus) VALUES (415, '2015-01-01 00:00:01.200', 4)
INSERT dbo.Orders(Id, Date, OrderStatus) VALUES (416, '2015-01-22 01:26:09.380', 2)
INSERT dbo.Orders(Id, Date, OrderStatus) VALUES (417, '2015-04-21 06:01:10.140', 0)
INSERT dbo.Orders(Id, Date, OrderStatus) VALUES (418, '2015-08-06 16:07:22.990', 0)
INSERT dbo.Orders(Id, Date, OrderStatus) VALUES (419, '2016-02-05 05:59:34.270', 2)
INSERT dbo.Orders(Id, Date, OrderStatus) VALUES (420, '2015-01-01 00:00:08.160', 0)
INSERT dbo.Orders(Id, Date, OrderStatus) VALUES (421, '2015-03-22 03:35:08.440', 1)
INSERT dbo.Orders(Id, Date, OrderStatus) VALUES (422, '2016-03-02 00:46:55.650', 1)
INSERT dbo.Orders(Id, Date, OrderStatus) VALUES (423, '2015-03-08 21:22:48.400', 1)
INSERT dbo.Orders(Id, Date, OrderStatus) VALUES (424, '2015-01-01 00:00:05.600', 3)
INSERT dbo.Orders(Id, Date, OrderStatus) VALUES (425, '2015-01-01 17:29:47.750', 0)
INSERT dbo.Orders(Id, Date, OrderStatus) VALUES (426, '2015-09-21 03:03:31.400', 3)
INSERT dbo.Orders(Id, Date, OrderStatus) VALUES (427, '2015-01-02 07:42:46.920', 0)
INSERT dbo.Orders(Id, Date, OrderStatus) VALUES (428, '2016-03-25 04:35:05.720', 2)
INSERT dbo.Orders(Id, Date, OrderStatus) VALUES (429, '2015-06-28 11:12:59.840', 0)
INSERT dbo.Orders(Id, Date, OrderStatus) VALUES (430, '2015-04-04 19:00:55.080', 0)
INSERT dbo.Orders(Id, Date, OrderStatus) VALUES (431, '2015-11-10 13:14:49.710', 2)
INSERT dbo.Orders(Id, Date, OrderStatus) VALUES (432, '2015-12-10 07:03:34.180', 0)
INSERT dbo.Orders(Id, Date, OrderStatus) VALUES (433, '2015-04-22 13:27:25.030', 1)
INSERT dbo.Orders(Id, Date, OrderStatus) VALUES (434, '2015-01-01 00:00:01.720', 1)
INSERT dbo.Orders(Id, Date, OrderStatus) VALUES (435, '2015-01-01 00:00:01.760', 0)
INSERT dbo.Orders(Id, Date, OrderStatus) VALUES (436, '2015-12-18 04:06:36.700', 0)
INSERT dbo.Orders(Id, Date, OrderStatus) VALUES (437, '2015-01-01 00:00:01.840', 4)
INSERT dbo.Orders(Id, Date, OrderStatus) VALUES (438, '2015-01-01 00:00:01.930', 0)
INSERT dbo.Orders(Id, Date, OrderStatus) VALUES (439, '2015-09-19 23:15:55.660', 2)
INSERT dbo.Orders(Id, Date, OrderStatus) VALUES (440, '2016-02-09 15:41:29.370', 3)
INSERT dbo.Orders(Id, Date, OrderStatus) VALUES (441, '2015-01-01 00:00:01.910', 1)
INSERT dbo.Orders(Id, Date, OrderStatus) VALUES (442, '2015-08-26 21:27:29.660', 0)
INSERT dbo.Orders(Id, Date, OrderStatus) VALUES (443, '2015-08-02 17:13:11.890', 4)
INSERT dbo.Orders(Id, Date, OrderStatus) VALUES (444, '2016-05-09 04:22:07.370', 0)
INSERT dbo.Orders(Id, Date, OrderStatus) VALUES (445, '2015-01-01 00:00:01.960', 3)
INSERT dbo.Orders(Id, Date, OrderStatus) VALUES (446, '2015-01-01 00:00:05.370', 2)
INSERT dbo.Orders(Id, Date, OrderStatus) VALUES (447, '2016-03-08 17:38:45.390', 0)
INSERT dbo.Orders(Id, Date, OrderStatus) VALUES (448, '2015-01-02 21:22:10.950', 0)
INSERT dbo.Orders(Id, Date, OrderStatus) VALUES (449, '2015-01-01 00:00:01.110', 2)
INSERT dbo.Orders(Id, Date, OrderStatus) VALUES (450, '2015-03-26 00:50:41.340', 0)
INSERT dbo.Orders(Id, Date, OrderStatus) VALUES (451, '2016-06-18 06:43:24.140', 2)
INSERT dbo.Orders(Id, Date, OrderStatus) VALUES (452, '2015-07-14 19:19:57.090', 0)
INSERT dbo.Orders(Id, Date, OrderStatus) VALUES (453, '2016-02-05 18:41:00.710', 0)
INSERT dbo.Orders(Id, Date, OrderStatus) VALUES (454, '2016-05-06 08:07:23.070', 1)
INSERT dbo.Orders(Id, Date, OrderStatus) VALUES (455, '2015-01-02 16:07:05.950', 2)
INSERT dbo.Orders(Id, Date, OrderStatus) VALUES (456, '2015-05-06 10:55:06.040', 2)
INSERT dbo.Orders(Id, Date, OrderStatus) VALUES (457, '2015-01-01 00:01:00.980', 1)
INSERT dbo.Orders(Id, Date, OrderStatus) VALUES (458, '2015-01-01 00:00:01.010', 0)
INSERT dbo.Orders(Id, Date, OrderStatus) VALUES (459, '2016-04-27 08:52:46.230', 1)
INSERT dbo.Orders(Id, Date, OrderStatus) VALUES (460, '2015-01-01 04:24:25.650', 1)
INSERT dbo.Orders(Id, Date, OrderStatus) VALUES (461, '2015-09-21 16:00:43.060', 2)
INSERT dbo.Orders(Id, Date, OrderStatus) VALUES (462, '2015-01-01 00:00:01.760', 0)
INSERT dbo.Orders(Id, Date, OrderStatus) VALUES (463, '2015-08-04 10:49:55.810', 2)
INSERT dbo.Orders(Id, Date, OrderStatus) VALUES (464, '2015-06-05 07:12:36.970', 0)
INSERT dbo.Orders(Id, Date, OrderStatus) VALUES (465, '2015-05-24 11:46:22.860', 0)
INSERT dbo.Orders(Id, Date, OrderStatus) VALUES (466, '2015-03-21 11:58:19.550', 0)
INSERT dbo.Orders(Id, Date, OrderStatus) VALUES (467, '2016-01-01 13:18:00.070', 4)
INSERT dbo.Orders(Id, Date, OrderStatus) VALUES (468, '2015-12-06 14:36:46.290', 1)
INSERT dbo.Orders(Id, Date, OrderStatus) VALUES (469, '2015-01-11 18:17:49.330', 4)
INSERT dbo.Orders(Id, Date, OrderStatus) VALUES (470, '2015-01-03 05:06:16.650', 0)
INSERT dbo.Orders(Id, Date, OrderStatus) VALUES (471, '2015-01-07 04:14:24.770', 0)
INSERT dbo.Orders(Id, Date, OrderStatus) VALUES (472, '2015-01-01 09:52:30.300', 4)
INSERT dbo.Orders(Id, Date, OrderStatus) VALUES (473, '2015-04-17 05:21:14.850', 0)
INSERT dbo.Orders(Id, Date, OrderStatus) VALUES (474, '2015-01-01 00:00:03.770', 1)
INSERT dbo.Orders(Id, Date, OrderStatus) VALUES (475, '2016-04-15 02:59:47.260', 0)
INSERT dbo.Orders(Id, Date, OrderStatus) VALUES (476, '2015-01-01 00:00:01.600', 3)
INSERT dbo.Orders(Id, Date, OrderStatus) VALUES (477, '2015-01-07 20:59:48.940', 0)
INSERT dbo.Orders(Id, Date, OrderStatus) VALUES (478, '2015-07-10 05:04:35.040', 1)
INSERT dbo.Orders(Id, Date, OrderStatus) VALUES (479, '2015-07-09 08:41:49.250', 2)
INSERT dbo.Orders(Id, Date, OrderStatus) VALUES (480, '2015-01-01 00:00:01.480', 0)
INSERT dbo.Orders(Id, Date, OrderStatus) VALUES (481, '2015-01-01 00:00:39.390', 0)
INSERT dbo.Orders(Id, Date, OrderStatus) VALUES (482, '2016-02-06 07:54:09.200', 2)
INSERT dbo.Orders(Id, Date, OrderStatus) VALUES (483, '2015-06-20 00:31:03.270', 0)
INSERT dbo.Orders(Id, Date, OrderStatus) VALUES (484, '2015-01-01 00:00:06.350', 2)
INSERT dbo.Orders(Id, Date, OrderStatus) VALUES (485, '2015-01-01 00:00:07.600', 2)
INSERT dbo.Orders(Id, Date, OrderStatus) VALUES (486, '2016-04-10 19:09:02.710', 1)
INSERT dbo.Orders(Id, Date, OrderStatus) VALUES (487, '2015-01-03 02:03:42.210', 3)
INSERT dbo.Orders(Id, Date, OrderStatus) VALUES (488, '2015-01-02 01:33:53.880', 0)
INSERT dbo.Orders(Id, Date, OrderStatus) VALUES (489, '2016-02-13 11:56:47.280', 0)
INSERT dbo.Orders(Id, Date, OrderStatus) VALUES (490, '2015-12-21 13:09:10.420', 2)
INSERT dbo.Orders(Id, Date, OrderStatus) VALUES (491, '2015-01-01 00:00:01.700', 4)
INSERT dbo.Orders(Id, Date, OrderStatus) VALUES (492, '2015-01-01 00:00:01.530', 2)
INSERT dbo.Orders(Id, Date, OrderStatus) VALUES (493, '2015-10-25 09:32:58.670', 1)
INSERT dbo.Orders(Id, Date, OrderStatus) VALUES (494, '2015-08-25 12:08:18.570', 1)
INSERT dbo.Orders(Id, Date, OrderStatus) VALUES (495, '2015-01-01 00:00:01.310', 4)
INSERT dbo.Orders(Id, Date, OrderStatus) VALUES (496, '2016-06-16 10:28:11.440', 0)
INSERT dbo.Orders(Id, Date, OrderStatus) VALUES (497, '2015-01-01 00:00:02.180', 2)
INSERT dbo.Orders(Id, Date, OrderStatus) VALUES (498, '2015-04-27 15:13:49.210', 0)
INSERT dbo.Orders(Id, Date, OrderStatus) VALUES (499, '2016-02-21 18:14:05.420', 2)
INSERT dbo.Orders(Id, Date, OrderStatus) VALUES (500, '2016-04-08 23:06:30.270', 0)
INSERT dbo.Orders(Id, Date, OrderStatus) VALUES (501, '2015-10-03 16:27:43.250', 1)
INSERT dbo.Orders(Id, Date, OrderStatus) VALUES (502, '2015-01-01 00:00:01.150', 0)
INSERT dbo.Orders(Id, Date, OrderStatus) VALUES (503, '2016-01-11 13:47:48.640', 2)
INSERT dbo.Orders(Id, Date, OrderStatus) VALUES (504, '2015-03-11 18:31:10.380', 1)
INSERT dbo.Orders(Id, Date, OrderStatus) VALUES (505, '2015-06-07 17:08:36.950', 0)
INSERT dbo.Orders(Id, Date, OrderStatus) VALUES (506, '2015-12-09 04:21:50.520', 4)
INSERT dbo.Orders(Id, Date, OrderStatus) VALUES (507, '2015-01-02 00:12:45.290', 0)
INSERT dbo.Orders(Id, Date, OrderStatus) VALUES (508, '2015-09-23 06:49:31.240', 4)
INSERT dbo.Orders(Id, Date, OrderStatus) VALUES (509, '2015-03-23 01:01:49.060', 1)
INSERT dbo.Orders(Id, Date, OrderStatus) VALUES (510, '2015-01-01 00:00:01.050', 2)
INSERT dbo.Orders(Id, Date, OrderStatus) VALUES (511, '2015-08-05 19:15:54.280', 0)
INSERT dbo.Orders(Id, Date, OrderStatus) VALUES (512, '2015-01-01 00:00:01.530', 3)
INSERT dbo.Orders(Id, Date, OrderStatus) VALUES (513, '2015-02-01 15:45:31.210', 2)
INSERT dbo.Orders(Id, Date, OrderStatus) VALUES (514, '2016-03-19 12:29:52.620', 0)
INSERT dbo.Orders(Id, Date, OrderStatus) VALUES (515, '2015-09-18 21:40:39.500', 2)
INSERT dbo.Orders(Id, Date, OrderStatus) VALUES (516, '2015-01-01 00:00:01.380', 1)
INSERT dbo.Orders(Id, Date, OrderStatus) VALUES (517, '2016-03-26 13:59:23.700', 0)
INSERT dbo.Orders(Id, Date, OrderStatus) VALUES (518, '2015-01-01 00:00:01.970', 4)
INSERT dbo.Orders(Id, Date, OrderStatus) VALUES (519, '2015-01-01 00:00:01.620', 0)
INSERT dbo.Orders(Id, Date, OrderStatus) VALUES (520, '2015-08-24 21:27:56.460', 0)
INSERT dbo.Orders(Id, Date, OrderStatus) VALUES (521, '2015-08-13 05:30:58.040', 0)
INSERT dbo.Orders(Id, Date, OrderStatus) VALUES (522, '2015-03-09 05:00:17.680', 0)
INSERT dbo.Orders(Id, Date, OrderStatus) VALUES (523, '2015-01-01 00:00:09.300', 2)
INSERT dbo.Orders(Id, Date, OrderStatus) VALUES (524, '2015-01-01 00:00:01.220', 1)
INSERT dbo.Orders(Id, Date, OrderStatus) VALUES (525, '2016-03-07 14:50:58.160', 3)
INSERT dbo.Orders(Id, Date, OrderStatus) VALUES (526, '2015-01-01 00:00:01.740', 1)
INSERT dbo.Orders(Id, Date, OrderStatus) VALUES (527, '2015-09-07 05:30:36.950', 0)
INSERT dbo.Orders(Id, Date, OrderStatus) VALUES (528, '2015-01-21 15:29:25.590', 0)
INSERT dbo.Orders(Id, Date, OrderStatus) VALUES (529, '2015-07-27 15:47:15.160', 3)
INSERT dbo.Orders(Id, Date, OrderStatus) VALUES (530, '2016-01-02 12:29:20.460', 2)
INSERT dbo.Orders(Id, Date, OrderStatus) VALUES (531, '2015-01-01 00:00:01.240', 1)
INSERT dbo.Orders(Id, Date, OrderStatus) VALUES (532, '2015-01-01 00:00:01.520', 1)
INSERT dbo.Orders(Id, Date, OrderStatus) VALUES (533, '2015-01-01 00:00:01.140', 0)
INSERT dbo.Orders(Id, Date, OrderStatus) VALUES (534, '2015-01-12 11:56:16.750', 3)
INSERT dbo.Orders(Id, Date, OrderStatus) VALUES (535, '2015-02-05 21:52:12.710', 0)
INSERT dbo.Orders(Id, Date, OrderStatus) VALUES (536, '2016-02-29 05:30:29.680', 4)
INSERT dbo.Orders(Id, Date, OrderStatus) VALUES (537, '2016-03-26 16:09:12.940', 3)
INSERT dbo.Orders(Id, Date, OrderStatus) VALUES (538, '2016-04-11 07:25:24.270', 0)
INSERT dbo.Orders(Id, Date, OrderStatus) VALUES (539, '2015-01-01 00:00:01.460', 1)
INSERT dbo.Orders(Id, Date, OrderStatus) VALUES (540, '2015-01-01 00:00:01.540', 2)
INSERT dbo.Orders(Id, Date, OrderStatus) VALUES (541, '2015-01-01 00:00:01.600', 1)
INSERT dbo.Orders(Id, Date, OrderStatus) VALUES (542, '2015-01-01 00:00:01.420', 0)
INSERT dbo.Orders(Id, Date, OrderStatus) VALUES (543, '2015-12-05 06:34:52.010', 3)
INSERT dbo.Orders(Id, Date, OrderStatus) VALUES (544, '2016-05-22 19:10:45.620', 1)
INSERT dbo.Orders(Id, Date, OrderStatus) VALUES (545, '2015-01-01 00:00:01.430', 0)
INSERT dbo.Orders(Id, Date, OrderStatus) VALUES (546, '2015-09-04 19:39:15.550', 1)
INSERT dbo.Orders(Id, Date, OrderStatus) VALUES (547, '2015-01-01 00:00:01.480', 4)
INSERT dbo.Orders(Id, Date, OrderStatus) VALUES (548, '2015-01-01 15:04:14.990', 1)
INSERT dbo.Orders(Id, Date, OrderStatus) VALUES (549, '2016-02-27 03:32:31.560', 3)
INSERT dbo.Orders(Id, Date, OrderStatus) VALUES (550, '2015-01-01 00:00:01.900', 3)
INSERT dbo.Orders(Id, Date, OrderStatus) VALUES (551, '2015-01-01 00:00:01.280', 1)
INSERT dbo.Orders(Id, Date, OrderStatus) VALUES (552, '2015-01-01 00:00:01.260', 1)
INSERT dbo.Orders(Id, Date, OrderStatus) VALUES (553, '2015-04-14 19:23:50.620', 2)
INSERT dbo.Orders(Id, Date, OrderStatus) VALUES (554, '2015-03-31 17:11:14.310', 3)
INSERT dbo.Orders(Id, Date, OrderStatus) VALUES (555, '2016-05-28 13:54:11.240', 0)
INSERT dbo.Orders(Id, Date, OrderStatus) VALUES (556, '2015-01-01 11:59:25.980', 3)
INSERT dbo.Orders(Id, Date, OrderStatus) VALUES (557, '2016-05-12 17:19:20.660', 3)
INSERT dbo.Orders(Id, Date, OrderStatus) VALUES (558, '2015-01-01 00:00:01.550', 0)
INSERT dbo.Orders(Id, Date, OrderStatus) VALUES (559, '2015-01-01 00:00:45.490', 2)
INSERT dbo.Orders(Id, Date, OrderStatus) VALUES (560, '2015-01-01 00:00:01.250', 0)
INSERT dbo.Orders(Id, Date, OrderStatus) VALUES (561, '2016-02-04 18:35:58.510', 3)
INSERT dbo.Orders(Id, Date, OrderStatus) VALUES (562, '2015-01-01 18:54:27.260', 0)
INSERT dbo.Orders(Id, Date, OrderStatus) VALUES (563, '2015-01-01 23:17:16.020', 0)
INSERT dbo.Orders(Id, Date, OrderStatus) VALUES (564, '2015-01-02 16:25:20.140', 4)
INSERT dbo.Orders(Id, Date, OrderStatus) VALUES (565, '2015-12-26 21:26:38.460', 0)
INSERT dbo.Orders(Id, Date, OrderStatus) VALUES (566, '2016-03-01 17:09:07.160', 2)
INSERT dbo.Orders(Id, Date, OrderStatus) VALUES (567, '2016-02-20 07:49:32.270', 3)
INSERT dbo.Orders(Id, Date, OrderStatus) VALUES (568, '2015-01-07 08:16:41.600', 0)
INSERT dbo.Orders(Id, Date, OrderStatus) VALUES (569, '2016-03-17 09:23:42.780', 2)
INSERT dbo.Orders(Id, Date, OrderStatus) VALUES (570, '2015-01-01 00:00:02.670', 2)
INSERT dbo.Orders(Id, Date, OrderStatus) VALUES (571, '2015-03-13 02:33:28.740', 0)
INSERT dbo.Orders(Id, Date, OrderStatus) VALUES (572, '2015-01-01 00:00:01.680', 3)
INSERT dbo.Orders(Id, Date, OrderStatus) VALUES (573, '2016-03-26 10:51:18.400', 0)
INSERT dbo.Orders(Id, Date, OrderStatus) VALUES (574, '2015-01-01 03:34:21.770', 1)
INSERT dbo.Orders(Id, Date, OrderStatus) VALUES (575, '2016-03-23 14:55:01.180', 0)
INSERT dbo.Orders(Id, Date, OrderStatus) VALUES (576, '2015-01-01 00:00:17.580', 0)
INSERT dbo.Orders(Id, Date, OrderStatus) VALUES (577, '2015-02-01 22:49:53.710', 3)
INSERT dbo.Orders(Id, Date, OrderStatus) VALUES (578, '2016-02-15 05:06:28.960', 3)
INSERT dbo.Orders(Id, Date, OrderStatus) VALUES (579, '2015-01-01 06:50:59.590', 2)
INSERT dbo.Orders(Id, Date, OrderStatus) VALUES (580, '2015-11-02 09:10:41.160', 1)
INSERT dbo.Orders(Id, Date, OrderStatus) VALUES (581, '2016-03-03 07:52:39.460', 0)
INSERT dbo.Orders(Id, Date, OrderStatus) VALUES (582, '2015-01-01 00:00:01.020', 2)
INSERT dbo.Orders(Id, Date, OrderStatus) VALUES (583, '2015-10-27 01:35:30.930', 1)
INSERT dbo.Orders(Id, Date, OrderStatus) VALUES (584, '2016-01-26 21:46:26.160', 0)
INSERT dbo.Orders(Id, Date, OrderStatus) VALUES (585, '2015-01-01 00:01:38.980', 3)
INSERT dbo.Orders(Id, Date, OrderStatus) VALUES (586, '2016-04-18 08:49:27.030', 3)
INSERT dbo.Orders(Id, Date, OrderStatus) VALUES (587, '2016-08-26 22:15:26.990', 0)
INSERT dbo.Orders(Id, Date, OrderStatus) VALUES (588, '2015-01-02 15:20:42.810', 0)
INSERT dbo.Orders(Id, Date, OrderStatus) VALUES (589, '2015-03-21 15:44:03.760', 3)
INSERT dbo.Orders(Id, Date, OrderStatus) VALUES (590, '2015-12-26 17:01:16.140', 4)
INSERT dbo.Orders(Id, Date, OrderStatus) VALUES (591, '2016-09-26 03:42:42.480', 2)
INSERT dbo.Orders(Id, Date, OrderStatus) VALUES (592, '2015-01-01 00:00:01.910', 2)
INSERT dbo.Orders(Id, Date, OrderStatus) VALUES (593, '2015-07-21 18:22:35.450', 0)
INSERT dbo.Orders(Id, Date, OrderStatus) VALUES (594, '2015-01-01 17:17:19.830', 0)
INSERT dbo.Orders(Id, Date, OrderStatus) VALUES (595, '2015-01-01 00:00:19.720', 1)
INSERT dbo.Orders(Id, Date, OrderStatus) VALUES (596, '2015-11-04 22:26:38.490', 4)
INSERT dbo.Orders(Id, Date, OrderStatus) VALUES (597, '2015-08-12 02:40:48.940', 1)
INSERT dbo.Orders(Id, Date, OrderStatus) VALUES (598, '2015-01-07 02:56:38.570', 2)
INSERT dbo.Orders(Id, Date, OrderStatus) VALUES (599, '2015-01-01 13:47:35.630', 1)
INSERT dbo.Orders(Id, Date, OrderStatus) VALUES (600, '2016-02-16 05:24:11.900', 0)
GO
SET IDENTITY_INSERT dbo.Orders OFF
GO

IF @@ERROR<>0 OR @@TRANCOUNT=0 BEGIN IF @@TRANCOUNT>0 ROLLBACK SET NOEXEC ON END

--
-- Inserting data into table dbo.Platforms
--
SET IDENTITY_INSERT dbo.Platforms ON
GO

IF @@ERROR<>0 OR @@TRANCOUNT=0 BEGIN IF @@TRANCOUNT>0 ROLLBACK SET NOEXEC ON END
INSERT dbo.Platforms(Id, PlatformType, NumberOfDoors) VALUES (1, 200, 5)
INSERT dbo.Platforms(Id, PlatformType, NumberOfDoors) VALUES (2, 200, 2)
INSERT dbo.Platforms(Id, PlatformType, NumberOfDoors) VALUES (3, 400, 6)
INSERT dbo.Platforms(Id, PlatformType, NumberOfDoors) VALUES (4, 100, 2)
GO
SET IDENTITY_INSERT dbo.Platforms OFF
GO

IF @@ERROR<>0 OR @@TRANCOUNT=0 BEGIN IF @@TRANCOUNT>0 ROLLBACK SET NOEXEC ON END

--
-- Inserting data into table dbo.Towns
--
SET IDENTITY_INSERT dbo.Towns ON
GO

IF @@ERROR<>0 OR @@TRANCOUNT=0 BEGIN IF @@TRANCOUNT>0 ROLLBACK SET NOEXEC ON END
INSERT dbo.Towns(Id, Name) VALUES (1, N'Geelong')
INSERT dbo.Towns(Id, Name) VALUES (2, N'Ballina')
INSERT dbo.Towns(Id, Name) VALUES (3, N'Coffs Harb')
INSERT dbo.Towns(Id, Name) VALUES (4, N'Geraldton')
INSERT dbo.Towns(Id, Name) VALUES (5, N'Burnie')
INSERT dbo.Towns(Id, Name) VALUES (6, N'Barwon Dow')
INSERT dbo.Towns(Id, Name) VALUES (7, N'Traralgon')
INSERT dbo.Towns(Id, Name) VALUES (8, N'Redcliffe')
INSERT dbo.Towns(Id, Name) VALUES (9, N'Orange')
INSERT dbo.Towns(Id, Name) VALUES (10, N'Sale')
INSERT dbo.Towns(Id, Name) VALUES (11, N'Ulverstone')
INSERT dbo.Towns(Id, Name) VALUES (12, N'Mildura')
INSERT dbo.Towns(Id, Name) VALUES (13, N'Richmond')
INSERT dbo.Towns(Id, Name) VALUES (14, N'Busselton')
INSERT dbo.Towns(Id, Name) VALUES (15, N'Colac')
INSERT dbo.Towns(Id, Name) VALUES (16, N'Pakenham')
INSERT dbo.Towns(Id, Name) VALUES (17, N'Rockhampto')
INSERT dbo.Towns(Id, Name) VALUES (18, N'Palmerston')
INSERT dbo.Towns(Id, Name) VALUES (19, N'Gladstone')
INSERT dbo.Towns(Id, Name) VALUES (20, N'Batemans B')
INSERT dbo.Towns(Id, Name) VALUES (21, N'Sawtell')
INSERT dbo.Towns(Id, Name) VALUES (22, N'Kingaroy')
INSERT dbo.Towns(Id, Name) VALUES (23, N'Rockingham')
INSERT dbo.Towns(Id, Name) VALUES (24, N'Parkes')
INSERT dbo.Towns(Id, Name) VALUES (25, N'Byron Bay')
INSERT dbo.Towns(Id, Name) VALUES (26, N'Craigiebur')
INSERT dbo.Towns(Id, Name) VALUES (27, N'Bathurst')
INSERT dbo.Towns(Id, Name) VALUES (28, N'Moe')
INSERT dbo.Towns(Id, Name) VALUES (29, N'Gold Coast')
INSERT dbo.Towns(Id, Name) VALUES (30, N'Kingston')
INSERT dbo.Towns(Id, Name) VALUES (31, N'Caboolture')
INSERT dbo.Towns(Id, Name) VALUES (32, N'Mount Gamb')
INSERT dbo.Towns(Id, Name) VALUES (33, N'Victor Har')
INSERT dbo.Towns(Id, Name) VALUES (34, N'Shepparton')
INSERT dbo.Towns(Id, Name) VALUES (35, N'Bendigo')
INSERT dbo.Towns(Id, Name) VALUES (36, N'Cairns')
INSERT dbo.Towns(Id, Name) VALUES (37, N'Perth')
INSERT dbo.Towns(Id, Name) VALUES (38, N'Mount Isa')
INSERT dbo.Towns(Id, Name) VALUES (39, N'Blaxland')
INSERT dbo.Towns(Id, Name) VALUES (40, N'Mornington')
GO
SET IDENTITY_INSERT dbo.Towns OFF
GO

IF @@ERROR<>0 OR @@TRANCOUNT=0 BEGIN IF @@TRANCOUNT>0 ROLLBACK SET NOEXEC ON END

--
-- Inserting data into table dbo.Dealers
--
SET IDENTITY_INSERT dbo.Dealers ON
GO

IF @@ERROR<>0 OR @@TRANCOUNT=0 BEGIN IF @@TRANCOUNT>0 ROLLBACK SET NOEXEC ON END
INSERT dbo.Dealers(Id, Name, TownId) VALUES (1, N'West Coast', 37)
INSERT dbo.Dealers(Id, Name, TownId) VALUES (2, N'Australian', 18)
INSERT dbo.Dealers(Id, Name, TownId) VALUES (3, N'Global K-M', 7)
INSERT dbo.Dealers(Id, Name, TownId) VALUES (4, N'Internatio', 5)
INSERT dbo.Dealers(Id, Name, TownId) VALUES (5, N'Advanced S', 31)
INSERT dbo.Dealers(Id, Name, TownId) VALUES (6, N'Western Sp', 38)
INSERT dbo.Dealers(Id, Name, TownId) VALUES (7, N'North D-Mo', 21)
INSERT dbo.Dealers(Id, Name, TownId) VALUES (8, N'Profession', 23)
INSERT dbo.Dealers(Id, Name, TownId) VALUES (9, N'West High-', 22)
INSERT dbo.Dealers(Id, Name, TownId) VALUES (10, N'American T', 1)
INSERT dbo.Dealers(Id, Name, TownId) VALUES (11, N'East Devel', 14)
INSERT dbo.Dealers(Id, Name, TownId) VALUES (12, N'Creative T', 37)
INSERT dbo.Dealers(Id, Name, TownId) VALUES (13, N'Future Win', 28)
INSERT dbo.Dealers(Id, Name, TownId) VALUES (14, N'Global Hig', 21)
INSERT dbo.Dealers(Id, Name, TownId) VALUES (15, N'Special Sp', 22)
INSERT dbo.Dealers(Id, Name, TownId) VALUES (16, N'Special B-', 33)
INSERT dbo.Dealers(Id, Name, TownId) VALUES (17, N'WorldWide ', 5)
INSERT dbo.Dealers(Id, Name, TownId) VALUES (18, N'Beyond Par', 24)
INSERT dbo.Dealers(Id, Name, TownId) VALUES (19, N'Future Mat', 23)
INSERT dbo.Dealers(Id, Name, TownId) VALUES (20, N'United G-M', 3)
INSERT dbo.Dealers(Id, Name, TownId) VALUES (21, N'Creative P', 24)
INSERT dbo.Dealers(Id, Name, TownId) VALUES (22, N'Creative S', 22)
INSERT dbo.Dealers(Id, Name, TownId) VALUES (23, N'City Telem', 2)
INSERT dbo.Dealers(Id, Name, TownId) VALUES (24, N'Smart Spac', 3)
INSERT dbo.Dealers(Id, Name, TownId) VALUES (25, N'Flexible H', 17)
INSERT dbo.Dealers(Id, Name, TownId) VALUES (26, N'Domestic D', 3)
INSERT dbo.Dealers(Id, Name, TownId) VALUES (27, N'National S', 1)
INSERT dbo.Dealers(Id, Name, TownId) VALUES (28, N'City Mobil', 40)
INSERT dbo.Dealers(Id, Name, TownId) VALUES (29, N'Domestic H', 27)
INSERT dbo.Dealers(Id, Name, TownId) VALUES (30, N'Creative R', 27)
INSERT dbo.Dealers(Id, Name, TownId) VALUES (31, N'National H', 3)
INSERT dbo.Dealers(Id, Name, TownId) VALUES (32, N'Domestic F', 26)
INSERT dbo.Dealers(Id, Name, TownId) VALUES (33, N'General In', 9)
INSERT dbo.Dealers(Id, Name, TownId) VALUES (34, N'Future X-M', 18)
INSERT dbo.Dealers(Id, Name, TownId) VALUES (35, N'Pacific Tr', 29)
INSERT dbo.Dealers(Id, Name, TownId) VALUES (36, N'Smart S-Mo', 29)
INSERT dbo.Dealers(Id, Name, TownId) VALUES (37, N'East Nucle', 24)
INSERT dbo.Dealers(Id, Name, TownId) VALUES (38, N'Domestic X', 40)
INSERT dbo.Dealers(Id, Name, TownId) VALUES (39, N'City Z-Mob', 13)
INSERT dbo.Dealers(Id, Name, TownId) VALUES (40, N'Advanced H', 1)
INSERT dbo.Dealers(Id, Name, TownId) VALUES (41, N'Pacific Hi', 20)
INSERT dbo.Dealers(Id, Name, TownId) VALUES (42, N'National F', 7)
INSERT dbo.Dealers(Id, Name, TownId) VALUES (43, N'American R', 32)
INSERT dbo.Dealers(Id, Name, TownId) VALUES (44, N'Domestic M', 25)
INSERT dbo.Dealers(Id, Name, TownId) VALUES (45, N'City Wind ', 34)
INSERT dbo.Dealers(Id, Name, TownId) VALUES (46, N'Canadian H', 17)
INSERT dbo.Dealers(Id, Name, TownId) VALUES (47, N'Future Pro', 28)
INSERT dbo.Dealers(Id, Name, TownId) VALUES (48, N'Smart F-Mo', 38)
INSERT dbo.Dealers(Id, Name, TownId) VALUES (49, N'General Hi', 32)
INSERT dbo.Dealers(Id, Name, TownId) VALUES (50, N'General A-', 17)
GO
SET IDENTITY_INSERT dbo.Dealers OFF
GO

IF @@ERROR<>0 OR @@TRANCOUNT=0 BEGIN IF @@TRANCOUNT>0 ROLLBACK SET NOEXEC ON END

--
-- Inserting data into table dbo.Models
--
SET IDENTITY_INSERT dbo.Models ON
GO

IF @@ERROR<>0 OR @@TRANCOUNT=0 BEGIN IF @@TRANCOUNT>0 ROLLBACK SET NOEXEC ON END
INSERT dbo.Models(Id, Name, Year, ManufacturerId, PlatformId, EngineId) VALUES (1, N'Monotellat', '1980-01-01 00:00:01.050', 3, 2, 18)
INSERT dbo.Models(Id, Name, Year, ManufacturerId, PlatformId, EngineId) VALUES (2, N'Cabtiner', '1980-01-01 00:00:01.420', 7, 2, 1)
INSERT dbo.Models(Id, Name, Year, ManufacturerId, PlatformId, EngineId) VALUES (3, N'Charnier', '1992-05-20 20:56:23.590', 1, 3, 96)
INSERT dbo.Models(Id, Name, Year, ManufacturerId, PlatformId, EngineId) VALUES (4, N'Stereocycl', '1991-02-26 19:30:25.150', 9, 4, 11)
INSERT dbo.Models(Id, Name, Year, ManufacturerId, PlatformId, EngineId) VALUES (5, N'Printtinsc', '1980-01-01 00:00:01.640', 8, 3, 37)
INSERT dbo.Models(Id, Name, Year, ManufacturerId, PlatformId, EngineId) VALUES (6, N'Subcessra', '1980-01-01 00:01:33.790', 3, 3, 56)
INSERT dbo.Models(Id, Name, Year, ManufacturerId, PlatformId, EngineId) VALUES (7, N'Readtopar', '2013-11-09 16:45:28.580', 4, 1, 20)
INSERT dbo.Models(Id, Name, Year, ManufacturerId, PlatformId, EngineId) VALUES (8, N'Readcyclew', '1980-01-01 00:00:01.260', 5, 3, 70)
INSERT dbo.Models(Id, Name, Year, ManufacturerId, PlatformId, EngineId) VALUES (9, N'Tabtiner', '1995-10-13 10:45:45.910', 2, 3, 72)
INSERT dbo.Models(Id, Name, Year, ManufacturerId, PlatformId, EngineId) VALUES (10, N'Cablifior', '2009-04-23 22:16:20.480', 1, 2, 32)
INSERT dbo.Models(Id, Name, Year, ManufacturerId, PlatformId, EngineId) VALUES (11, N'Protinaque', '1980-01-01 00:00:09.060', 1, 1, 10)
INSERT dbo.Models(Id, Name, Year, ManufacturerId, PlatformId, EngineId) VALUES (12, N'Procordinl', '1980-01-01 00:00:01.260', 3, 4, 66)
INSERT dbo.Models(Id, Name, Year, ManufacturerId, PlatformId, EngineId) VALUES (13, N'Transtinor', '1980-01-01 00:00:01.720', 6, 1, 6)
INSERT dbo.Models(Id, Name, Year, ManufacturerId, PlatformId, EngineId) VALUES (14, N'Recessridg', '1980-01-01 00:00:01.020', 9, 3, 35)
INSERT dbo.Models(Id, Name, Year, ManufacturerId, PlatformId, EngineId) VALUES (15, N'Anbandra', '1980-01-01 00:00:01.770', 2, 1, 67)
INSERT dbo.Models(Id, Name, Year, ManufacturerId, PlatformId, EngineId) VALUES (16, N'Relifiry', '1980-01-01 19:10:44.990', 7, 1, 13)
INSERT dbo.Models(Id, Name, Year, ManufacturerId, PlatformId, EngineId) VALUES (17, N'Moncordor', '1980-01-01 00:00:01.880', 9, 1, 93)
INSERT dbo.Models(Id, Name, Year, ManufacturerId, PlatformId, EngineId) VALUES (18, N'Cleanholdo', '1990-03-27 12:49:21.670', 6, 2, 8)
INSERT dbo.Models(Id, Name, Year, ManufacturerId, PlatformId, EngineId) VALUES (19, N'Printtelle', '1991-04-06 05:12:31.090', 5, 2, 78)
INSERT dbo.Models(Id, Name, Year, ManufacturerId, PlatformId, EngineId) VALUES (20, N'Stereoniri', '1980-01-01 00:01:01.360', 7, 4, 34)
INSERT dbo.Models(Id, Name, Year, ManufacturerId, PlatformId, EngineId) VALUES (21, N'Stereotaga', '1980-01-01 09:52:25.130', 1, 4, 26)
INSERT dbo.Models(Id, Name, Year, ManufacturerId, PlatformId, EngineId) VALUES (22, N'Playlictaq', '1980-01-18 00:48:19.790', 7, 3, 95)
INSERT dbo.Models(Id, Name, Year, ManufacturerId, PlatformId, EngineId) VALUES (23, N'Recordphon', '1987-02-18 08:49:10.860', 2, 2, 65)
INSERT dbo.Models(Id, Name, Year, ManufacturerId, PlatformId, EngineId) VALUES (24, N'Cartbandic', '2012-05-24 01:21:39.620', 1, 2, 45)
INSERT dbo.Models(Id, Name, Year, ManufacturerId, PlatformId, EngineId) VALUES (25, N'Remuteder', '1989-01-10 11:09:19.590', 5, 1, 60)
INSERT dbo.Models(Id, Name, Year, ManufacturerId, PlatformId, EngineId) VALUES (26, N'Subfindrid', '1983-12-25 05:16:27.600', 10, 4, 94)
INSERT dbo.Models(Id, Name, Year, ManufacturerId, PlatformId, EngineId) VALUES (27, N'Stereocord', '1980-01-02 01:49:54.310', 9, 2, 6)
INSERT dbo.Models(Id, Name, Year, ManufacturerId, PlatformId, EngineId) VALUES (28, N'Subjectexo', '1980-09-06 06:38:17.200', 1, 4, 84)
INSERT dbo.Models(Id, Name, Year, ManufacturerId, PlatformId, EngineId) VALUES (29, N'Tabholder', '1980-01-01 00:00:02.790', 2, 3, 78)
INSERT dbo.Models(Id, Name, Year, ManufacturerId, PlatformId, EngineId) VALUES (30, N'Anceiveden', '1997-03-08 09:02:16.240', 7, 1, 25)
INSERT dbo.Models(Id, Name, Year, ManufacturerId, PlatformId, EngineId) VALUES (31, N'Reholdedph', '1980-01-01 00:00:01.300', 2, 2, 20)
INSERT dbo.Models(Id, Name, Year, ManufacturerId, PlatformId, EngineId) VALUES (32, N'Armbandomm', '1987-12-13 23:30:31.720', 9, 3, 11)
INSERT dbo.Models(Id, Name, Year, ManufacturerId, PlatformId, EngineId) VALUES (33, N'Miccordato', '1980-01-01 00:00:01.030', 8, 3, 8)
INSERT dbo.Models(Id, Name, Year, ManufacturerId, PlatformId, EngineId) VALUES (34, N'Cartmutops', '1980-01-16 23:56:52.880', 1, 2, 58)
INSERT dbo.Models(Id, Name, Year, ManufacturerId, PlatformId, EngineId) VALUES (35, N'Charwoofew', '1980-01-01 00:00:01.980', 5, 1, 26)
INSERT dbo.Models(Id, Name, Year, ManufacturerId, PlatformId, EngineId) VALUES (36, N'Stereoceiv', '1980-01-01 00:00:01.920', 2, 1, 78)
INSERT dbo.Models(Id, Name, Year, ManufacturerId, PlatformId, EngineId) VALUES (37, N'Comleedrid', '1980-01-01 00:00:52.760', 4, 2, 5)
INSERT dbo.Models(Id, Name, Year, ManufacturerId, PlatformId, EngineId) VALUES (38, N'Bicyclator', '1980-01-01 00:00:07.500', 7, 2, 70)
INSERT dbo.Models(Id, Name, Year, ManufacturerId, PlatformId, EngineId) VALUES (39, N'Suptopimer', '1980-01-01 00:00:01.970', 4, 3, 18)
INSERT dbo.Models(Id, Name, Year, ManufacturerId, PlatformId, EngineId) VALUES (40, N'Micputersc', '1980-02-10 01:43:29.340', 3, 3, 6)
INSERT dbo.Models(Id, Name, Year, ManufacturerId, PlatformId, EngineId) VALUES (41, N'Antinollon', '1980-01-01 00:00:01.650', 4, 1, 54)
INSERT dbo.Models(Id, Name, Year, ManufacturerId, PlatformId, EngineId) VALUES (42, N'Tabcessica', '1980-01-01 00:00:01.010', 4, 3, 26)
INSERT dbo.Models(Id, Name, Year, ManufacturerId, PlatformId, EngineId) VALUES (43, N'Mictary', '1983-05-04 02:29:40.580', 5, 3, 92)
INSERT dbo.Models(Id, Name, Year, ManufacturerId, PlatformId, EngineId) VALUES (44, N'Tweetpicke', '1984-02-17 19:43:36.980', 10, 2, 33)
INSERT dbo.Models(Id, Name, Year, ManufacturerId, PlatformId, EngineId) VALUES (45, N'Armniommri', '1980-01-01 23:55:15.110', 10, 1, 57)
INSERT dbo.Models(Id, Name, Year, ManufacturerId, PlatformId, EngineId) VALUES (46, N'Bitopscope', '1980-01-02 00:10:32.270', 10, 4, 68)
INSERT dbo.Models(Id, Name, Year, ManufacturerId, PlatformId, EngineId) VALUES (47, N'Playtinews', '1991-01-13 13:33:40.320', 8, 1, 5)
INSERT dbo.Models(Id, Name, Year, ManufacturerId, PlatformId, EngineId) VALUES (48, N'Transpicke', '1980-12-09 17:24:06.300', 7, 2, 34)
INSERT dbo.Models(Id, Name, Year, ManufacturerId, PlatformId, EngineId) VALUES (49, N'Cablictupo', '1980-01-16 20:59:31.910', 9, 1, 62)
INSERT dbo.Models(Id, Name, Year, ManufacturerId, PlatformId, EngineId) VALUES (50, N'Teceivor', '1992-08-08 16:36:14.330', 4, 3, 99)
INSERT dbo.Models(Id, Name, Year, ManufacturerId, PlatformId, EngineId) VALUES (51, N'Tetoplet', '1980-01-16 02:38:46.370', 6, 1, 22)
INSERT dbo.Models(Id, Name, Year, ManufacturerId, PlatformId, EngineId) VALUES (52, N'Anniator', '1980-01-02 02:05:10.310', 5, 2, 60)
INSERT dbo.Models(Id, Name, Year, ManufacturerId, PlatformId, EngineId) VALUES (53, N'Subtinator', '1992-04-02 03:20:04.340', 7, 3, 93)
INSERT dbo.Models(Id, Name, Year, ManufacturerId, PlatformId, EngineId) VALUES (54, N'Readcessom', '1980-01-01 00:00:07.150', 9, 4, 79)
INSERT dbo.Models(Id, Name, Year, ManufacturerId, PlatformId, EngineId) VALUES (55, N'Transceivo', '1989-10-03 08:54:00.560', 2, 3, 64)
INSERT dbo.Models(Id, Name, Year, ManufacturerId, PlatformId, EngineId) VALUES (56, N'Stereotell', '1980-01-01 00:00:01.730', 2, 1, 73)
INSERT dbo.Models(Id, Name, Year, ManufacturerId, PlatformId, EngineId) VALUES (57, N'Cabcordrid', '1980-01-01 00:00:01.360', 7, 1, 51)
INSERT dbo.Models(Id, Name, Year, ManufacturerId, PlatformId, EngineId) VALUES (58, N'Stereoleon', '1980-01-01 00:00:01.770', 7, 4, 42)
INSERT dbo.Models(Id, Name, Year, ManufacturerId, PlatformId, EngineId) VALUES (59, N'Ampcordgao', '1993-04-07 07:49:00.800', 2, 4, 41)
INSERT dbo.Models(Id, Name, Year, ManufacturerId, PlatformId, EngineId) VALUES (60, N'Cablictplo', '1985-05-10 23:37:17.160', 4, 3, 14)
INSERT dbo.Models(Id, Name, Year, ManufacturerId, PlatformId, EngineId) VALUES (61, N'Stereotina', '2009-08-01 11:20:09.530', 6, 4, 67)
INSERT dbo.Models(Id, Name, Year, ManufacturerId, PlatformId, EngineId) VALUES (62, N'Tabceivoll', '1980-01-01 00:00:01.450', 8, 3, 16)
INSERT dbo.Models(Id, Name, Year, ManufacturerId, PlatformId, EngineId) VALUES (63, N'Anplottopa', '2004-07-28 01:32:46.640', 3, 3, 43)
INSERT dbo.Models(Id, Name, Year, ManufacturerId, PlatformId, EngineId) VALUES (64, N'Armwoofra', '1980-01-01 00:00:54.750', 6, 3, 55)
INSERT dbo.Models(Id, Name, Year, ManufacturerId, PlatformId, EngineId) VALUES (65, N'Tabcordede', '1993-12-31 00:32:24.230', 5, 1, 55)
INSERT dbo.Models(Id, Name, Year, ManufacturerId, PlatformId, EngineId) VALUES (66, N'Anlicton', '1980-01-01 00:00:37.490', 7, 1, 84)
INSERT dbo.Models(Id, Name, Year, ManufacturerId, PlatformId, EngineId) VALUES (67, N'Readplotte', '1988-02-20 07:57:01.660', 10, 3, 58)
INSERT dbo.Models(Id, Name, Year, ManufacturerId, PlatformId, EngineId) VALUES (68, N'Bibander', '1980-01-01 00:00:01.890', 3, 2, 23)
INSERT dbo.Models(Id, Name, Year, ManufacturerId, PlatformId, EngineId) VALUES (69, N'Playmutrid', '1993-03-24 07:36:28.380', 2, 2, 95)
INSERT dbo.Models(Id, Name, Year, ManufacturerId, PlatformId, EngineId) VALUES (70, N'Tabcordone', '1989-10-29 01:17:17.680', 2, 3, 97)
INSERT dbo.Models(Id, Name, Year, ManufacturerId, PlatformId, EngineId) VALUES (71, N'Cleanlicti', '1980-01-01 00:00:01.320', 5, 2, 64)
INSERT dbo.Models(Id, Name, Year, ManufacturerId, PlatformId, EngineId) VALUES (72, N'Cleanholdr', '1989-09-29 11:20:31.410', 3, 1, 3)
INSERT dbo.Models(Id, Name, Year, ManufacturerId, PlatformId, EngineId) VALUES (73, N'Bicordridg', '1980-01-03 04:49:57.200', 2, 1, 86)
INSERT dbo.Models(Id, Name, Year, ManufacturerId, PlatformId, EngineId) VALUES (74, N'Cleantinor', '1980-01-01 00:00:01.770', 9, 1, 59)
INSERT dbo.Models(Id, Name, Year, ManufacturerId, PlatformId, EngineId) VALUES (75, N'Supwoofato', '1980-01-01 00:00:05.830', 2, 2, 57)
INSERT dbo.Models(Id, Name, Year, ManufacturerId, PlatformId, EngineId) VALUES (76, N'Armtellaqu', '1980-01-27 19:52:16.870', 8, 3, 9)
INSERT dbo.Models(Id, Name, Year, ManufacturerId, PlatformId, EngineId) VALUES (77, N'Bilifionar', '1991-11-18 15:33:31.900', 10, 2, 73)
INSERT dbo.Models(Id, Name, Year, ManufacturerId, PlatformId, EngineId) VALUES (78, N'Armceivrid', '1994-10-03 18:05:57.810', 8, 3, 68)
INSERT dbo.Models(Id, Name, Year, ManufacturerId, PlatformId, EngineId) VALUES (79, N'Conleator', '1980-10-10 23:43:57.720', 8, 2, 94)
INSERT dbo.Models(Id, Name, Year, ManufacturerId, PlatformId, EngineId) VALUES (80, N'Subcordoll', '1997-05-02 08:08:37.900', 6, 3, 76)
INSERT dbo.Models(Id, Name, Year, ManufacturerId, PlatformId, EngineId) VALUES (81, N'Ampcordon', '1981-01-19 00:02:04.540', 9, 4, 28)
INSERT dbo.Models(Id, Name, Year, ManufacturerId, PlatformId, EngineId) VALUES (82, N'Charfinder', '1986-03-16 20:32:14.130', 1, 4, 94)
INSERT dbo.Models(Id, Name, Year, ManufacturerId, PlatformId, EngineId) VALUES (83, N'Subjectewe', '1980-01-01 07:09:23.570', 2, 4, 12)
INSERT dbo.Models(Id, Name, Year, ManufacturerId, PlatformId, EngineId) VALUES (84, N'Mictectupe', '1980-01-01 17:17:19.700', 4, 4, 59)
INSERT dbo.Models(Id, Name, Year, ManufacturerId, PlatformId, EngineId) VALUES (85, N'Anlifier', '1996-02-26 10:11:24.700', 6, 2, 45)
INSERT dbo.Models(Id, Name, Year, ManufacturerId, PlatformId, EngineId) VALUES (86, N'Monleonar', '1985-09-07 03:18:17.640', 5, 3, 34)
INSERT dbo.Models(Id, Name, Year, ManufacturerId, PlatformId, EngineId) VALUES (87, N'Cartholdor', '1980-01-01 00:00:01.600', 3, 2, 50)
INSERT dbo.Models(Id, Name, Year, ManufacturerId, PlatformId, EngineId) VALUES (88, N'Playputrid', '1980-01-01 00:00:01.630', 6, 4, 3)
INSERT dbo.Models(Id, Name, Year, ManufacturerId, PlatformId, EngineId) VALUES (89, N'Amptellimo', '1980-01-01 00:00:47.250', 9, 1, 64)
INSERT dbo.Models(Id, Name, Year, ManufacturerId, PlatformId, EngineId) VALUES (90, N'Supfindar', '1980-01-01 15:53:27.920', 5, 1, 10)
INSERT dbo.Models(Id, Name, Year, ManufacturerId, PlatformId, EngineId) VALUES (91, N'Complottad', '1990-06-16 04:44:43.330', 1, 2, 87)
INSERT dbo.Models(Id, Name, Year, ManufacturerId, PlatformId, EngineId) VALUES (92, N'Bicordra', '1992-03-09 05:47:04.770', 4, 4, 89)
INSERT dbo.Models(Id, Name, Year, ManufacturerId, PlatformId, EngineId) VALUES (93, N'Annior', '2010-07-30 14:32:28.100', 7, 2, 10)
INSERT dbo.Models(Id, Name, Year, ManufacturerId, PlatformId, EngineId) VALUES (94, N'Comtinupry', '1980-01-01 00:00:04.450', 2, 2, 19)
INSERT dbo.Models(Id, Name, Year, ManufacturerId, PlatformId, EngineId) VALUES (95, N'Cabholdaqu', '2001-09-16 16:47:09.950', 4, 2, 88)
INSERT dbo.Models(Id, Name, Year, ManufacturerId, PlatformId, EngineId) VALUES (96, N'Protectede', '1980-01-01 00:00:01.170', 1, 1, 20)
INSERT dbo.Models(Id, Name, Year, ManufacturerId, PlatformId, EngineId) VALUES (97, N'Readtafisc', '1986-10-18 21:03:10.080', 2, 4, 33)
INSERT dbo.Models(Id, Name, Year, ManufacturerId, PlatformId, EngineId) VALUES (98, N'Bilelet', '1989-06-13 05:06:02.860', 4, 1, 75)
INSERT dbo.Models(Id, Name, Year, ManufacturerId, PlatformId, EngineId) VALUES (99, N'Contellsco', '1989-07-02 22:08:03.760', 3, 1, 47)
INSERT dbo.Models(Id, Name, Year, ManufacturerId, PlatformId, EngineId) VALUES (100, N'Cleantople', '1986-11-15 22:16:05.630', 2, 4, 26)
GO
SET IDENTITY_INSERT dbo.Models OFF
GO

IF @@ERROR<>0 OR @@TRANCOUNT=0 BEGIN IF @@TRANCOUNT>0 ROLLBACK SET NOEXEC ON END

--
-- Inserting data into table dbo.Cars
--
SET IDENTITY_INSERT dbo.Cars ON
GO

IF @@ERROR<>0 OR @@TRANCOUNT=0 BEGIN IF @@TRANCOUNT>0 ROLLBACK SET NOEXEC ON END
INSERT dbo.Cars(Id, ModelId, DealerId, Year, OrderId, Price) VALUES (1, 82, 24, '2007-09-25 20:06:07.980', NULL, 31719)
INSERT dbo.Cars(Id, ModelId, DealerId, Year, OrderId, Price) VALUES (2, 73, 10, '2000-03-21 14:00:01.980', 481, 35294.0537)
INSERT dbo.Cars(Id, ModelId, DealerId, Year, OrderId, Price) VALUES (3, 91, 21, '2002-05-06 08:14:19.440', 600, 46191.6156)
INSERT dbo.Cars(Id, ModelId, DealerId, Year, OrderId, Price) VALUES (4, 71, 28, '2009-11-09 14:20:25.440', 481, 18318)
INSERT dbo.Cars(Id, ModelId, DealerId, Year, OrderId, Price) VALUES (5, 32, 34, '1970-03-22 12:59:01.980', 600, 26682.3392)
INSERT dbo.Cars(Id, ModelId, DealerId, Year, OrderId, Price) VALUES (6, 49, 14, '2002-02-24 17:41:19.760', 208, 20270.0782)
INSERT dbo.Cars(Id, ModelId, DealerId, Year, OrderId, Price) VALUES (7, 68, 13, '2009-08-30 23:47:25.760', 208, 23508)
INSERT dbo.Cars(Id, ModelId, DealerId, Year, OrderId, Price) VALUES (8, 90, 39, '2008-03-30 14:37:00.270', 496, 22671.5888)
INSERT dbo.Cars(Id, ModelId, DealerId, Year, OrderId, Price) VALUES (9, 3, 12, '2007-04-27 04:00:00.270', NULL, 49999.9998)
INSERT dbo.Cars(Id, ModelId, DealerId, Year, OrderId, Price) VALUES (10, 22, 20, '1993-06-12 00:13:10.440', 22, 10716.5313)
INSERT dbo.Cars(Id, ModelId, DealerId, Year, OrderId, Price) VALUES (11, 78, 8, '2007-08-11 16:17:24.080', 497, 49999.9999)
INSERT dbo.Cars(Id, ModelId, DealerId, Year, OrderId, Price) VALUES (12, 1, 4, '1991-07-06 22:43:02.760', 481, 32238)
INSERT dbo.Cars(Id, ModelId, DealerId, Year, OrderId, Price) VALUES (13, 44, 31, '1977-04-27 02:59:00.270', 208, 48048)
INSERT dbo.Cars(Id, ModelId, DealerId, Year, OrderId, Price) VALUES (14, 56, 27, '2008-06-23 11:37:36.730', NULL, 6616.5636)
INSERT dbo.Cars(Id, ModelId, DealerId, Year, OrderId, Price) VALUES (15, 81, 29, '2000-02-05 10:11:18.080', 148, 38541.1792)
INSERT dbo.Cars(Id, ModelId, DealerId, Year, OrderId, Price) VALUES (16, 97, 33, '2000-12-18 05:31:30.730', NULL, 23502.7113)
INSERT dbo.Cars(Id, ModelId, DealerId, Year, OrderId, Price) VALUES (17, 50, 26, '2008-05-27 04:12:10.920', 307, 31056.8897)
INSERT dbo.Cars(Id, ModelId, DealerId, Year, OrderId, Price) VALUES (18, 42, 38, '2000-11-20 22:06:04.920', 247, 25813.3620)
INSERT dbo.Cars(Id, ModelId, DealerId, Year, OrderId, Price) VALUES (19, 98, 33, '2010-03-21 06:21:35.980', 481, 15483)
INSERT dbo.Cars(Id, ModelId, DealerId, Year, OrderId, Price) VALUES (20, 11, 13, '1970-02-05 09:10:18.080', 246, 18417.7210)
INSERT dbo.Cars(Id, ModelId, DealerId, Year, OrderId, Price) VALUES (21, 34, 28, '1979-08-23 21:04:53.730', 600, 25686.3413)
INSERT dbo.Cars(Id, ModelId, DealerId, Year, OrderId, Price) VALUES (22, 74, 2, '2002-09-15 00:15:29.980', 83, 100.0002)
INSERT dbo.Cars(Id, ModelId, DealerId, Year, OrderId, Price) VALUES (23, 6, 36, '2000-12-30 03:00:06.840', NULL, 23138.6847)
INSERT dbo.Cars(Id, ModelId, DealerId, Year, OrderId, Price) VALUES (24, 58, 47, '2008-07-05 09:06:12.840', 22, 30712)
INSERT dbo.Cars(Id, ModelId, DealerId, Year, OrderId, Price) VALUES (25, 66, 43, '2007-08-07 23:19:40.090', NULL, 18535)
INSERT dbo.Cars(Id, ModelId, DealerId, Year, OrderId, Price) VALUES (26, 18, 26, '2008-06-20 22:24:17.960', 148, 31044.0690)
INSERT dbo.Cars(Id, ModelId, DealerId, Year, OrderId, Price) VALUES (27, 11, 41, '2007-07-07 07:07:08.480', 209, 46765.0319)
INSERT dbo.Cars(Id, ModelId, DealerId, Year, OrderId, Price) VALUES (28, 22, 7, '2007-07-07 07:07:07.640', 307, 46034)
INSERT dbo.Cars(Id, ModelId, DealerId, Year, OrderId, Price) VALUES (29, 90, 7, '1978-11-23 18:50:38.920', 555, 10211.4744)
INSERT dbo.Cars(Id, ModelId, DealerId, Year, OrderId, Price) VALUES (30, 38, 12, '2007-07-07 09:09:21.890', 247, 32410.3964)
INSERT dbo.Cars(Id, ModelId, DealerId, Year, OrderId, Price) VALUES (31, 33, 15, '2007-07-07 07:07:50.070', 600, 140.3034)
INSERT dbo.Cars(Id, ModelId, DealerId, Year, OrderId, Price) VALUES (32, 74, 10, '2007-07-07 07:07:07.290', 421, 5873.6363)
INSERT dbo.Cars(Id, ModelId, DealerId, Year, OrderId, Price) VALUES (33, 58, 33, '1997-01-18 16:24:49.980', 498, 31844.7984)
INSERT dbo.Cars(Id, ModelId, DealerId, Year, OrderId, Price) VALUES (34, 52, 35, '1979-12-20 19:50:57.840', NULL, 100.0001)
INSERT dbo.Cars(Id, ModelId, DealerId, Year, OrderId, Price) VALUES (35, 49, 44, '2000-02-01 17:13:34.090', NULL, 742)
INSERT dbo.Cars(Id, ModelId, DealerId, Year, OrderId, Price) VALUES (36, 95, 6, '2007-07-08 07:25:57.340', 22, 27858.8740)
INSERT dbo.Cars(Id, ModelId, DealerId, Year, OrderId, Price) VALUES (37, 54, 39, '2007-07-07 07:07:07.780', 308, 3275)
INSERT dbo.Cars(Id, ModelId, DealerId, Year, OrderId, Price) VALUES (38, 62, 49, '2009-10-24 05:24:35.530', 499, 50000)
INSERT dbo.Cars(Id, ModelId, DealerId, Year, OrderId, Price) VALUES (39, 49, 48, '2007-07-07 07:08:42.540', NULL, 21370)
INSERT dbo.Cars(Id, ModelId, DealerId, Year, OrderId, Price) VALUES (40, 66, 6, '1970-02-01 16:12:34.090', 209, 20655.7271)
INSERT dbo.Cars(Id, ModelId, DealerId, Year, OrderId, Price) VALUES (41, 62, 18, '1979-07-29 08:51:50.960', 83, 20692.7251)
INSERT dbo.Cars(Id, ModelId, DealerId, Year, OrderId, Price) VALUES (42, 30, 27, '2000-12-15 16:18:11.960', 83, 39980.8452)
INSERT dbo.Cars(Id, ModelId, DealerId, Year, OrderId, Price) VALUES (43, 24, 23, '2000-01-01 01:01:02.480', 557, 17299.3733)
INSERT dbo.Cars(Id, ModelId, DealerId, Year, OrderId, Price) VALUES (44, 11, 40, '2007-07-07 08:27:55.810', 500, 38427.5747)
INSERT dbo.Cars(Id, ModelId, DealerId, Year, OrderId, Price) VALUES (45, 37, 15, '2009-10-06 00:24:21.330', 558, 19449)
INSERT dbo.Cars(Id, ModelId, DealerId, Year, OrderId, Price) VALUES (46, 22, 38, '2008-04-22 15:29:39.610', 83, 8860)
INSERT dbo.Cars(Id, ModelId, DealerId, Year, OrderId, Price) VALUES (47, 45, 49, '1970-01-01 00:00:02.480', 481, 17626.0935)
INSERT dbo.Cars(Id, ModelId, DealerId, Year, OrderId, Price) VALUES (48, 56, 41, '2011-06-17 13:05:13.440', 149, 4158)
INSERT dbo.Cars(Id, ModelId, DealerId, Year, OrderId, Price) VALUES (49, 96, 17, '2000-01-01 01:01:01.640', 149, 100)
INSERT dbo.Cars(Id, ModelId, DealerId, Year, OrderId, Price) VALUES (50, 39, 22, '2010-12-13 01:16:01.650', 481, 25077.5433)
INSERT dbo.Cars(Id, ModelId, DealerId, Year, OrderId, Price) VALUES (51, 92, 27, '2007-07-07 07:07:07.160', 23, 32058.4726)
INSERT dbo.Cars(Id, ModelId, DealerId, Year, OrderId, Price) VALUES (52, 88, 5, '2008-01-29 02:58:15.170', 481, 38785.3306)
INSERT dbo.Cars(Id, ModelId, DealerId, Year, OrderId, Price) VALUES (53, 63, 35, '1970-01-01 00:00:01.640', 248, 30733.1978)
INSERT dbo.Cars(Id, ModelId, DealerId, Year, OrderId, Price) VALUES (54, 74, 25, '2007-07-07 08:28:19.310', 246, 37952.0768)
INSERT dbo.Cars(Id, ModelId, DealerId, Year, OrderId, Price) VALUES (55, 72, 27, '2008-06-11 00:57:17.070', NULL, 11478.1106)
INSERT dbo.Cars(Id, ModelId, DealerId, Year, OrderId, Price) VALUES (56, 13, 15, '2007-07-07 07:07:07.780', 421, 10417)
INSERT dbo.Cars(Id, ModelId, DealerId, Year, OrderId, Price) VALUES (57, 65, 1, '1970-01-01 02:02:15.890', 482, 32176)
INSERT dbo.Cars(Id, ModelId, DealerId, Year, OrderId, Price) VALUES (58, 4, 21, '2007-07-07 07:07:07.660', 209, 11457.1557)
INSERT dbo.Cars(Id, ModelId, DealerId, Year, OrderId, Price) VALUES (59, 7, 40, '1970-01-01 00:00:44.070', 307, 10666.6678)
INSERT dbo.Cars(Id, ModelId, DealerId, Year, OrderId, Price) VALUES (60, 53, 14, '2000-01-01 03:03:15.890', 248, 22158.4016)
INSERT dbo.Cars(Id, ModelId, DealerId, Year, OrderId, Price) VALUES (61, 87, 5, '2008-03-03 03:38:44.290', 501, 46584)
INSERT dbo.Cars(Id, ModelId, DealerId, Year, OrderId, Price) VALUES (62, 86, 49, '2008-07-30 05:44:17.870', NULL, 43148.1440)
INSERT dbo.Cars(Id, ModelId, DealerId, Year, OrderId, Price) VALUES (63, 8, 26, '2000-01-01 01:01:44.070', 421, 42029.4462)
INSERT dbo.Cars(Id, ModelId, DealerId, Year, OrderId, Price) VALUES (64, 13, 41, '2007-07-18 13:04:44.750', 309, 24183.0205)
INSERT dbo.Cars(Id, ModelId, DealerId, Year, OrderId, Price) VALUES (65, 91, 32, '1970-01-01 00:00:01.290', NULL, 35742.4368)
INSERT dbo.Cars(Id, ModelId, DealerId, Year, OrderId, Price) VALUES (66, 87, 25, '2007-07-07 07:07:07.160', 307, 21099.6615)
INSERT dbo.Cars(Id, ModelId, DealerId, Year, OrderId, Price) VALUES (67, 86, 40, '2009-03-17 22:29:42.340', 149, 19780.1437)
INSERT dbo.Cars(Id, ModelId, DealerId, Year, OrderId, Price) VALUES (68, 10, 29, '2007-07-07 07:07:07.710', 210, 12826)
INSERT dbo.Cars(Id, ModelId, DealerId, Year, OrderId, Price) VALUES (69, 98, 22, '2000-01-01 01:01:01.290', 421, 35228)
INSERT dbo.Cars(Id, ModelId, DealerId, Year, OrderId, Price) VALUES (70, 8, 33, '2008-07-26 04:00:30.720', 249, 27228.4960)
INSERT dbo.Cars(Id, ModelId, DealerId, Year, OrderId, Price) VALUES (71, 22, 44, '2007-07-07 07:07:07.470', 210, 42857.9358)
INSERT dbo.Cars(Id, ModelId, DealerId, Year, OrderId, Price) VALUES (72, 95, 45, '2007-07-07 07:07:07.550', 481, 10169)
INSERT dbo.Cars(Id, ModelId, DealerId, Year, OrderId, Price) VALUES (73, 50, 11, '2007-07-07 07:07:12.900', 210, 4765.6528)
INSERT dbo.Cars(Id, ModelId, DealerId, Year, OrderId, Price) VALUES (74, 53, 49, '2008-09-14 00:52:39.190', 559, 42218.9179)
INSERT dbo.Cars(Id, ModelId, DealerId, Year, OrderId, Price) VALUES (75, 29, 19, '1970-01-02 00:18:51.340', NULL, 27985.2320)
INSERT dbo.Cars(Id, ModelId, DealerId, Year, OrderId, Price) VALUES (76, 44, 24, '2008-09-22 14:47:26.290', 502, 47103.6592)
INSERT dbo.Cars(Id, ModelId, DealerId, Year, OrderId, Price) VALUES (77, 58, 42, '1970-01-01 00:00:01.780', NULL, 25764.3129)
INSERT dbo.Cars(Id, ModelId, DealerId, Year, OrderId, Price) VALUES (78, 8, 17, '2008-04-27 01:00:11.050', NULL, 47378.2195)
INSERT dbo.Cars(Id, ModelId, DealerId, Year, OrderId, Price) VALUES (79, 40, 49, '2007-07-07 07:07:10.910', 422, 47051.7063)
INSERT dbo.Cars(Id, ModelId, DealerId, Year, OrderId, Price) VALUES (80, 26, 43, '2000-01-02 01:19:51.340', NULL, 24818.9550)
INSERT dbo.Cars(Id, ModelId, DealerId, Year, OrderId, Price) VALUES (81, 56, 43, '2009-05-11 10:57:46.890', 482, 20408.6682)
INSERT dbo.Cars(Id, ModelId, DealerId, Year, OrderId, Price) VALUES (82, 24, 26, '2000-01-01 01:01:01.780', 309, 2019.0175)
INSERT dbo.Cars(Id, ModelId, DealerId, Year, OrderId, Price) VALUES (83, 39, 25, '2008-03-29 07:55:29.750', 150, 17100.3352)
INSERT dbo.Cars(Id, ModelId, DealerId, Year, OrderId, Price) VALUES (84, 98, 17, '2007-07-07 21:26:48.010', NULL, 27866.4933)
INSERT dbo.Cars(Id, ModelId, DealerId, Year, OrderId, Price) VALUES (85, 71, 37, '1992-12-30 06:54:41.530', 421, 48662.4737)
INSERT dbo.Cars(Id, ModelId, DealerId, Year, OrderId, Price) VALUES (86, 51, 44, '2002-04-19 23:18:29.530', 310, 30069)
INSERT dbo.Cars(Id, ModelId, DealerId, Year, OrderId, Price) VALUES (87, 32, 24, '2007-07-08 15:39:21.400', 560, 35746.6168)
INSERT dbo.Cars(Id, ModelId, DealerId, Year, OrderId, Price) VALUES (88, 46, 41, '2000-01-01 01:02:36.540', NULL, 47660.6032)
INSERT dbo.Cars(Id, ModelId, DealerId, Year, OrderId, Price) VALUES (89, 82, 7, '2007-07-07 07:07:07.700', NULL, 47581.1038)
INSERT dbo.Cars(Id, ModelId, DealerId, Year, OrderId, Price) VALUES (90, 58, 23, '2008-12-14 16:34:34.390', 247, 544.2928)
INSERT dbo.Cars(Id, ModelId, DealerId, Year, OrderId, Price) VALUES (91, 48, 33, '2007-12-26 18:21:46.000', 422, 31036.5679)
INSERT dbo.Cars(Id, ModelId, DealerId, Year, OrderId, Price) VALUES (92, 77, 19, '2000-01-01 02:21:49.810', 561, 35230.7661)
INSERT dbo.Cars(Id, ModelId, DealerId, Year, OrderId, Price) VALUES (93, 31, 38, '2007-08-11 08:09:32.290', 308, 10200)
INSERT dbo.Cars(Id, ModelId, DealerId, Year, OrderId, Price) VALUES (94, 96, 40, '2002-04-01 18:18:15.330', 422, 47383.3824)
INSERT dbo.Cars(Id, ModelId, DealerId, Year, OrderId, Price) VALUES (95, 52, 17, '2008-08-01 01:47:42.720', 504, 618)
INSERT dbo.Cars(Id, ModelId, DealerId, Year, OrderId, Price) VALUES (96, 62, 31, '2000-10-17 09:23:33.610', NULL, 47529)
INSERT dbo.Cars(Id, ModelId, DealerId, Year, OrderId, Price) VALUES (97, 52, 22, '2008-02-19 14:29:00.230', 505, 38830)
INSERT dbo.Cars(Id, ModelId, DealerId, Year, OrderId, Price) VALUES (98, 53, 24, '2007-07-07 07:07:07.540', 84, 23377.3256)
INSERT dbo.Cars(Id, ModelId, DealerId, Year, OrderId, Price) VALUES (99, 93, 41, '2007-08-17 08:19:59.130', 24, 3363.2112)
INSERT dbo.Cars(Id, ModelId, DealerId, Year, OrderId, Price) VALUES (100, 44, 34, '2003-12-12 06:59:07.440', 563, 43526.5472)
INSERT dbo.Cars(Id, ModelId, DealerId, Year, OrderId, Price) VALUES (101, 91, 19, '2007-07-07 07:07:07.180', NULL, 15909)
INSERT dbo.Cars(Id, ModelId, DealerId, Year, OrderId, Price) VALUES (102, 100, 31, '1970-01-01 00:01:36.540', NULL, 44051)
INSERT dbo.Cars(Id, ModelId, DealerId, Year, OrderId, Price) VALUES (103, 55, 15, '2003-06-08 19:09:55.650', NULL, 3946.9852)
INSERT dbo.Cars(Id, ModelId, DealerId, Year, OrderId, Price) VALUES (104, 42, 50, '2007-07-07 12:22:54.890', NULL, 43580.4720)
INSERT dbo.Cars(Id, ModelId, DealerId, Year, OrderId, Price) VALUES (105, 94, 31, '2007-07-07 07:07:13.350', 85, 12005)
INSERT dbo.Cars(Id, ModelId, DealerId, Year, OrderId, Price) VALUES (106, 81, 7, '2008-11-05 15:45:07.630', 421, 45573.2282)
INSERT dbo.Cars(Id, ModelId, DealerId, Year, OrderId, Price) VALUES (107, 37, 43, '1970-01-01 01:20:49.810', 151, 26560)
INSERT dbo.Cars(Id, ModelId, DealerId, Year, OrderId, Price) VALUES (108, 4, 13, '2010-04-23 21:49:53.910', 150, 33999.5639)
INSERT dbo.Cars(Id, ModelId, DealerId, Year, OrderId, Price) VALUES (109, 86, 50, '2008-07-13 08:25:39.850', NULL, 38870.9029)
INSERT dbo.Cars(Id, ModelId, DealerId, Year, OrderId, Price) VALUES (110, 2, 35, '2009-04-15 15:10:03.220', NULL, 33152)
INSERT dbo.Cars(Id, ModelId, DealerId, Year, OrderId, Price) VALUES (111, 77, 44, '2000-01-01 01:01:01.160', 212, 48875.2624)
INSERT dbo.Cars(Id, ModelId, DealerId, Year, OrderId, Price) VALUES (112, 69, 16, '2005-08-20 07:32:29.170', NULL, 11684.0524)
INSERT dbo.Cars(Id, ModelId, DealerId, Year, OrderId, Price) VALUES (113, 54, 13, '2009-07-19 19:41:47.160', 421, 13864)
INSERT dbo.Cars(Id, ModelId, DealerId, Year, OrderId, Price) VALUES (114, 86, 28, '2007-07-07 07:07:09.530', 84, 47862)
INSERT dbo.Cars(Id, ModelId, DealerId, Year, OrderId, Price) VALUES (115, 63, 6, '2007-07-09 15:02:13.650', 311, 35632.5871)
INSERT dbo.Cars(Id, ModelId, DealerId, Year, OrderId, Price) VALUES (116, 26, 25, '2007-07-07 07:07:16.690', 249, 18308.8859)
INSERT dbo.Cars(Id, ModelId, DealerId, Year, OrderId, Price) VALUES (117, 25, 8, '2000-01-01 02:22:13.310', 421, 48141)
INSERT dbo.Cars(Id, ModelId, DealerId, Year, OrderId, Price) VALUES (118, 1, 32, '2007-07-07 07:07:07.560', NULL, 42136.9211)
INSERT dbo.Cars(Id, ModelId, DealerId, Year, OrderId, Price) VALUES (119, 63, 36, '2007-07-07 07:07:07.360', 506, 161)
INSERT dbo.Cars(Id, ModelId, DealerId, Year, OrderId, Price) VALUES (120, 41, 7, '2008-05-10 10:16:33.550', 25, 17009)
INSERT dbo.Cars(Id, ModelId, DealerId, Year, OrderId, Price) VALUES (121, 90, 2, '2007-07-08 01:23:06.730', NULL, 44653.4820)
INSERT dbo.Cars(Id, ModelId, DealerId, Year, OrderId, Price) VALUES (122, 63, 30, '2007-07-07 23:49:03.450', 310, 37495.9222)
INSERT dbo.Cars(Id, ModelId, DealerId, Year, OrderId, Price) VALUES (123, 41, 11, '2007-07-07 07:07:40.990', 86, 30908.3432)
INSERT dbo.Cars(Id, ModelId, DealerId, Year, OrderId, Price) VALUES (124, 84, 37, '2000-12-05 18:51:11.070', 248, 16728.6345)
INSERT dbo.Cars(Id, ModelId, DealerId, Year, OrderId, Price) VALUES (125, 22, 30, '2008-04-19 17:44:32.550', 25, 25760.9416)
INSERT dbo.Cars(Id, ModelId, DealerId, Year, OrderId, Price) VALUES (126, 10, 35, '2000-01-01 01:01:01.780', 564, 31252.6465)
INSERT dbo.Cars(Id, ModelId, DealerId, Year, OrderId, Price) VALUES (127, 16, 26, '2000-01-01 01:01:01.660', 84, 23417.2952)
INSERT dbo.Cars(Id, ModelId, DealerId, Year, OrderId, Price) VALUES (128, 76, 43, '2000-08-27 21:32:38.290', NULL, 41728.4005)
INSERT dbo.Cars(Id, ModelId, DealerId, Year, OrderId, Price) VALUES (129, 74, 45, '2001-01-23 23:38:11.870', NULL, 45734.8007)
INSERT dbo.Cars(Id, ModelId, DealerId, Year, OrderId, Price) VALUES (130, 39, 2, '2008-08-05 05:44:54.440', NULL, 1007.7805)
INSERT dbo.Cars(Id, ModelId, DealerId, Year, OrderId, Price) VALUES (131, 21, 50, '2007-07-07 07:07:07.300', NULL, 33243.5356)
INSERT dbo.Cars(Id, ModelId, DealerId, Year, OrderId, Price) VALUES (132, 59, 33, '2000-01-12 06:58:38.750', 565, 6172)
INSERT dbo.Cars(Id, ModelId, DealerId, Year, OrderId, Price) VALUES (133, 94, 43, '2007-07-24 13:13:47.370', 211, 9005.9462)
INSERT dbo.Cars(Id, ModelId, DealerId, Year, OrderId, Price) VALUES (134, 46, 40, '2008-02-01 16:14:52.890', 311, 36773.9551)
INSERT dbo.Cars(Id, ModelId, DealerId, Year, OrderId, Price) VALUES (135, 95, 3, '2007-07-07 07:07:07.530', 423, 39515.4333)
INSERT dbo.Cars(Id, ModelId, DealerId, Year, OrderId, Price) VALUES (136, 45, 36, '2008-04-06 09:57:58.540', 482, 5565.3216)
INSERT dbo.Cars(Id, ModelId, DealerId, Year, OrderId, Price) VALUES (137, 88, 35, '2008-09-25 07:25:39.530', 251, 36676.6594)
INSERT dbo.Cars(Id, ModelId, DealerId, Year, OrderId, Price) VALUES (138, 55, 48, '2007-07-07 07:07:07.170', NULL, 25045.7971)
INSERT dbo.Cars(Id, ModelId, DealerId, Year, OrderId, Price) VALUES (139, 10, 29, '2008-06-11 17:56:27.680', 422, 32788)
INSERT dbo.Cars(Id, ModelId, DealerId, Year, OrderId, Price) VALUES (140, 21, 49, '2000-01-01 01:01:01.160', NULL, 10417.9760)
INSERT dbo.Cars(Id, ModelId, DealerId, Year, OrderId, Price) VALUES (141, 87, 50, '2001-09-11 16:23:36.340', 86, 34345)
INSERT dbo.Cars(Id, ModelId, DealerId, Year, OrderId, Price) VALUES (142, 96, 46, '2009-01-17 21:05:43.550', 24, 13221)
INSERT dbo.Cars(Id, ModelId, DealerId, Year, OrderId, Price) VALUES (143, 71, 38, '2000-01-01 01:01:01.710', 566, 35543.4465)
INSERT dbo.Cars(Id, ModelId, DealerId, Year, OrderId, Price) VALUES (144, 19, 40, '2010-02-09 06:35:40.860', 26, 24487.3616)
INSERT dbo.Cars(Id, ModelId, DealerId, Year, OrderId, Price) VALUES (145, 49, 6, '2007-07-22 23:17:38.650', 213, 111.2393)
INSERT dbo.Cars(Id, ModelId, DealerId, Year, OrderId, Price) VALUES (146, 44, 41, '2007-07-07 07:59:24.660', NULL, 32269)
INSERT dbo.Cars(Id, ModelId, DealerId, Year, OrderId, Price) VALUES (147, 51, 24, '2007-12-20 13:11:12.790', 422, 35519.9115)
INSERT dbo.Cars(Id, ModelId, DealerId, Year, OrderId, Price) VALUES (148, 83, 31, '2008-05-09 16:26:36.060', 509, 13012)
INSERT dbo.Cars(Id, ModelId, DealerId, Year, OrderId, Price) VALUES (149, 2, 11, '2007-07-07 07:07:16.560', NULL, 1225.6432)
INSERT dbo.Cars(Id, ModelId, DealerId, Year, OrderId, Price) VALUES (150, 77, 44, '2009-05-15 12:57:53.520', NULL, 37026.6565)
INSERT dbo.Cars(Id, ModelId, DealerId, Year, OrderId, Price) VALUES (151, 11, 14, '2007-08-21 18:27:53.160', 151, 29830.0141)
INSERT dbo.Cars(Id, ModelId, DealerId, Year, OrderId, Price) VALUES (152, 56, 18, '2001-01-19 21:54:24.720', 567, 8891)
INSERT dbo.Cars(Id, ModelId, DealerId, Year, OrderId, Price) VALUES (153, 6, 49, '2000-01-01 01:01:01.470', 422, 11654.7785)
INSERT dbo.Cars(Id, ModelId, DealerId, Year, OrderId, Price) VALUES (154, 69, 23, '2007-07-07 07:07:07.560', 510, 47517.0645)
INSERT dbo.Cars(Id, ModelId, DealerId, Year, OrderId, Price) VALUES (155, 81, 10, '2000-01-01 01:01:01.550', 484, 37397)
INSERT dbo.Cars(Id, ModelId, DealerId, Year, OrderId, Price) VALUES (156, 61, 25, '2007-07-07 07:07:07.390', 484, 1013)
INSERT dbo.Cars(Id, ModelId, DealerId, Year, OrderId, Price) VALUES (157, 9, 13, '2007-08-03 06:37:38.120', 211, 41674.0864)
INSERT dbo.Cars(Id, ModelId, DealerId, Year, OrderId, Price) VALUES (158, 53, 11, '1992-07-01 04:52:24.330', 483, 45773.9616)
INSERT dbo.Cars(Id, ModelId, DealerId, Year, OrderId, Price) VALUES (159, 95, 2, '1977-12-13 11:45:26.610', 483, 38373)
INSERT dbo.Cars(Id, ModelId, DealerId, Year, OrderId, Price) VALUES (160, 41, 21, '2009-03-29 13:01:10.450', 85, 14248.2555)
INSERT dbo.Cars(Id, ModelId, DealerId, Year, OrderId, Price) VALUES (161, 13, 50, '2000-01-01 01:01:06.900', 309, 20556.7120)
INSERT dbo.Cars(Id, ModelId, DealerId, Year, OrderId, Price) VALUES (162, 67, 32, '2007-07-07 07:07:07.090', 423, 13314)
INSERT dbo.Cars(Id, ModelId, DealerId, Year, OrderId, Price) VALUES (163, 15, 17, '2001-03-10 18:46:33.190', NULL, 14838.9329)
INSERT dbo.Cars(Id, ModelId, DealerId, Year, OrderId, Price) VALUES (164, 96, 48, '2007-07-07 07:07:07.620', 251, 33931.2947)
INSERT dbo.Cars(Id, ModelId, DealerId, Year, OrderId, Price) VALUES (165, 51, 50, '2008-12-01 07:50:48.000', NULL, 43284)
INSERT dbo.Cars(Id, ModelId, DealerId, Year, OrderId, Price) VALUES (166, 4, 12, '1973-12-12 05:58:07.440', NULL, 31750)
INSERT dbo.Cars(Id, ModelId, DealerId, Year, OrderId, Price) VALUES (167, 22, 36, '2008-09-15 18:49:10.910', 248, 17742.5876)
INSERT dbo.Cars(Id, ModelId, DealerId, Year, OrderId, Price) VALUES (168, 86, 23, '1973-06-08 18:08:55.650', 484, 9776.7686)
INSERT dbo.Cars(Id, ModelId, DealerId, Year, OrderId, Price) VALUES (169, 33, 34, '1970-01-01 00:00:01.160', 312, 9059.5604)
INSERT dbo.Cars(Id, ModelId, DealerId, Year, OrderId, Price) VALUES (170, 8, 11, '2007-07-07 07:07:07.780', 208, 26626.3869)
INSERT dbo.Cars(Id, ModelId, DealerId, Year, OrderId, Price) VALUES (171, 72, 21, '2007-08-07 00:35:29.860', 27, 42141.9424)
INSERT dbo.Cars(Id, ModelId, DealerId, Year, OrderId, Price) VALUES (172, 23, 40, '2007-07-07 07:07:07.300', 511, 39960.4312)
INSERT dbo.Cars(Id, ModelId, DealerId, Year, OrderId, Price) VALUES (173, 23, 29, '1975-08-21 06:31:29.170', NULL, 34771)
INSERT dbo.Cars(Id, ModelId, DealerId, Year, OrderId, Price) VALUES (174, 5, 9, '2001-03-19 08:41:20.290', 312, 25979)
INSERT dbo.Cars(Id, ModelId, DealerId, Year, OrderId, Price) VALUES (175, 84, 30, '2008-05-30 18:41:11.300', 249, 47397.2244)
INSERT dbo.Cars(Id, ModelId, DealerId, Year, OrderId, Price) VALUES (176, 24, 46, '2000-10-21 18:54:05.050', 88, 37444.0448)
INSERT dbo.Cars(Id, ModelId, DealerId, Year, OrderId, Price) VALUES (177, 83, 24, '2000-01-01 01:01:04.910', 148, 41270)
INSERT dbo.Cars(Id, ModelId, DealerId, Year, OrderId, Price) VALUES (178, 94, 10, '2008-10-16 07:04:39.310', 569, 47812.7892)
INSERT dbo.Cars(Id, ModelId, DealerId, Year, OrderId, Price) VALUES (179, 15, 32, '2009-11-09 06:23:18.190', 422, 31739.0437)
INSERT dbo.Cars(Id, ModelId, DealerId, Year, OrderId, Price) VALUES (180, 53, 47, '2001-11-05 04:51:40.890', 252, 37304)
INSERT dbo.Cars(Id, ModelId, DealerId, Year, OrderId, Price) VALUES (181, 88, 22, '2008-08-05 03:30:22.660', 151, 20966.5920)
INSERT dbo.Cars(Id, ModelId, DealerId, Year, OrderId, Price) VALUES (182, 59, 12, '2007-04-14 09:04:49.750', 148, 31000.3563)
INSERT dbo.Cars(Id, ModelId, DealerId, Year, OrderId, Price) VALUES (183, 55, 34, '2000-01-01 15:20:42.010', 212, 28948.3472)
INSERT dbo.Cars(Id, ModelId, DealerId, Year, OrderId, Price) VALUES (184, 82, 29, '2000-01-02 09:33:15.400', 313, 10727.0950)
INSERT dbo.Cars(Id, ModelId, DealerId, Year, OrderId, Price) VALUES (185, 96, 13, '1970-01-01 01:21:13.310', 512, 40537.4960)
INSERT dbo.Cars(Id, ModelId, DealerId, Year, OrderId, Price) VALUES (186, 18, 24, '2009-08-19 23:53:15.940', 424, 23020)
INSERT dbo.Cars(Id, ModelId, DealerId, Year, OrderId, Price) VALUES (187, 44, 36, '1979-04-21 10:21:50.070', 253, 35478.9283)
INSERT dbo.Cars(Id, ModelId, DealerId, Year, OrderId, Price) VALUES (188, 1, 4, '2007-07-07 07:07:18.110', 28, 48443)
INSERT dbo.Cars(Id, ModelId, DealerId, Year, OrderId, Price) VALUES (189, 86, 40, '2000-01-01 01:01:01.700', 423, 48165.2247)
INSERT dbo.Cars(Id, ModelId, DealerId, Year, OrderId, Price) VALUES (190, 54, 22, '2007-07-07 07:07:07.130', 152, 8279)
INSERT dbo.Cars(Id, ModelId, DealerId, Year, OrderId, Price) VALUES (191, 82, 12, '2001-06-10 10:28:28.390', NULL, 15554.6965)
INSERT dbo.Cars(Id, ModelId, DealerId, Year, OrderId, Price) VALUES (192, 25, 44, '2008-09-12 21:17:40.210', NULL, 20883.0688)
INSERT dbo.Cars(Id, ModelId, DealerId, Year, OrderId, Price) VALUES (193, 85, 4, '2007-07-07 07:07:12.140', NULL, 12237.0954)
INSERT dbo.Cars(Id, ModelId, DealerId, Year, OrderId, Price) VALUES (194, 66, 9, '2004-09-20 17:27:39.000', NULL, 21825.3744)
INSERT dbo.Cars(Id, ModelId, DealerId, Year, OrderId, Price) VALUES (195, 50, 9, '2008-08-25 12:02:57.960', 252, 37134.8891)
INSERT dbo.Cars(Id, ModelId, DealerId, Year, OrderId, Price) VALUES (196, 24, 10, '2000-02-05 02:03:26.290', NULL, 48962)
INSERT dbo.Cars(Id, ModelId, DealerId, Year, OrderId, Price) VALUES (197, 50, 43, '2001-01-25 19:41:36.720', NULL, 10231)
INSERT dbo.Cars(Id, ModelId, DealerId, Year, OrderId, Price) VALUES (198, 51, 47, '2006-03-23 02:40:00.230', NULL, 15650.6647)
INSERT dbo.Cars(Id, ModelId, DealerId, Year, OrderId, Price) VALUES (199, 7, 50, '2007-07-19 06:49:50.790', 212, 46979)
INSERT dbo.Cars(Id, ModelId, DealerId, Year, OrderId, Price) VALUES (200, 83, 2, '2007-08-01 13:52:56.110', NULL, 11068.2297)
INSERT dbo.Cars(Id, ModelId, DealerId, Year, OrderId, Price) VALUES (201, 9, 43, '2007-07-09 09:35:40.740', NULL, 47155.7995)
INSERT dbo.Cars(Id, ModelId, DealerId, Year, OrderId, Price) VALUES (202, 94, 39, '2008-07-16 19:48:25.300', 25, 5761.9420)
INSERT dbo.Cars(Id, ModelId, DealerId, Year, OrderId, Price) VALUES (203, 90, 49, '2008-12-05 17:56:08.870', 86, 26467)
INSERT dbo.Cars(Id, ModelId, DealerId, Year, OrderId, Price) VALUES (204, 37, 32, '2000-01-01 01:01:01.540', 153, 3088.1606)
INSERT dbo.Cars(Id, ModelId, DealerId, Year, OrderId, Price) VALUES (205, 25, 30, '2000-02-11 02:13:53.130', NULL, 22165.8048)
INSERT dbo.Cars(Id, ModelId, DealerId, Year, OrderId, Price) VALUES (206, 18, 38, '2000-01-01 01:01:01.180', NULL, 17516.7590)
INSERT dbo.Cars(Id, ModelId, DealerId, Year, OrderId, Price) VALUES (207, 83, 1, '2000-01-01 06:16:48.890', 571, 11801.0630)
INSERT dbo.Cars(Id, ModelId, DealerId, Year, OrderId, Price) VALUES (208, 24, 1, '2000-01-01 01:01:07.350', 210, 8448.4291)
INSERT dbo.Cars(Id, ModelId, DealerId, Year, OrderId, Price) VALUES (209, 79, 29, '1970-01-01 00:00:01.780', 514, 15759.1267)
INSERT dbo.Cars(Id, ModelId, DealerId, Year, OrderId, Price) VALUES (210, 82, 22, '2008-10-30 22:14:12.640', NULL, 3808.4745)
INSERT dbo.Cars(Id, ModelId, DealerId, Year, OrderId, Price) VALUES (211, 32, 8, '2008-10-15 22:24:24.840', 364, 13704.8574)
INSERT dbo.Cars(Id, ModelId, DealerId, Year, OrderId, Price) VALUES (212, 93, 7, '2007-07-07 07:07:14.040', NULL, 11521.2441)
INSERT dbo.Cars(Id, ModelId, DealerId, Year, OrderId, Price) VALUES (213, 68, 1, '2001-05-02 09:39:01.630', NULL, 25646)
INSERT dbo.Cars(Id, ModelId, DealerId, Year, OrderId, Price) VALUES (214, 55, 31, '2010-04-26 05:58:53.690', 254, 9898)
INSERT dbo.Cars(Id, ModelId, DealerId, Year, OrderId, Price) VALUES (215, 60, 11, '2008-12-02 06:21:14.880', 515, 6172)
INSERT dbo.Cars(Id, ModelId, DealerId, Year, OrderId, Price) VALUES (216, 25, 40, '2007-07-09 11:19:21.940', NULL, 19154.2708)
INSERT dbo.Cars(Id, ModelId, DealerId, Year, OrderId, Price) VALUES (217, 79, 7, '2007-07-07 07:07:43.180', NULL, 47972.7257)
INSERT dbo.Cars(Id, ModelId, DealerId, Year, OrderId, Price) VALUES (218, 13, 4, '2007-07-07 07:07:07.560', 573, 26258)
INSERT dbo.Cars(Id, ModelId, DealerId, Year, OrderId, Price) VALUES (219, 11, 19, '2008-01-23 00:18:55.850', 214, 24616.1408)
INSERT dbo.Cars(Id, ModelId, DealerId, Year, OrderId, Price) VALUES (220, 64, 39, '2002-10-18 15:43:47.910', NULL, 42463)
INSERT dbo.Cars(Id, ModelId, DealerId, Year, OrderId, Price) VALUES (221, 2, 15, '2008-05-13 13:15:47.880', NULL, 2778.0166)
INSERT dbo.Cars(Id, ModelId, DealerId, Year, OrderId, Price) VALUES (222, 31, 5, '1970-01-01 00:00:01.660', 482, 25351.4912)
INSERT dbo.Cars(Id, ModelId, DealerId, Year, OrderId, Price) VALUES (223, 94, 5, '2009-11-20 02:11:51.160', 154, 27691)
INSERT dbo.Cars(Id, ModelId, DealerId, Year, OrderId, Price) VALUES (224, 51, 48, '2001-01-07 02:19:33.850', NULL, 41942.6977)
INSERT dbo.Cars(Id, ModelId, DealerId, Year, OrderId, Price) VALUES (225, 79, 15, '2007-07-07 07:07:07.320', NULL, 22168)
INSERT dbo.Cars(Id, ModelId, DealerId, Year, OrderId, Price) VALUES (226, 30, 10, '2009-02-01 11:31:24.770', 154, 42556)
INSERT dbo.Cars(Id, ModelId, DealerId, Year, OrderId, Price) VALUES (227, 88, 22, '2009-06-04 08:04:27.530', 425, 13269.1556)
INSERT dbo.Cars(Id, ModelId, DealerId, Year, OrderId, Price) VALUES (228, 46, 44, '2007-07-07 07:07:38.070', 150, 17830)
INSERT dbo.Cars(Id, ModelId, DealerId, Year, OrderId, Price) VALUES (229, 90, 35, '2001-10-10 09:03:57.220', NULL, 23414.4590)
INSERT dbo.Cars(Id, ModelId, DealerId, Year, OrderId, Price) VALUES (230, 97, 28, '2002-01-13 13:35:41.160', NULL, 47134)
INSERT dbo.Cars(Id, ModelId, DealerId, Year, OrderId, Price) VALUES (231, 17, 35, '2000-01-01 01:01:03.530', NULL, 40486.8724)
INSERT dbo.Cars(Id, ModelId, DealerId, Year, OrderId, Price) VALUES (232, 78, 24, '2007-12-25 10:08:26.820', 423, 48142.9889)
INSERT dbo.Cars(Id, ModelId, DealerId, Year, OrderId, Price) VALUES (233, 35, 36, '1970-08-28 20:31:38.290', NULL, 9279.1521)
INSERT dbo.Cars(Id, ModelId, DealerId, Year, OrderId, Price) VALUES (234, 54, 5, '2000-01-03 08:56:07.650', NULL, 43958)
INSERT dbo.Cars(Id, ModelId, DealerId, Year, OrderId, Price) VALUES (235, 57, 46, '2008-07-05 01:37:57.930', 149, 46491)
INSERT dbo.Cars(Id, ModelId, DealerId, Year, OrderId, Price) VALUES (236, 46, 37, '2000-01-01 01:01:10.690', 310, 40411.6976)
INSERT dbo.Cars(Id, ModelId, DealerId, Year, OrderId, Price) VALUES (237, 88, 20, '2008-03-30 17:02:53.230', 86, 45241.9237)
INSERT dbo.Cars(Id, ModelId, DealerId, Year, OrderId, Price) VALUES (238, 65, 28, '2000-01-01 01:01:01.560', 249, 44069.6192)
INSERT dbo.Cars(Id, ModelId, DealerId, Year, OrderId, Price) VALUES (239, 45, 30, '2010-04-06 18:08:44.900', 26, 48038.9214)
INSERT dbo.Cars(Id, ModelId, DealerId, Year, OrderId, Price) VALUES (240, 20, 11, '2008-12-06 03:43:28.560', 310, 17632.9408)
INSERT dbo.Cars(Id, ModelId, DealerId, Year, OrderId, Price) VALUES (241, 67, 33, '2007-08-08 05:39:02.610', NULL, 32757)
INSERT dbo.Cars(Id, ModelId, DealerId, Year, OrderId, Price) VALUES (242, 71, 5, '2007-07-08 10:39:08.060', 516, 10424.0130)
INSERT dbo.Cars(Id, ModelId, DealerId, Year, OrderId, Price) VALUES (243, 44, 40, '2007-07-07 07:07:15.630', 210, 14876.6980)
INSERT dbo.Cars(Id, ModelId, DealerId, Year, OrderId, Price) VALUES (244, 5, 25, '2000-01-01 01:01:01.360', 215, 27205.2663)
INSERT dbo.Cars(Id, ModelId, DealerId, Year, OrderId, Price) VALUES (245, 81, 17, '2000-11-04 04:10:27.550', 211, 17082.7946)
INSERT dbo.Cars(Id, ModelId, DealerId, Year, OrderId, Price) VALUES (246, 3, 24, '2008-11-18 13:06:44.530', 574, 42277)
INSERT dbo.Cars(Id, ModelId, DealerId, Year, OrderId, Price) VALUES (247, 24, 30, '2008-06-16 03:23:44.540', 27, 32365.3196)
INSERT dbo.Cars(Id, ModelId, DealerId, Year, OrderId, Price) VALUES (248, 91, 10, '2008-08-16 16:42:31.090', 88, 23447.4802)
INSERT dbo.Cars(Id, ModelId, DealerId, Year, OrderId, Price) VALUES (249, 74, 24, '2000-01-01 19:17:00.730', NULL, 36922.3995)
INSERT dbo.Cars(Id, ModelId, DealerId, Year, OrderId, Price) VALUES (250, 69, 11, '1971-01-24 22:37:11.870', NULL, 1580.8499)
INSERT dbo.Cars(Id, ModelId, DealerId, Year, OrderId, Price) VALUES (251, 22, 7, '2007-07-07 07:07:07.940', 87, 24547.4441)
INSERT dbo.Cars(Id, ModelId, DealerId, Year, OrderId, Price) VALUES (252, 15, 6, '2000-01-01 17:42:57.450', 517, 33490.4476)
INSERT dbo.Cars(Id, ModelId, DealerId, Year, OrderId, Price) VALUES (253, 53, 40, '2008-11-11 15:05:59.750', 364, 17923)
INSERT dbo.Cars(Id, ModelId, DealerId, Year, OrderId, Price) VALUES (254, 61, 30, '2007-07-07 07:07:07.080', 89, 2055.5348)
INSERT dbo.Cars(Id, ModelId, DealerId, Year, OrderId, Price) VALUES (255, 27, 24, '2007-12-14 21:06:18.240', NULL, 40356)
INSERT dbo.Cars(Id, ModelId, DealerId, Year, OrderId, Price) VALUES (256, 63, 3, '2007-07-07 07:07:07.830', 365, 16981.5570)
INSERT dbo.Cars(Id, ModelId, DealerId, Year, OrderId, Price) VALUES (257, 14, 34, '2007-07-19 07:32:53.290', NULL, 23206)
INSERT dbo.Cars(Id, ModelId, DealerId, Year, OrderId, Price) VALUES (258, 22, 24, '2009-01-16 02:34:09.350', 518, 7157.9174)
INSERT dbo.Cars(Id, ModelId, DealerId, Year, OrderId, Price) VALUES (259, 80, 19, '2007-07-07 07:07:07.210', 253, 29707.2672)
INSERT dbo.Cars(Id, ModelId, DealerId, Year, OrderId, Price) VALUES (260, 25, 43, '2007-07-07 07:07:16.530', NULL, 10843)
INSERT dbo.Cars(Id, ModelId, DealerId, Year, OrderId, Price) VALUES (261, 83, 46, '2008-03-03 10:50:16.620', 150, 25383.5277)
INSERT dbo.Cars(Id, ModelId, DealerId, Year, OrderId, Price) VALUES (262, 14, 41, '2000-01-01 01:01:34.990', 27, 2663)
INSERT dbo.Cars(Id, ModelId, DealerId, Year, OrderId, Price) VALUES (263, 80, 12, '2007-07-08 07:16:13.500', NULL, 1656)
INSERT dbo.Cars(Id, ModelId, DealerId, Year, OrderId, Price) VALUES (264, 75, 27, '2008-12-22 20:14:50.770', 311, 27807.5936)
INSERT dbo.Cars(Id, ModelId, DealerId, Year, OrderId, Price) VALUES (265, 60, 36, '2009-07-29 02:11:14.930', 576, 17935.4609)
INSERT dbo.Cars(Id, ModelId, DealerId, Year, OrderId, Price) VALUES (266, 81, 49, '2007-07-07 07:08:41.370', NULL, 8029.0917)
INSERT dbo.Cars(Id, ModelId, DealerId, Year, OrderId, Price) VALUES (267, 41, 6, '2010-09-07 20:40:50.980', 251, 30863.2338)
INSERT dbo.Cars(Id, ModelId, DealerId, Year, OrderId, Price) VALUES (268, 64, 3, '2000-10-14 11:38:26.550', NULL, 43501)
INSERT dbo.Cars(Id, ModelId, DealerId, Year, OrderId, Price) VALUES (269, 51, 18, '2001-01-29 23:38:48.440', 315, 42471.9156)
INSERT dbo.Cars(Id, ModelId, DealerId, Year, OrderId, Price) VALUES (270, 59, 45, '2008-10-06 23:32:20.490', 28, 25821.9412)
INSERT dbo.Cars(Id, ModelId, DealerId, Year, OrderId, Price) VALUES (271, 58, 42, '2010-01-18 11:26:42.700', NULL, 6035.6503)
INSERT dbo.Cars(Id, ModelId, DealerId, Year, OrderId, Price) VALUES (272, 21, 3, '2007-12-19 13:31:36.120', 423, 1202.5483)
INSERT dbo.Cars(Id, ModelId, DealerId, Year, OrderId, Price) VALUES (273, 13, 3, '1970-01-12 05:57:38.750', NULL, 30063.0904)
INSERT dbo.Cars(Id, ModelId, DealerId, Year, OrderId, Price) VALUES (274, 75, 44, '2000-01-01 01:01:01.300', NULL, 1140.5676)
INSERT dbo.Cars(Id, ModelId, DealerId, Year, OrderId, Price) VALUES (275, 59, 32, '2007-07-07 07:07:09.980', 312, 45449.6251)
INSERT dbo.Cars(Id, ModelId, DealerId, Year, OrderId, Price) VALUES (276, 69, 43, '2008-05-26 22:38:06.850', NULL, 24702.0705)
INSERT dbo.Cars(Id, ModelId, DealerId, Year, OrderId, Price) VALUES (277, 47, 22, '2000-01-18 07:07:41.370', NULL, 1640.1096)
INSERT dbo.Cars(Id, ModelId, DealerId, Year, OrderId, Price) VALUES (278, 17, 4, '2005-09-24 20:18:40.890', 152, 24422.0448)
INSERT dbo.Cars(Id, ModelId, DealerId, Year, OrderId, Price) VALUES (279, 67, 25, '2007-07-07 07:07:07.060', 520, 37642.9780)
INSERT dbo.Cars(Id, ModelId, DealerId, Year, OrderId, Price) VALUES (280, 83, 38, '2008-11-01 18:58:41.570', NULL, 30285.2953)
INSERT dbo.Cars(Id, ModelId, DealerId, Year, OrderId, Price) VALUES (281, 9, 25, '2008-06-09 10:18:58.880', 215, 45608)
INSERT dbo.Cars(Id, ModelId, DealerId, Year, OrderId, Price) VALUES (282, 82, 49, '2008-08-22 18:14:51.290', 364, 32273.1802)
INSERT dbo.Cars(Id, ModelId, DealerId, Year, OrderId, Price) VALUES (283, 68, 10, '2008-01-29 01:36:48.700', NULL, 10519.2423)
INSERT dbo.Cars(Id, ModelId, DealerId, Year, OrderId, Price) VALUES (284, 32, 7, '2000-01-01 01:01:01.530', 314, 2725)
INSERT dbo.Cars(Id, ModelId, DealerId, Year, OrderId, Price) VALUES (285, 14, 1, '2008-03-26 03:02:44.370', 425, 18391.2520)
INSERT dbo.Cars(Id, ModelId, DealerId, Year, OrderId, Price) VALUES (286, 25, 1, '2008-02-12 04:12:06.970', 578, 19967.7975)
INSERT dbo.Cars(Id, ModelId, DealerId, Year, OrderId, Price) VALUES (287, 99, 3, '2007-07-07 07:07:07.950', NULL, 15733.9765)
INSERT dbo.Cars(Id, ModelId, DealerId, Year, OrderId, Price) VALUES (288, 43, 13, '2008-06-30 17:02:35.950', 214, 25460)
INSERT dbo.Cars(Id, ModelId, DealerId, Year, OrderId, Price) VALUES (289, 4, 39, '2008-10-05 18:48:47.070', 424, 16631.5975)
INSERT dbo.Cars(Id, ModelId, DealerId, Year, OrderId, Price) VALUES (290, 40, 45, '2007-07-07 07:07:16.920', 521, 32259.3676)
INSERT dbo.Cars(Id, ModelId, DealerId, Year, OrderId, Price) VALUES (291, 91, 2, '2007-07-07 07:07:07.020', NULL, 18669.7195)
INSERT dbo.Cars(Id, ModelId, DealerId, Year, OrderId, Price) VALUES (292, 6, 49, '2008-01-29 20:50:27.210', 28, 16823)
INSERT dbo.Cars(Id, ModelId, DealerId, Year, OrderId, Price) VALUES (293, 63, 9, '2007-07-07 07:07:08.330', 89, 9949.9721)
INSERT dbo.Cars(Id, ModelId, DealerId, Year, OrderId, Price) VALUES (294, 10, 19, '2010-05-28 03:42:41.940', 483, 27598)
INSERT dbo.Cars(Id, ModelId, DealerId, Year, OrderId, Price) VALUES (295, 96, 19, '1970-01-01 00:00:01.160', 155, 19418)
INSERT dbo.Cars(Id, ModelId, DealerId, Year, OrderId, Price) VALUES (296, 15, 35, '2007-07-04 05:29:33.540', 364, 17559)
INSERT dbo.Cars(Id, ModelId, DealerId, Year, OrderId, Price) VALUES (297, 41, 28, '2011-08-15 09:00:50.350', NULL, 46398)
INSERT dbo.Cars(Id, ModelId, DealerId, Year, OrderId, Price) VALUES (298, 63, 8, '2008-02-09 19:32:33.380', 90, 6775.4096)
INSERT dbo.Cars(Id, ModelId, DealerId, Year, OrderId, Price) VALUES (299, 39, 21, '2007-07-07 07:07:07.540', NULL, 21691.9524)
INSERT dbo.Cars(Id, ModelId, DealerId, Year, OrderId, Price) VALUES (300, 13, 13, '2007-07-09 03:50:30.020', 211, 36568.1924)
INSERT dbo.Cars(Id, ModelId, DealerId, Year, OrderId, Price) VALUES (301, 77, 38, '1986-12-19 09:45:54.340', 316, 28336.0306)
INSERT dbo.Cars(Id, ModelId, DealerId, Year, OrderId, Price) VALUES (302, 44, 28, '2001-03-22 01:19:33.530', 254, 46555.4670)
INSERT dbo.Cars(Id, ModelId, DealerId, Year, OrderId, Price) VALUES (303, 13, 33, '2007-08-13 04:30:47.860', NULL, 36816)
INSERT dbo.Cars(Id, ModelId, DealerId, Year, OrderId, Price) VALUES (304, 37, 46, '2007-11-04 05:26:01.650', NULL, 28123.4633)
INSERT dbo.Cars(Id, ModelId, DealerId, Year, OrderId, Price) VALUES (305, 66, 47, '2007-07-07 07:07:07.130', NULL, 14200.1801)
INSERT dbo.Cars(Id, ModelId, DealerId, Year, OrderId, Price) VALUES (306, 83, 2, '2000-01-01 01:01:01.170', NULL, 39775)
INSERT dbo.Cars(Id, ModelId, DealerId, Year, OrderId, Price) VALUES (307, 40, 7, '2000-12-06 11:50:21.680', 522, 6172)
INSERT dbo.Cars(Id, ModelId, DealerId, Year, OrderId, Price) VALUES (308, 18, 50, '2001-07-14 14:59:37.550', 256, 39225)
INSERT dbo.Cars(Id, ModelId, DealerId, Year, OrderId, Price) VALUES (309, 84, 33, '2009-08-02 13:59:57.930', 156, 49968.9484)
INSERT dbo.Cars(Id, ModelId, DealerId, Year, OrderId, Price) VALUES (310, 77, 50, '2008-02-02 09:02:11.240', 30, 44996)
INSERT dbo.Cars(Id, ModelId, DealerId, Year, OrderId, Price) VALUES (311, 75, 23, '2002-08-06 00:29:34.860', 216, 10279.7010)
INSERT dbo.Cars(Id, ModelId, DealerId, Year, OrderId, Price) VALUES (312, 28, 10, '2000-01-16 17:11:32.650', NULL, 12304.8856)
INSERT dbo.Cars(Id, ModelId, DealerId, Year, OrderId, Price) VALUES (313, 79, 20, '2007-12-15 11:50:32.700', 426, 36262.4465)
INSERT dbo.Cars(Id, ModelId, DealerId, Year, OrderId, Price) VALUES (314, 76, 26, '2007-08-22 04:25:46.710', 156, 32921.2666)
INSERT dbo.Cars(Id, ModelId, DealerId, Year, OrderId, Price) VALUES (315, 89, 19, '1970-01-01 00:00:01.710', 91, 18657.1536)
INSERT dbo.Cars(Id, ModelId, DealerId, Year, OrderId, Price) VALUES (316, 72, 21, '2008-06-15 01:28:34.150', 366, 44903)
INSERT dbo.Cars(Id, ModelId, DealerId, Year, OrderId, Price) VALUES (317, 37, 37, '2008-03-15 16:22:32.660', 154, 26632.8404)
INSERT dbo.Cars(Id, ModelId, DealerId, Year, OrderId, Price) VALUES (318, 84, 31, '2007-07-07 07:07:07.140', NULL, 35958.4501)
INSERT dbo.Cars(Id, ModelId, DealerId, Year, OrderId, Price) VALUES (319, 5, 26, '2000-01-01 01:53:18.660', 523, 26293.3510)
INSERT dbo.Cars(Id, ModelId, DealerId, Year, OrderId, Price) VALUES (320, 78, 22, '2009-05-16 22:39:07.280', 252, 179.0117)
INSERT dbo.Cars(Id, ModelId, DealerId, Year, OrderId, Price) VALUES (321, 68, 12, '1971-01-20 20:53:24.720', NULL, 49938)
INSERT dbo.Cars(Id, ModelId, DealerId, Year, OrderId, Price) VALUES (322, 87, 35, '2010-07-23 18:32:48.260', 423, 22022.7935)
INSERT dbo.Cars(Id, ModelId, DealerId, Year, OrderId, Price) VALUES (323, 77, 19, '2007-07-07 07:07:07.440', NULL, 38060.1869)
INSERT dbo.Cars(Id, ModelId, DealerId, Year, OrderId, Price) VALUES (324, 45, 12, '2007-07-13 00:17:11.860', 524, 14860.0845)
INSERT dbo.Cars(Id, ModelId, DealerId, Year, OrderId, Price) VALUES (325, 21, 13, '1970-01-01 00:00:01.470', 484, 3825)
INSERT dbo.Cars(Id, ModelId, DealerId, Year, OrderId, Price) VALUES (326, 14, 31, '2010-03-05 15:13:55.000', 311, 16432.9178)
INSERT dbo.Cars(Id, ModelId, DealerId, Year, OrderId, Price) VALUES (327, 66, 50, '2007-07-07 07:07:07.530', 215, 23539)
INSERT dbo.Cars(Id, ModelId, DealerId, Year, OrderId, Price) VALUES (328, 11, 10, '2010-06-09 22:15:11.310', 582, 1625)
INSERT dbo.Cars(Id, ModelId, DealerId, Year, OrderId, Price) VALUES (329, 30, 49, '2004-07-20 13:41:58.790', NULL, 41758)
INSERT dbo.Cars(Id, ModelId, DealerId, Year, OrderId, Price) VALUES (330, 93, 8, '2008-01-27 22:52:21.640', NULL, 16480.0687)
INSERT dbo.Cars(Id, ModelId, DealerId, Year, OrderId, Price) VALUES (331, 70, 31, '2008-01-22 07:17:17.050', 212, 42520.9197)
INSERT dbo.Cars(Id, ModelId, DealerId, Year, OrderId, Price) VALUES (332, 36, 9, '2010-09-02 05:14:04.770', 315, 9440.5979)
INSERT dbo.Cars(Id, ModelId, DealerId, Year, OrderId, Price) VALUES (333, 14, 23, '2007-07-07 07:07:48.290', 83, 15245.8219)
INSERT dbo.Cars(Id, ModelId, DealerId, Year, OrderId, Price) VALUES (334, 95, 49, '2000-11-03 10:20:30.060', 525, 38418.3936)
INSERT dbo.Cars(Id, ModelId, DealerId, Year, OrderId, Price) VALUES (335, 40, 39, '2007-07-07 07:07:07.620', 155, 21618)
INSERT dbo.Cars(Id, ModelId, DealerId, Year, OrderId, Price) VALUES (336, 87, 8, '2000-01-01 01:01:10.560', NULL, 26746)
INSERT dbo.Cars(Id, ModelId, DealerId, Year, OrderId, Price) VALUES (337, 15, 21, '2001-11-09 06:51:47.520', 90, 43769.5187)
INSERT dbo.Cars(Id, ModelId, DealerId, Year, OrderId, Price) VALUES (338, 75, 18, '2007-08-02 14:04:01.900', 427, 26678.6264)
INSERT dbo.Cars(Id, ModelId, DealerId, Year, OrderId, Price) VALUES (339, 19, 46, '2007-07-07 07:07:07.870', 255, 20857.0180)
INSERT dbo.Cars(Id, ModelId, DealerId, Year, OrderId, Price) VALUES (340, 85, 8, '2000-02-15 12:21:47.160', NULL, 47736.0076)
INSERT dbo.Cars(Id, ModelId, DealerId, Year, OrderId, Price) VALUES (341, 34, 26, '2009-01-17 11:23:54.470', NULL, 28170.0800)
INSERT dbo.Cars(Id, ModelId, DealerId, Year, OrderId, Price) VALUES (342, 4, 25, '2000-01-01 01:01:01.560', 317, 25234.7878)
INSERT dbo.Cars(Id, ModelId, DealerId, Year, OrderId, Price) VALUES (343, 56, 40, '2009-07-16 23:30:55.750', NULL, 15464.0336)
INSERT dbo.Cars(Id, ModelId, DealerId, Year, OrderId, Price) VALUES (344, 1, 36, '2008-09-03 12:20:47.230', NULL, 40684.1740)
INSERT dbo.Cars(Id, ModelId, DealerId, Year, OrderId, Price) VALUES (345, 30, 13, '2007-07-07 07:07:07.400', 484, 10481.0719)
INSERT dbo.Cars(Id, ModelId, DealerId, Year, OrderId, Price) VALUES (346, 66, 7, '2000-01-01 01:01:01.390', NULL, 33632.3534)
INSERT dbo.Cars(Id, ModelId, DealerId, Year, OrderId, Price) VALUES (347, 81, 5, '2000-01-28 00:31:32.120', NULL, 32657.6446)
INSERT dbo.Cars(Id, ModelId, DealerId, Year, OrderId, Price) VALUES (348, 89, 25, '2007-12-28 03:15:48.850', 253, 42354.5900)
INSERT dbo.Cars(Id, ModelId, DealerId, Year, OrderId, Price) VALUES (349, 48, 43, '2008-05-03 21:28:05.970', NULL, 14384.8391)
INSERT dbo.Cars(Id, ModelId, DealerId, Year, OrderId, Price) VALUES (350, 23, 15, '2010-04-29 10:30:06.180', NULL, 15514)
INSERT dbo.Cars(Id, ModelId, DealerId, Year, OrderId, Price) VALUES (351, 7, 34, '2001-09-23 06:55:04.450', NULL, 13335.2097)
INSERT dbo.Cars(Id, ModelId, DealerId, Year, OrderId, Price) VALUES (352, 97, 1, '1970-01-01 00:00:01.550', 425, 32312.5238)
INSERT dbo.Cars(Id, ModelId, DealerId, Year, OrderId, Price) VALUES (353, 62, 37, '2008-09-01 01:18:21.250', 28, 18930)
INSERT dbo.Cars(Id, ModelId, DealerId, Year, OrderId, Price) VALUES (354, 41, 3, '2008-07-03 02:37:47.310', 254, 37211.3587)
INSERT dbo.Cars(Id, ModelId, DealerId, Year, OrderId, Price) VALUES (355, 31, 34, '2007-07-07 07:07:14.800', 526, 14445)
INSERT dbo.Cars(Id, ModelId, DealerId, Year, OrderId, Price) VALUES (356, 34, 40, '1970-01-01 00:00:06.900', 426, 28195.5324)
INSERT dbo.Cars(Id, ModelId, DealerId, Year, OrderId, Price) VALUES (357, 42, 47, '2007-12-14 16:06:24.010', 157, 39992)
INSERT dbo.Cars(Id, ModelId, DealerId, Year, OrderId, Price) VALUES (358, 79, 50, '2000-01-01 01:01:01.090', 89, 803.4606)
INSERT dbo.Cars(Id, ModelId, DealerId, Year, OrderId, Price) VALUES (359, 77, 6, '2007-07-18 20:25:19.250', 584, 26886.6469)
INSERT dbo.Cars(Id, ModelId, DealerId, Year, OrderId, Price) VALUES (360, 80, 23, '1981-11-26 09:35:30.190', 527, 39286.7495)
INSERT dbo.Cars(Id, ModelId, DealerId, Year, OrderId, Price) VALUES (361, 91, 21, '2000-01-01 01:01:01.620', 585, 26467)
INSERT dbo.Cars(Id, ModelId, DealerId, Year, OrderId, Price) VALUES (362, 45, 7, '2011-01-25 21:47:40.390', 315, 24422)
INSERT dbo.Cars(Id, ModelId, DealerId, Year, OrderId, Price) VALUES (363, 95, 2, '2007-07-08 22:02:42.510', 30, 40937)
INSERT dbo.Cars(Id, ModelId, DealerId, Year, OrderId, Price) VALUES (364, 94, 12, '2001-05-28 01:44:42.000', 23, 16366)
INSERT dbo.Cars(Id, ModelId, DealerId, Year, OrderId, Price) VALUES (365, 1, 33, '2007-07-07 07:07:07.480', 29, 2560.3965)
INSERT dbo.Cars(Id, ModelId, DealerId, Year, OrderId, Price) VALUES (366, 60, 14, '2007-07-08 23:59:30.960', 316, 8880.9284)
INSERT dbo.Cars(Id, ModelId, DealerId, Year, OrderId, Price) VALUES (367, 87, 8, '2008-08-21 10:53:50.110', NULL, 494)
INSERT dbo.Cars(Id, ModelId, DealerId, Year, OrderId, Price) VALUES (368, 18, 28, '2001-03-12 12:43:04.910', 424, 33064.7408)
INSERT dbo.Cars(Id, ModelId, DealerId, Year, OrderId, Price) VALUES (369, 37, 25, '2008-07-16 00:27:10.240', 255, 32322.5873)
INSERT dbo.Cars(Id, ModelId, DealerId, Year, OrderId, Price) VALUES (370, 78, 16, '2007-07-07 07:08:35.430', 528, 36032.6711)
INSERT dbo.Cars(Id, ModelId, DealerId, Year, OrderId, Price) VALUES (371, 4, 8, '2000-01-01 01:01:01.780', 364, 33992.4373)
INSERT dbo.Cars(Id, ModelId, DealerId, Year, OrderId, Price) VALUES (372, 68, 37, '2000-01-31 18:29:23.860', 424, 11117.4569)
INSERT dbo.Cars(Id, ModelId, DealerId, Year, OrderId, Price) VALUES (373, 43, 39, '2000-01-01 01:01:01.300', NULL, 27536)
INSERT dbo.Cars(Id, ModelId, DealerId, Year, OrderId, Price) VALUES (374, 8, 43, '2007-07-07 07:07:33.910', 213, 29984.0811)
INSERT dbo.Cars(Id, ModelId, DealerId, Year, OrderId, Price) VALUES (375, 80, 14, '1982-02-20 04:43:14.290', NULL, 5591)
INSERT dbo.Cars(Id, ModelId, DealerId, Year, OrderId, Price) VALUES (376, 14, 45, '2007-07-07 07:07:09.920', 364, 17311)
INSERT dbo.Cars(Id, ModelId, DealerId, Year, OrderId, Price) VALUES (377, 7, 38, '2000-11-24 12:35:05.300', 424, 43930.5858)
INSERT dbo.Cars(Id, ModelId, DealerId, Year, OrderId, Price) VALUES (378, 73, 18, '2007-07-07 07:07:07.250', 152, 42818.1136)
INSERT dbo.Cars(Id, ModelId, DealerId, Year, OrderId, Price) VALUES (379, 35, 5, '2007-07-07 07:07:07.600', 158, 18208.5246)
INSERT dbo.Cars(Id, ModelId, DealerId, Year, OrderId, Price) VALUES (380, 5, 2, '2008-11-12 23:08:08.590', 364, 15895.8770)
INSERT dbo.Cars(Id, ModelId, DealerId, Year, OrderId, Price) VALUES (381, 71, 26, '2001-04-12 00:58:33.310', 587, 24941)
INSERT dbo.Cars(Id, ModelId, DealerId, Year, OrderId, Price) VALUES (382, 16, 26, '1978-01-26 10:50:46.050', 316, 19059.8420)
INSERT dbo.Cars(Id, ModelId, DealerId, Year, OrderId, Price) VALUES (383, 13, 18, '2002-05-06 00:17:12.190', 92, 50000)
INSERT dbo.Cars(Id, ModelId, DealerId, Year, OrderId, Price) VALUES (384, 45, 17, '2007-07-07 07:07:07.430', NULL, 38254.0188)
INSERT dbo.Cars(Id, ModelId, DealerId, Year, OrderId, Price) VALUES (385, 99, 44, '2001-01-29 21:24:16.660', NULL, 5591)
INSERT dbo.Cars(Id, ModelId, DealerId, Year, OrderId, Price) VALUES (386, 30, 36, '2008-04-21 12:50:35.830', 423, 7902.9801)
INSERT dbo.Cars(Id, ModelId, DealerId, Year, OrderId, Price) VALUES (387, 51, 33, '1970-01-01 00:00:04.910', NULL, 1031.8685)
INSERT dbo.Cars(Id, ModelId, DealerId, Year, OrderId, Price) VALUES (388, 65, 16, '2007-07-09 05:48:14.490', 158, 23113)
INSERT dbo.Cars(Id, ModelId, DealerId, Year, OrderId, Price) VALUES (389, 39, 11, '2009-05-28 11:37:16.080', NULL, 49543)
INSERT dbo.Cars(Id, ModelId, DealerId, Year, OrderId, Price) VALUES (390, 92, 3, '2007-07-13 19:57:32.370', 425, 42464.3284)
INSERT dbo.Cars(Id, ModelId, DealerId, Year, OrderId, Price) VALUES (391, 28, 27, '2008-01-16 14:23:25.590', 213, 42500.8403)
INSERT dbo.Cars(Id, ModelId, DealerId, Year, OrderId, Price) VALUES (392, 37, 26, '2002-02-13 17:47:09.940', 32, 22214.2816)
INSERT dbo.Cars(Id, ModelId, DealerId, Year, OrderId, Price) VALUES (393, 88, 36, '2008-04-12 08:31:46.820', 312, 44085.7835)
INSERT dbo.Cars(Id, ModelId, DealerId, Year, OrderId, Price) VALUES (394, 83, 24, '2009-01-23 02:40:54.690', 219, 25892.6916)
INSERT dbo.Cars(Id, ModelId, DealerId, Year, OrderId, Price) VALUES (395, 12, 11, '2000-01-01 01:01:12.110', 153, 8363.1628)
INSERT dbo.Cars(Id, ModelId, DealerId, Year, OrderId, Price) VALUES (396, 6, 24, '2000-01-01 01:01:01.130', NULL, 24120)
INSERT dbo.Cars(Id, ModelId, DealerId, Year, OrderId, Price) VALUES (397, 2, 44, '2008-02-22 13:40:48.910', NULL, 5196)
INSERT dbo.Cars(Id, ModelId, DealerId, Year, OrderId, Price) VALUES (398, 9, 24, '2001-03-09 15:11:34.210', 159, 8372)
INSERT dbo.Cars(Id, ModelId, DealerId, Year, OrderId, Price) VALUES (399, 23, 15, '2000-01-01 01:01:06.140', 588, 12016.6731)
INSERT dbo.Cars(Id, ModelId, DealerId, Year, OrderId, Price) VALUES (400, 8, 49, '2007-08-16 17:09:28.760', NULL, 35623)
INSERT dbo.Cars(Id, ModelId, DealerId, Year, OrderId, Price) VALUES (401, 56, 40, '2007-07-07 07:07:10.760', 216, 22517.6736)
INSERT dbo.Cars(Id, ModelId, DealerId, Year, OrderId, Price) VALUES (402, 33, 42, '2007-07-07 15:02:14.030', 91, 37404.0915)
INSERT dbo.Cars(Id, ModelId, DealerId, Year, OrderId, Price) VALUES (403, 8, 16, '2001-02-19 05:56:51.960', 484, 44874.3760)
INSERT dbo.Cars(Id, ModelId, DealerId, Year, OrderId, Price) VALUES (404, 34, 19, '2007-07-07 07:07:07.180', 257, 34407)
INSERT dbo.Cars(Id, ModelId, DealerId, Year, OrderId, Price) VALUES (405, 90, 38, '1988-06-16 14:26:31.890', 84, 19020.0882)
INSERT dbo.Cars(Id, ModelId, DealerId, Year, OrderId, Price) VALUES (406, 80, 20, '2000-01-13 00:43:44.790', 531, 24793.7932)
INSERT dbo.Cars(Id, ModelId, DealerId, Year, OrderId, Price) VALUES (407, 6, 10, '2007-07-07 07:07:12.700', NULL, 28272)
INSERT dbo.Cars(Id, ModelId, DealerId, Year, OrderId, Price) VALUES (408, 38, 6, '2007-07-07 07:07:07.280', 219, 10750)
INSERT dbo.Cars(Id, ModelId, DealerId, Year, OrderId, Price) VALUES (409, 18, 43, '2009-02-12 07:47:24.370', 256, 39837)
INSERT dbo.Cars(Id, ModelId, DealerId, Year, OrderId, Price) VALUES (410, 79, 16, '2008-04-02 09:19:24.990', 159, 17373)
INSERT dbo.Cars(Id, ModelId, DealerId, Year, OrderId, Price) VALUES (411, 6, 27, '2007-07-08 18:37:19.090', 160, 22516.0263)
INSERT dbo.Cars(Id, ModelId, DealerId, Year, OrderId, Price) VALUES (412, 52, 19, '2008-01-04 23:43:26.310', NULL, 40751)
INSERT dbo.Cars(Id, ModelId, DealerId, Year, OrderId, Price) VALUES (413, 76, 45, '2000-01-26 07:46:50.110', 90, 3983.3575)
INSERT dbo.Cars(Id, ModelId, DealerId, Year, OrderId, Price) VALUES (414, 53, 27, '2008-04-01 22:20:20.450', 317, 43572.7856)
INSERT dbo.Cars(Id, ModelId, DealerId, Year, OrderId, Price) VALUES (415, 4, 15, '2008-09-07 09:25:08.580', 215, 44046.9453)
INSERT dbo.Cars(Id, ModelId, DealerId, Year, OrderId, Price) VALUES (416, 94, 16, '2000-01-03 03:29:34.740', 252, 9151.6596)
INSERT dbo.Cars(Id, ModelId, DealerId, Year, OrderId, Price) VALUES (417, 68, 7, '2008-02-21 14:04:01.860', 93, 11105.4265)
INSERT dbo.Cars(Id, ModelId, DealerId, Year, OrderId, Price) VALUES (418, 41, 11, '2001-01-10 13:42:19.300', 220, 8310)
INSERT dbo.Cars(Id, ModelId, DealerId, Year, OrderId, Price) VALUES (419, 20, 18, '2001-06-01 11:50:02.870', 31, 44965)
INSERT dbo.Cars(Id, ModelId, DealerId, Year, OrderId, Price) VALUES (420, 17, 3, '2007-07-07 23:55:52.640', 30, 43927)
INSERT dbo.Cars(Id, ModelId, DealerId, Year, OrderId, Price) VALUES (421, 94, 7, '2007-07-07 07:07:08.820', 92, 2020)
INSERT dbo.Cars(Id, ModelId, DealerId, Year, OrderId, Price) VALUES (422, 33, 35, '2007-07-07 07:07:07.590', 589, 36276.1018)
INSERT dbo.Cars(Id, ModelId, DealerId, Year, OrderId, Price) VALUES (423, 69, 10, '2007-07-09 00:52:58.850', 317, 17923)
INSERT dbo.Cars(Id, ModelId, DealerId, Year, OrderId, Price) VALUES (424, 73, 33, '2008-03-13 08:37:48.970', 33, 18016)
INSERT dbo.Cars(Id, ModelId, DealerId, Year, OrderId, Price) VALUES (425, 85, 15, '2001-04-26 16:08:06.640', 365, 6880.6100)
INSERT dbo.Cars(Id, ModelId, DealerId, Year, OrderId, Price) VALUES (426, 55, 48, '2001-04-11 16:18:18.840', NULL, 16558.8048)
INSERT dbo.Cars(Id, ModelId, DealerId, Year, OrderId, Price) VALUES (427, 9, 7, '2000-01-01 01:01:08.040', NULL, 12223.1351)
INSERT dbo.Cars(Id, ModelId, DealerId, Year, OrderId, Price) VALUES (428, 94, 38, '2007-07-07 07:07:07.540', 421, 7755.8202)
INSERT dbo.Cars(Id, ModelId, DealerId, Year, OrderId, Price) VALUES (429, 23, 10, '2009-05-13 05:03:09.950', 318, 18676.7877)
INSERT dbo.Cars(Id, ModelId, DealerId, Year, OrderId, Price) VALUES (430, 9, 30, '2007-07-07 12:25:33.880', 160, 35502.0985)
INSERT dbo.Cars(Id, ModelId, DealerId, Year, OrderId, Price) VALUES (431, 13, 26, '2002-10-20 23:52:47.690', NULL, 29844.3582)
INSERT dbo.Cars(Id, ModelId, DealerId, Year, OrderId, Price) VALUES (432, 5, 18, '2008-06-17 19:43:42.400', NULL, 45255.0243)
INSERT dbo.Cars(Id, ModelId, DealerId, Year, OrderId, Price) VALUES (433, 14, 11, '2008-03-17 06:32:18.870', 221, 12034.3392)
INSERT dbo.Cars(Id, ModelId, DealerId, Year, OrderId, Price) VALUES (434, 69, 29, '1977-04-14 08:03:49.750', 94, 41714.1993)
INSERT dbo.Cars(Id, ModelId, DealerId, Year, OrderId, Price) VALUES (435, 1, 19, '2008-03-03 14:45:07.960', 366, 44903)
INSERT dbo.Cars(Id, ModelId, DealerId, Year, OrderId, Price) VALUES (436, 46, 16, '2007-11-25 07:28:58.430', 153, 42215.1210)
INSERT dbo.Cars(Id, ModelId, DealerId, Year, OrderId, Price) VALUES (437, 73, 23, '2007-07-08 14:38:36.520', 365, 13730.3344)
INSERT dbo.Cars(Id, ModelId, DealerId, Year, OrderId, Price) VALUES (438, 54, 9, '2007-07-07 07:08:46.860', 319, 19999)
INSERT dbo.Cars(Id, ModelId, DealerId, Year, OrderId, Price) VALUES (439, 76, 15, '2009-03-28 03:08:20.700', NULL, 41863.9518)
INSERT dbo.Cars(Id, ModelId, DealerId, Year, OrderId, Price) VALUES (440, 89, 45, '1970-01-01 14:19:42.010', 533, 29217)
INSERT dbo.Cars(Id, ModelId, DealerId, Year, OrderId, Price) VALUES (441, 78, 9, '1970-01-02 08:32:15.400', 217, 13398.4810)
INSERT dbo.Cars(Id, ModelId, DealerId, Year, OrderId, Price) VALUES (442, 87, 23, '2007-07-07 07:07:07.840', 364, 8143.5297)
INSERT dbo.Cars(Id, ModelId, DealerId, Year, OrderId, Price) VALUES (443, 85, 20, '2007-07-07 07:07:07.350', 313, 17702.3374)
INSERT dbo.Cars(Id, ModelId, DealerId, Year, OrderId, Price) VALUES (444, 44, 42, '2008-08-24 03:52:57.620', 253, 10757.2642)
INSERT dbo.Cars(Id, ModelId, DealerId, Year, OrderId, Price) VALUES (445, 48, 20, '2001-05-29 00:15:08.880', 591, 9724.2534)
INSERT dbo.Cars(Id, ModelId, DealerId, Year, OrderId, Price) VALUES (446, 1, 37, '2008-07-09 05:44:06.480', NULL, 21037)
INSERT dbo.Cars(Id, ModelId, DealerId, Year, OrderId, Price) VALUES (447, 90, 14, '2007-07-07 07:07:07.520', 161, 6629)
INSERT dbo.Cars(Id, ModelId, DealerId, Year, OrderId, Price) VALUES (448, 75, 14, '2000-01-03 05:13:15.940', 91, 46090.0508)
INSERT dbo.Cars(Id, ModelId, DealerId, Year, OrderId, Price) VALUES (449, 24, 35, '2009-06-25 07:32:13.770', NULL, 45741.2923)
INSERT dbo.Cars(Id, ModelId, DealerId, Year, OrderId, Price) VALUES (450, 20, 37, '2007-07-07 07:07:07.850', 24, 18535)
INSERT dbo.Cars(Id, ModelId, DealerId, Year, OrderId, Price) VALUES (451, 54, 34, '2008-05-16 01:47:53.520', 155, 46429)
INSERT dbo.Cars(Id, ModelId, DealerId, Year, OrderId, Price) VALUES (452, 47, 43, '2000-01-01 01:01:37.180', 85, 43945.5951)
INSERT dbo.Cars(Id, ModelId, DealerId, Year, OrderId, Price) VALUES (453, 28, 33, '2000-01-01 01:01:01.560', NULL, 11387.1927)
INSERT dbo.Cars(Id, ModelId, DealerId, Year, OrderId, Price) VALUES (454, 58, 44, '2005-06-20 04:59:07.850', 318, 48430.9852)
INSERT dbo.Cars(Id, ModelId, DealerId, Year, OrderId, Price) VALUES (455, 71, 40, '1970-01-01 00:00:01.700', NULL, 19480)
INSERT dbo.Cars(Id, ModelId, DealerId, Year, OrderId, Price) VALUES (456, 10, 29, '2008-03-01 03:29:40.490', NULL, 10905)
INSERT dbo.Cars(Id, ModelId, DealerId, Year, OrderId, Price) VALUES (457, 96, 41, '2000-11-07 07:09:41.880', 593, 1965.5627)
INSERT dbo.Cars(Id, ModelId, DealerId, Year, OrderId, Price) VALUES (458, 62, 43, '2007-07-07 07:07:07.940', 216, 41003.4681)
INSERT dbo.Cars(Id, ModelId, DealerId, Year, OrderId, Price) VALUES (459, 81, 50, '2002-05-16 20:05:45.160', 31, 34376)
INSERT dbo.Cars(Id, ModelId, DealerId, Year, OrderId, Price) VALUES (460, 15, 23, '2007-07-07 07:07:07.660', 214, 13988)
INSERT dbo.Cars(Id, ModelId, DealerId, Year, OrderId, Price) VALUES (461, 99, 20, '2009-03-19 12:43:55.820', NULL, 24151)
INSERT dbo.Cars(Id, ModelId, DealerId, Year, OrderId, Price) VALUES (462, 48, 48, '1984-05-30 22:34:36.390', 536, 27527.4172)
INSERT dbo.Cars(Id, ModelId, DealerId, Year, OrderId, Price) VALUES (463, 70, 12, '2007-07-07 07:07:07.530', 594, 34788.8119)
INSERT dbo.Cars(Id, ModelId, DealerId, Year, OrderId, Price) VALUES (464, 69, 8, '2007-07-07 07:07:07.040', 482, 35517.9040)
INSERT dbo.Cars(Id, ModelId, DealerId, Year, OrderId, Price) VALUES (465, 11, 2, '2008-02-29 02:46:44.820', 537, 17495.0550)
INSERT dbo.Cars(Id, ModelId, DealerId, Year, OrderId, Price) VALUES (466, 6, 18, '2007-07-07 07:07:07.920', NULL, 32483.1388)
INSERT dbo.Cars(Id, ModelId, DealerId, Year, OrderId, Price) VALUES (467, 27, 48, '2000-01-01 01:01:01.320', NULL, 5797.7440)
INSERT dbo.Cars(Id, ModelId, DealerId, Year, OrderId, Price) VALUES (468, 22, 29, '2001-07-29 05:25:18.770', NULL, 7677.2561)
INSERT dbo.Cars(Id, ModelId, DealerId, Year, OrderId, Price) VALUES (469, 71, 4, '2001-11-29 01:58:21.530', NULL, 1000.4918)
INSERT dbo.Cars(Id, ModelId, DealerId, Year, OrderId, Price) VALUES (470, 2, 31, '2000-01-01 01:01:32.070', 86, 7853)
INSERT dbo.Cars(Id, ModelId, DealerId, Year, OrderId, Price) VALUES (471, 16, 9, '2004-09-07 07:14:17.820', 595, 18566)
INSERT dbo.Cars(Id, ModelId, DealerId, Year, OrderId, Price) VALUES (472, 74, 23, '2007-07-08 20:19:45.980', NULL, 7853)
INSERT dbo.Cars(Id, ModelId, DealerId, Year, OrderId, Price) VALUES (473, 96, 39, '2000-12-29 19:31:51.930', 314, 24560.4316)
INSERT dbo.Cars(Id, ModelId, DealerId, Year, OrderId, Price) VALUES (474, 73, 37, '2007-04-28 04:18:50.230', 154, 12888)
INSERT dbo.Cars(Id, ModelId, DealerId, Year, OrderId, Price) VALUES (475, 88, 2, '2007-07-07 07:07:09.720', NULL, 9509.8968)
INSERT dbo.Cars(Id, ModelId, DealerId, Year, OrderId, Price) VALUES (476, 24, 18, '2002-10-01 12:02:38.900', 538, 4867.7521)
INSERT dbo.Cars(Id, ModelId, DealerId, Year, OrderId, Price) VALUES (477, 26, 18, '2007-07-07 07:07:07.270', NULL, 7924.9136)
INSERT dbo.Cars(Id, ModelId, DealerId, Year, OrderId, Price) VALUES (478, 49, 23, '2007-07-08 07:17:30.460', 365, 25460)
INSERT dbo.Cars(Id, ModelId, DealerId, Year, OrderId, Price) VALUES (479, 52, 6, '2007-07-07 07:07:07.960', NULL, 30069)
INSERT dbo.Cars(Id, ModelId, DealerId, Year, OrderId, Price) VALUES (480, 30, 32, '2008-09-02 01:40:19.760', 596, 38598.2565)
INSERT dbo.Cars(Id, ModelId, DealerId, Year, OrderId, Price) VALUES (481, 6, 39, '2001-06-01 21:37:22.560', 539, 49038.5780)
INSERT dbo.Cars(Id, ModelId, DealerId, Year, OrderId, Price) VALUES (482, 77, 31, '1974-09-21 16:26:39.000', 597, 2451.3441)
INSERT dbo.Cars(Id, ModelId, DealerId, Year, OrderId, Price) VALUES (483, 68, 21, '2008-10-25 18:11:44.820', 426, 26775.5759)
INSERT dbo.Cars(Id, ModelId, DealerId, Year, OrderId, Price) VALUES (484, 10, 28, '2007-07-07 07:07:07.640', 32, 26859.5216)
INSERT dbo.Cars(Id, ModelId, DealerId, Year, OrderId, Price) VALUES (485, 32, 26, '2000-02-01 23:32:56.610', NULL, 34190)
INSERT dbo.Cars(Id, ModelId, DealerId, Year, OrderId, Price) VALUES (486, 29, 39, '2007-07-07 07:07:39.830', NULL, 8341)
INSERT dbo.Cars(Id, ModelId, DealerId, Year, OrderId, Price) VALUES (487, 88, 33, '2007-10-06 09:52:34.820', NULL, 34802)
INSERT dbo.Cars(Id, ModelId, DealerId, Year, OrderId, Price) VALUES (488, 63, 14, '2000-01-02 04:33:02.060', 33, 15934.3426)
INSERT dbo.Cars(Id, ModelId, DealerId, Year, OrderId, Price) VALUES (489, 38, 34, '1970-02-05 01:02:26.290', NULL, 4390.0056)
INSERT dbo.Cars(Id, ModelId, DealerId, Year, OrderId, Price) VALUES (490, 89, 28, '2007-07-07 07:07:07.780', 540, 16210.5456)
INSERT dbo.Cars(Id, ModelId, DealerId, Year, OrderId, Price) VALUES (491, 94, 14, '2000-01-01 01:01:09.630', 367, 36297)
INSERT dbo.Cars(Id, ModelId, DealerId, Year, OrderId, Price) VALUES (492, 11, 25, '2001-05-15 07:00:38.530', 428, 48962)
INSERT dbo.Cars(Id, ModelId, DealerId, Year, OrderId, Price) VALUES (493, 7, 50, '2000-12-10 21:17:38.540', NULL, 9815.2983)
INSERT dbo.Cars(Id, ModelId, DealerId, Year, OrderId, Price) VALUES (494, 56, 48, '2008-04-13 23:35:05.330', 255, 25083.9148)
INSERT dbo.Cars(Id, ModelId, DealerId, Year, OrderId, Price) VALUES (495, 92, 10, '2001-02-10 10:36:25.090', 161, 19030.5075)
INSERT dbo.Cars(Id, ModelId, DealerId, Year, OrderId, Price) VALUES (496, 66, 48, '1980-09-12 18:45:53.720', NULL, 38434.0608)
INSERT dbo.Cars(Id, ModelId, DealerId, Year, OrderId, Price) VALUES (497, 70, 33, '2008-03-16 23:43:30.120', NULL, 30159.5315)
INSERT dbo.Cars(Id, ModelId, DealerId, Year, OrderId, Price) VALUES (498, 3, 9, '1976-03-23 01:39:00.230', 541, 44505.5062)
INSERT dbo.Cars(Id, ModelId, DealerId, Year, OrderId, Price) VALUES (499, 99, 41, '2008-03-10 16:50:27.220', 599, 7698)
INSERT dbo.Cars(Id, ModelId, DealerId, Year, OrderId, Price) VALUES (500, 5, 48, '2007-07-08 11:49:57.960', NULL, 32172.7484)
INSERT dbo.Cars(Id, ModelId, DealerId, Year, OrderId, Price) VALUES (501, 12, 33, '2007-07-07 07:07:13.970', 30, 192)
INSERT dbo.Cars(Id, ModelId, DealerId, Year, OrderId, Price) VALUES (502, 94, 30, '2007-07-09 06:52:27.660', 87, 13116.5424)
INSERT dbo.Cars(Id, ModelId, DealerId, Year, OrderId, Price) VALUES (503, 56, 50, '2007-07-08 19:48:10.130', 319, 6047.3261)
INSERT dbo.Cars(Id, ModelId, DealerId, Year, OrderId, Price) VALUES (504, 59, 4, '2011-07-06 00:33:36.500', 426, 451.6936)
INSERT dbo.Cars(Id, ModelId, DealerId, Year, OrderId, Price) VALUES (505, 7, 14, '2007-07-07 07:07:07.630', 156, 26262.9564)
INSERT dbo.Cars(Id, ModelId, DealerId, Year, OrderId, Price) VALUES (506, 9, 24, '2007-07-09 01:58:27.180', 259, 6846)
INSERT dbo.Cars(Id, ModelId, DealerId, Year, OrderId, Price) VALUES (507, 48, 9, '2008-09-20 03:28:23.360', NULL, 30878.1810)
INSERT dbo.Cars(Id, ModelId, DealerId, Year, OrderId, Price) VALUES (508, 75, 46, '1970-01-01 00:00:01.540', NULL, 7853)
INSERT dbo.Cars(Id, ModelId, DealerId, Year, OrderId, Price) VALUES (509, 76, 11, '2007-07-07 07:07:07.890', NULL, 14259)
INSERT dbo.Cars(Id, ModelId, DealerId, Year, OrderId, Price) VALUES (510, 49, 33, '2007-07-07 07:07:07.440', NULL, 15297)
INSERT dbo.Cars(Id, ModelId, DealerId, Year, OrderId, Price) VALUES (511, 64, 20, '2007-07-07 07:07:07.100', 34, 35161.8480)
INSERT dbo.Cars(Id, ModelId, DealerId, Year, OrderId, Price) VALUES (512, 47, 23, '2000-01-01 01:01:01.940', 366, 40662.4176)
INSERT dbo.Cars(Id, ModelId, DealerId, Year, OrderId, Price) VALUES (513, 13, 3, '2007-08-06 20:10:48.640', 94, 43896)
INSERT dbo.Cars(Id, ModelId, DealerId, Year, OrderId, Price) VALUES (514, 71, 13, '2007-07-08 03:55:28.660', 316, 41398.8247)
INSERT dbo.Cars(Id, ModelId, DealerId, Year, OrderId, Price) VALUES (515, 71, 22, '2008-01-23 09:23:30.340', 320, 29734.1557)
INSERT dbo.Cars(Id, ModelId, DealerId, Year, OrderId, Price) VALUES (516, 34, 12, '2009-07-17 08:51:15.560', 256, 16103.2141)
INSERT dbo.Cars(Id, ModelId, DealerId, Year, OrderId, Price) VALUES (517, 28, 34, '2001-05-08 08:59:53.750', 257, 40583.8768)
INSERT dbo.Cars(Id, ModelId, DealerId, Year, OrderId, Price) VALUES (518, 59, 7, '2007-07-07 07:07:09.900', 317, 39282.9629)
INSERT dbo.Cars(Id, ModelId, DealerId, Year, OrderId, Price) VALUES (519, 69, 12, '2007-07-07 07:07:07.770', 366, 27405.5296)
INSERT dbo.Cars(Id, ModelId, DealerId, Year, OrderId, Price) VALUES (520, 67, 40, '2009-02-05 04:32:24.170', 259, 23884.0084)
INSERT dbo.Cars(Id, ModelId, DealerId, Year, OrderId, Price) VALUES (521, 77, 2, '2008-01-12 23:34:08.480', 425, 21223.1063)
INSERT dbo.Cars(Id, ModelId, DealerId, Year, OrderId, Price) VALUES (522, 45, 16, '2007-07-07 07:07:07.270', 27, 37665.4977)
INSERT dbo.Cars(Id, ModelId, DealerId, Year, OrderId, Price) VALUES (523, 96, 31, '1970-02-11 01:12:53.130', 260, 35383)
INSERT dbo.Cars(Id, ModelId, DealerId, Year, OrderId, Price) VALUES (524, 87, 29, '2000-01-01 01:01:01.080', 257, 35924.8770)
INSERT dbo.Cars(Id, ModelId, DealerId, Year, OrderId, Price) VALUES (525, 63, 43, '2011-09-21 19:03:15.790', 367, 20061)
INSERT dbo.Cars(Id, ModelId, DealerId, Year, OrderId, Price) VALUES (526, 4, 6, '2007-07-07 07:07:54.810', 422, 30923.3714)
INSERT dbo.Cars(Id, ModelId, DealerId, Year, OrderId, Price) VALUES (527, 1, 38, '2008-11-29 22:46:26.660', 368, 36390)
INSERT dbo.Cars(Id, ModelId, DealerId, Year, OrderId, Price) VALUES (528, 74, 6, '2007-07-07 07:07:07.340', 365, 49577.9557)
INSERT dbo.Cars(Id, ModelId, DealerId, Year, OrderId, Price) VALUES (529, 38, 23, '2007-07-07 16:18:41.290', 365, 20361.0217)
INSERT dbo.Cars(Id, ModelId, DealerId, Year, OrderId, Price) VALUES (530, 8, 36, '2007-07-07 07:07:07.200', 485, 28657.5660)
INSERT dbo.Cars(Id, ModelId, DealerId, Year, OrderId, Price) VALUES (531, 19, 3, '2004-05-24 20:52:55.240', 31, 8981.6158)
INSERT dbo.Cars(Id, ModelId, DealerId, Year, OrderId, Price) VALUES (532, 66, 10, '2007-07-07 07:07:07.400', 321, 21265.7941)
INSERT dbo.Cars(Id, ModelId, DealerId, Year, OrderId, Price) VALUES (533, 39, 25, '1970-01-01 00:00:01.180', 366, 45603.5522)
INSERT dbo.Cars(Id, ModelId, DealerId, Year, OrderId, Price) VALUES (534, 13, 35, '1970-01-01 05:15:48.890', 34, 38920.7912)
INSERT dbo.Cars(Id, ModelId, DealerId, Year, OrderId, Price) VALUES (535, 31, 28, '1970-01-01 00:00:07.350', 543, 36427.3631)
INSERT dbo.Cars(Id, ModelId, DealerId, Year, OrderId, Price) VALUES (536, 28, 28, '2007-07-07 07:07:13.470', 216, 21349.6509)
INSERT dbo.Cars(Id, ModelId, DealerId, Year, OrderId, Price) VALUES (537, 83, 7, '2000-01-01 01:01:01.830', 217, 1656)
INSERT dbo.Cars(Id, ModelId, DealerId, Year, OrderId, Price) VALUES (538, 9, 2, '2000-01-13 01:26:47.290', 427, 33121)
INSERT dbo.Cars(Id, ModelId, DealerId, Year, OrderId, Price) VALUES (539, 86, 18, '2001-07-12 20:28:03.350', 367, 6327)
INSERT dbo.Cars(Id, ModelId, DealerId, Year, OrderId, Price) VALUES (540, 97, 23, '2008-01-17 21:12:24.490', 95, 41255.7200)
INSERT dbo.Cars(Id, ModelId, DealerId, Year, OrderId, Price) VALUES (541, 78, 47, '2008-07-03 11:52:35.220', 486, 25487.1453)
INSERT dbo.Cars(Id, ModelId, DealerId, Year, OrderId, Price) VALUES (542, 43, 19, '2007-12-23 05:08:18.220', 544, 6617.1501)
INSERT dbo.Cars(Id, ModelId, DealerId, Year, OrderId, Price) VALUES (543, 76, 22, '2007-07-07 07:07:07.320', 425, 17528)
INSERT dbo.Cars(Id, ModelId, DealerId, Year, OrderId, Price) VALUES (544, 1, 44, '2000-01-01 01:01:01.210', 365, 37796.2378)
INSERT dbo.Cars(Id, ModelId, DealerId, Year, OrderId, Price) VALUES (545, 56, 21, '2000-01-01 01:01:10.530', 318, 5938.1878)
INSERT dbo.Cars(Id, ModelId, DealerId, Year, OrderId, Price) VALUES (546, 17, 6, '1983-05-06 14:20:10.630', 426, 30839.9884)
INSERT dbo.Cars(Id, ModelId, DealerId, Year, OrderId, Price) VALUES (547, 5, 34, '2008-08-15 00:50:04.110', 487, 11749.8316)
INSERT dbo.Cars(Id, ModelId, DealerId, Year, OrderId, Price) VALUES (548, 74, 4, '2007-07-07 07:07:07.860', 545, 9307.5590)
INSERT dbo.Cars(Id, ModelId, DealerId, Year, OrderId, Price) VALUES (549, 89, 33, '2000-08-28 04:44:10.620', 488, 42507.0151)
INSERT dbo.Cars(Id, ModelId, DealerId, Year, OrderId, Price) VALUES (550, 67, 17, '2000-01-02 01:10:07.500', 157, 3383.8464)
INSERT dbo.Cars(Id, ModelId, DealerId, Year, OrderId, Price) VALUES (551, 51, 2, '2011-04-12 13:49:37.180', 320, 38830)
INSERT dbo.Cars(Id, ModelId, DealerId, Year, OrderId, Price) VALUES (552, 55, 25, '2001-06-18 14:08:44.770', 483, 12835.5246)
INSERT dbo.Cars(Id, ModelId, DealerId, Year, OrderId, Price) VALUES (553, 7, 3, '2007-07-07 07:07:07.720', 428, 18547.0868)
INSERT dbo.Cars(Id, ModelId, DealerId, Year, OrderId, Price) VALUES (554, 14, 18, '2009-08-04 04:07:17.190', 426, 19511)
INSERT dbo.Cars(Id, ModelId, DealerId, Year, OrderId, Price) VALUES (555, 37, 50, '2008-04-11 21:14:49.660', 156, 46917)
INSERT dbo.Cars(Id, ModelId, DealerId, Year, OrderId, Price) VALUES (556, 29, 2, '2007-07-18 16:01:51.460', 368, 15057)
INSERT dbo.Cars(Id, ModelId, DealerId, Year, OrderId, Price) VALUES (557, 49, 9, '2008-04-11 21:01:42.990', 218, 48680.5355)
INSERT dbo.Cars(Id, ModelId, DealerId, Year, OrderId, Price) VALUES (558, 36, 41, '2008-05-22 15:12:59.870', 93, 17388.7073)
INSERT dbo.Cars(Id, ModelId, DealerId, Year, OrderId, Price) VALUES (559, 43, 25, '2007-07-07 07:07:29.590', 260, 3481.0979)
INSERT dbo.Cars(Id, ModelId, DealerId, Year, OrderId, Price) VALUES (560, 100, 46, '2007-07-07 07:07:07.390', 546, 11383.3104)
INSERT dbo.Cars(Id, ModelId, DealerId, Year, OrderId, Price) VALUES (561, 19, 49, '2008-10-31 00:36:46.290', 157, 34857.7581)
INSERT dbo.Cars(Id, ModelId, DealerId, Year, OrderId, Price) VALUES (562, 75, 28, '2007-08-23 02:47:51.500', 95, 6877)
INSERT dbo.Cars(Id, ModelId, DealerId, Year, OrderId, Price) VALUES (563, 70, 44, '1997-12-21 03:07:45.910', 489, 31326.8115)
INSERT dbo.Cars(Id, ModelId, DealerId, Year, OrderId, Price) VALUES (564, 83, 1, '2008-05-14 22:28:56.020', 35, 34771)
INSERT dbo.Cars(Id, ModelId, DealerId, Year, OrderId, Price) VALUES (565, 64, 25, '2008-02-06 13:39:39.060', 158, 3016.2271)
INSERT dbo.Cars(Id, ModelId, DealerId, Year, OrderId, Price) VALUES (566, 38, 8, '2008-03-14 06:24:23.820', 547, 28926.9749)
INSERT dbo.Cars(Id, ModelId, DealerId, Year, OrderId, Price) VALUES (567, 28, 9, '1980-03-09 13:05:23.850', 321, 41841.6450)
INSERT dbo.Cars(Id, ModelId, DealerId, Year, OrderId, Price) VALUES (568, 63, 40, '2008-12-26 16:12:38.620', 88, 34376)
INSERT dbo.Cars(Id, ModelId, DealerId, Year, OrderId, Price) VALUES (569, 32, 45, '2010-09-09 23:12:37.230', 218, 15328)
INSERT dbo.Cars(Id, ModelId, DealerId, Year, OrderId, Price) VALUES (570, 16, 20, '2009-02-08 03:20:18.520', 28, 19054)
INSERT dbo.Cars(Id, ModelId, DealerId, Year, OrderId, Price) VALUES (571, 48, 24, '2007-07-07 07:07:07.700', 366, 47918.8251)
INSERT dbo.Cars(Id, ModelId, DealerId, Year, OrderId, Price) VALUES (572, 49, 41, '2007-07-07 07:07:07.210', 222, 46679.5596)
INSERT dbo.Cars(Id, ModelId, DealerId, Year, OrderId, Price) VALUES (573, 82, 20, '2002-01-22 20:05:08.930', 261, 26684.9710)
INSERT dbo.Cars(Id, ModelId, DealerId, Year, OrderId, Price) VALUES (574, 93, 5, '2007-07-07 07:07:07.450', 35, 11974)
INSERT dbo.Cars(Id, ModelId, DealerId, Year, OrderId, Price) VALUES (575, 8, 7, '2000-01-01 01:02:35.370', 322, 48254.2656)
INSERT dbo.Cars(Id, ModelId, DealerId, Year, OrderId, Price) VALUES (576, 40, 29, '2003-03-04 14:34:44.980', 89, 32726)
INSERT dbo.Cars(Id, ModelId, DealerId, Year, OrderId, Price) VALUES (577, 24, 18, '2007-07-07 07:07:07.430', 258, 42666.2846)
INSERT dbo.Cars(Id, ModelId, DealerId, Year, OrderId, Price) VALUES (578, 89, 49, '2007-07-07 17:10:47.030', 29, 22968.0940)
INSERT dbo.Cars(Id, ModelId, DealerId, Year, OrderId, Price) VALUES (579, 77, 7, '1971-10-11 08:02:57.220', 490, 23206)
INSERT dbo.Cars(Id, ModelId, DealerId, Year, OrderId, Price) VALUES (580, 86, 2, '2008-08-15 10:04:40.530', 96, 33489.9214)
INSERT dbo.Cars(Id, ModelId, DealerId, Year, OrderId, Price) VALUES (581, 49, 49, '2009-02-25 07:16:37.980', 548, 11433.4854)
INSERT dbo.Cars(Id, ModelId, DealerId, Year, OrderId, Price) VALUES (582, 71, 11, '2001-04-02 17:26:14.490', 33, 49667)
INSERT dbo.Cars(Id, ModelId, DealerId, Year, OrderId, Price) VALUES (583, 43, 3, '2002-07-15 05:20:36.700', 96, 15526.8905)
INSERT dbo.Cars(Id, ModelId, DealerId, Year, OrderId, Price) VALUES (584, 66, 17, '2008-12-11 17:29:54.500', 318, 9472.3247)
INSERT dbo.Cars(Id, ModelId, DealerId, Year, OrderId, Price) VALUES (585, 35, 10, '2008-09-01 09:34:45.800', 162, 20262.4835)
INSERT dbo.Cars(Id, ModelId, DealerId, Year, OrderId, Price) VALUES (586, 35, 47, '1990-05-11 05:46:49.160', 427, 36157.9440)
INSERT dbo.Cars(Id, ModelId, DealerId, Year, OrderId, Price) VALUES (587, 51, 33, '2004-07-10 17:05:59.120', 429, 35049.1213)
INSERT dbo.Cars(Id, ModelId, DealerId, Year, OrderId, Price) VALUES (588, 25, 40, '2000-01-01 01:01:03.980', 262, 8155)
INSERT dbo.Cars(Id, ModelId, DealerId, Year, OrderId, Price) VALUES (589, 82, 42, '2007-07-07 07:07:07.410', 162, 21423.8368)
INSERT dbo.Cars(Id, ModelId, DealerId, Year, OrderId, Price) VALUES (590, 20, 20, '2000-11-20 16:32:00.850', 223, 6738.3147)
INSERT dbo.Cars(Id, ModelId, DealerId, Year, OrderId, Price) VALUES (591, 82, 11, '2007-07-07 07:07:07.520', 426, 20916.9447)
INSERT dbo.Cars(Id, ModelId, DealerId, Year, OrderId, Price) VALUES (592, 64, 7, '2008-08-30 18:00:21.720', 223, 19937)
INSERT dbo.Cars(Id, ModelId, DealerId, Year, OrderId, Price) VALUES (593, 97, 12, '2007-07-07 07:07:07.610', 217, 44364.3864)
INSERT dbo.Cars(Id, ModelId, DealerId, Year, OrderId, Price) VALUES (594, 26, 47, '2008-11-12 18:23:32.580', 427, 25520.9082)
INSERT dbo.Cars(Id, ModelId, DealerId, Year, OrderId, Price) VALUES (595, 79, 2, '2008-03-19 11:05:43.370', 428, 5196)
INSERT dbo.Cars(Id, ModelId, DealerId, Year, OrderId, Price) VALUES (596, 15, 35, '2000-01-01 01:01:01.060', 36, 33032.1392)
INSERT dbo.Cars(Id, ModelId, DealerId, Year, OrderId, Price) VALUES (597, 43, 16, '2007-07-07 07:08:20.160', 258, 10984.2886)
INSERT dbo.Cars(Id, ModelId, DealerId, Year, OrderId, Price) VALUES (598, 89, 37, '1970-01-01 00:00:03.530', 36, 46000.5440)
INSERT dbo.Cars(Id, ModelId, DealerId, Year, OrderId, Price) VALUES (599, 97, 3, '2008-03-22 03:50:55.870', 163, 46398)
INSERT dbo.Cars(Id, ModelId, DealerId, Year, OrderId, Price) VALUES (600, 74, 36, '2007-07-09 01:31:40.230', 157, 24048.1200)
INSERT dbo.Cars(Id, ModelId, DealerId, Year, OrderId, Price) VALUES (601, 1, 6, '2007-07-07 07:07:07.660', 261, 10830.9344)
INSERT dbo.Cars(Id, ModelId, DealerId, Year, OrderId, Price) VALUES (602, 3, 24, '2010-05-24 04:00:08.050', 97, 13740)
INSERT dbo.Cars(Id, ModelId, DealerId, Year, OrderId, Price) VALUES (603, 3, 35, '2007-07-07 19:08:11.130', 92, 15461.9941)
INSERT dbo.Cars(Id, ModelId, DealerId, Year, OrderId, Price) VALUES (604, 19, 2, '2007-07-08 02:10:27.360', 158, 29069.9520)
INSERT dbo.Cars(Id, ModelId, DealerId, Year, OrderId, Price) VALUES (605, 77, 28, '2008-01-07 06:08:35.330', 423, 5928.5610)
INSERT dbo.Cars(Id, ModelId, DealerId, Year, OrderId, Price) VALUES (606, 50, 42, '2007-07-07 07:07:14.910', 319, 4065)
INSERT dbo.Cars(Id, ModelId, DealerId, Year, OrderId, Price) VALUES (607, 89, 17, '2008-07-29 05:42:44.420', 484, 33857)
INSERT dbo.Cars(Id, ModelId, DealerId, Year, OrderId, Price) VALUES (608, 100, 39, '2007-11-09 10:56:31.540', 491, 26196)
INSERT dbo.Cars(Id, ModelId, DealerId, Year, OrderId, Price) VALUES (609, 22, 33, '2008-11-05 11:05:43.020', 549, 31178.8155)
INSERT dbo.Cars(Id, ModelId, DealerId, Year, OrderId, Price) VALUES (610, 14, 38, '2001-04-28 12:52:35.570', 492, 35197)
INSERT dbo.Cars(Id, ModelId, DealerId, Year, OrderId, Price) VALUES (611, 28, 41, '2007-07-08 12:24:25.000', 550, 25615)
INSERT dbo.Cars(Id, ModelId, DealerId, Year, OrderId, Price) VALUES (612, 90, 49, '2007-07-07 07:07:16.850', 424, 46735.0904)
INSERT dbo.Cars(Id, ModelId, DealerId, Year, OrderId, Price) VALUES (613, 85, 29, '2000-12-04 04:12:52.880', 493, 7849.9707)
INSERT dbo.Cars(Id, ModelId, DealerId, Year, OrderId, Price) VALUES (614, 33, 3, '2008-03-28 16:59:02.950', 32, 5684)
INSERT dbo.Cars(Id, ModelId, DealerId, Year, OrderId, Price) VALUES (615, 90, 34, '2001-02-16 12:08:45.290', 428, 5041.0350)
INSERT dbo.Cars(Id, ModelId, DealerId, Year, OrderId, Price) VALUES (616, 9, 14, '2007-07-07 07:07:07.720', 427, 10156.1488)
INSERT dbo.Cars(Id, ModelId, DealerId, Year, OrderId, Price) VALUES (617, 95, 11, '2000-07-24 19:30:42.700', 219, 3358.6168)
INSERT dbo.Cars(Id, ModelId, DealerId, Year, OrderId, Price) VALUES (618, 53, 2, '2007-03-13 08:17:19.370', 364, 15373.0687)
INSERT dbo.Cars(Id, ModelId, DealerId, Year, OrderId, Price) VALUES (619, 74, 40, '2010-01-01 07:23:21.570', 219, 17713.8424)
INSERT dbo.Cars(Id, ModelId, DealerId, Year, OrderId, Price) VALUES (620, 100, 46, '2006-01-07 19:51:00.970', 218, 13376)
INSERT dbo.Cars(Id, ModelId, DealerId, Year, OrderId, Price) VALUES (621, 9, 45, '2008-01-06 06:36:36.390', 425, 49154.3184)
INSERT dbo.Cars(Id, ModelId, DealerId, Year, OrderId, Price) VALUES (622, 26, 26, '2008-01-23 04:05:51.480', 368, 23508)
INSERT dbo.Cars(Id, ModelId, DealerId, Year, OrderId, Price) VALUES (623, 43, 23, '2000-01-01 01:01:01.950', 551, 48401.2250)
INSERT dbo.Cars(Id, ModelId, DealerId, Year, OrderId, Price) VALUES (624, 40, 31, '2007-12-13 22:55:02.980', 366, 38549.8130)
INSERT dbo.Cars(Id, ModelId, DealerId, Year, OrderId, Price) VALUES (625, 12, 10, '2008-01-17 05:18:11.190', 323, 13213.5814)
INSERT dbo.Cars(Id, ModelId, DealerId, Year, OrderId, Price) VALUES (626, 22, 38, '2007-07-08 20:27:13.550', 494, 31218.0106)
INSERT dbo.Cars(Id, ModelId, DealerId, Year, OrderId, Price) VALUES (627, 30, 9, '2000-12-25 10:56:29.950', 224, 5839)
INSERT dbo.Cars(Id, ModelId, DealerId, Year, OrderId, Price) VALUES (628, 19, 23, '2008-05-29 20:41:13.420', 93, 8768.9944)
INSERT dbo.Cars(Id, ModelId, DealerId, Year, OrderId, Price) VALUES (629, 82, 41, '2007-07-07 07:07:07.970', 94, 6410.0058)
INSERT dbo.Cars(Id, ModelId, DealerId, Year, OrderId, Price) VALUES (630, 38, 5, '2007-07-07 07:07:07.660', 263, 11240.5366)
INSERT dbo.Cars(Id, ModelId, DealerId, Year, OrderId, Price) VALUES (631, 92, 28, '2008-11-07 11:26:47.840', 158, 49024)
INSERT dbo.Cars(Id, ModelId, DealerId, Year, OrderId, Price) VALUES (632, 5, 39, '2008-11-02 07:05:48.970', 552, 45089)
INSERT dbo.Cars(Id, ModelId, DealerId, Year, OrderId, Price) VALUES (633, 98, 8, '1970-01-03 07:55:07.650', 159, 33357.9825)
INSERT dbo.Cars(Id, ModelId, DealerId, Year, OrderId, Price) VALUES (634, 78, 33, '2008-05-16 14:49:25.330', 33, 42610.5692)
INSERT dbo.Cars(Id, ModelId, DealerId, Year, OrderId, Price) VALUES (635, 75, 13, '2007-07-07 07:07:07.040', 219, 2818)
INSERT dbo.Cars(Id, ModelId, DealerId, Year, OrderId, Price) VALUES (636, 20, 15, '2007-08-12 15:25:56.820', 495, 7092.4327)
INSERT dbo.Cars(Id, ModelId, DealerId, Year, OrderId, Price) VALUES (637, 54, 24, '2001-04-01 12:42:41.070', 90, 11567.2035)
INSERT dbo.Cars(Id, ModelId, DealerId, Year, OrderId, Price) VALUES (638, 71, 24, '2009-04-28 15:01:56.100', 324, 27116.3752)
INSERT dbo.Cars(Id, ModelId, DealerId, Year, OrderId, Price) VALUES (639, 64, 35, '1970-01-01 00:00:10.690', 264, 33377.4042)
INSERT dbo.Cars(Id, ModelId, DealerId, Year, OrderId, Price) VALUES (640, 86, 46, '1970-01-01 00:00:01.560', 220, 11454.8599)
INSERT dbo.Cars(Id, ModelId, DealerId, Year, OrderId, Price) VALUES (641, 28, 36, '2000-01-01 01:01:10.920', 322, 23337.4388)
INSERT dbo.Cars(Id, ModelId, DealerId, Year, OrderId, Price) VALUES (642, 14, 35, '2007-07-07 07:07:07.200', 369, 17662.2093)
INSERT dbo.Cars(Id, ModelId, DealerId, Year, OrderId, Price) VALUES (643, 10, 8, '2000-01-01 01:01:01.020', 367, 20077.9808)
INSERT dbo.Cars(Id, ModelId, DealerId, Year, OrderId, Price) VALUES (644, 34, 50, '2005-08-27 18:14:27.210', 94, 42335.4949)
INSERT dbo.Cars(Id, ModelId, DealerId, Year, OrderId, Price) VALUES (645, 12, 31, '2008-06-15 15:43:50.580', 368, 11752.0045)
INSERT dbo.Cars(Id, ModelId, DealerId, Year, OrderId, Price) VALUES (646, 34, 43, '2000-01-01 01:01:02.330', 37, 17952.6674)
INSERT dbo.Cars(Id, ModelId, DealerId, Year, OrderId, Price) VALUES (647, 32, 10, '2002-11-21 21:36:35.940', 262, 19270.0854)
INSERT dbo.Cars(Id, ModelId, DealerId, Year, OrderId, Price) VALUES (648, 65, 34, '2007-07-07 07:07:07.020', 97, 25917.3961)
INSERT dbo.Cars(Id, ModelId, DealerId, Year, OrderId, Price) VALUES (649, 73, 50, '2008-03-27 07:41:33.370', 163, 18358.9104)
INSERT dbo.Cars(Id, ModelId, DealerId, Year, OrderId, Price) VALUES (650, 21, 43, '2004-02-09 02:54:44.350', 259, 25533.2624)
INSERT dbo.Cars(Id, ModelId, DealerId, Year, OrderId, Price) VALUES (651, 39, 38, '2008-04-25 21:23:55.370', 98, 47622)
INSERT dbo.Cars(Id, ModelId, DealerId, Year, OrderId, Price) VALUES (652, 72, 19, '2005-12-15 05:15:30.380', 429, 35975.7904)
INSERT dbo.Cars(Id, ModelId, DealerId, Year, OrderId, Price) VALUES (653, 70, 45, '2000-01-01 01:01:01.540', 320, 16733.4977)
INSERT dbo.Cars(Id, ModelId, DealerId, Year, OrderId, Price) VALUES (654, 26, 48, '2000-01-02 21:44:24.020', 260, 1780)
INSERT dbo.Cars(Id, ModelId, DealerId, Year, OrderId, Price) VALUES (655, 4, 2, '1970-01-01 00:00:01.360', 428, 41062.6401)
INSERT dbo.Cars(Id, ModelId, DealerId, Year, OrderId, Price) VALUES (656, 98, 18, '2007-07-07 07:07:16.210', 429, 9804.9343)
INSERT dbo.Cars(Id, ModelId, DealerId, Year, OrderId, Price) VALUES (657, 45, 35, '2000-02-06 22:24:41.860', 224, 32664)
INSERT dbo.Cars(Id, ModelId, DealerId, Year, OrderId, Price) VALUES (658, 18, 16, '2000-04-29 23:19:55.650', 30, 42238.5576)
INSERT dbo.Cars(Id, ModelId, DealerId, Year, OrderId, Price) VALUES (659, 12, 17, '2007-07-07 07:07:10.610', 38, 6141)
INSERT dbo.Cars(Id, ModelId, DealerId, Year, OrderId, Price) VALUES (660, 2, 14, '2007-07-09 10:43:25.140', 164, 29581)
INSERT dbo.Cars(Id, ModelId, DealerId, Year, OrderId, Price) VALUES (661, 73, 40, '2007-07-07 07:07:07.550', 91, 4500.4048)
INSERT dbo.Cars(Id, ModelId, DealerId, Year, OrderId, Price) VALUES (662, 13, 48, '2000-01-01 01:01:01.130', 369, 10531.7149)
INSERT dbo.Cars(Id, ModelId, DealerId, Year, OrderId, Price) VALUES (663, 53, 47, '2007-07-07 07:07:07.480', 367, 31750)
INSERT dbo.Cars(Id, ModelId, DealerId, Year, OrderId, Price) VALUES (664, 45, 22, '1978-06-09 07:34:28.550', 159, 38134.9756)
INSERT dbo.Cars(Id, ModelId, DealerId, Year, OrderId, Price) VALUES (665, 17, 48, '2007-07-07 07:07:07.050', 325, 21301.0256)
INSERT dbo.Cars(Id, ModelId, DealerId, Year, OrderId, Price) VALUES (666, 41, 19, '2007-07-07 10:40:44.020', 323, 18935.3541)
INSERT dbo.Cars(Id, ModelId, DealerId, Year, OrderId, Price) VALUES (667, 25, 5, '2008-02-06 23:07:18.860', 365, 2314.3230)
INSERT dbo.Cars(Id, ModelId, DealerId, Year, OrderId, Price) VALUES (668, 82, 20, '2010-11-01 15:57:14.730', 160, 38419.9079)
INSERT dbo.Cars(Id, ModelId, DealerId, Year, OrderId, Price) VALUES (669, 99, 11, '2009-06-09 14:38:05.720', 426, 18355.2783)
INSERT dbo.Cars(Id, ModelId, DealerId, Year, OrderId, Price) VALUES (670, 72, 32, '2002-01-27 07:53:51.930', 221, 31021.2696)
INSERT dbo.Cars(Id, ModelId, DealerId, Year, OrderId, Price) VALUES (671, 19, 7, '2000-07-29 02:56:05.240', 265, 46374.6262)
INSERT dbo.Cars(Id, ModelId, DealerId, Year, OrderId, Price) VALUES (672, 66, 41, '2007-07-07 07:07:07.150', 326, 2121.6597)
INSERT dbo.Cars(Id, ModelId, DealerId, Year, OrderId, Price) VALUES (673, 83, 1, '2000-06-10 05:44:26.700', 220, 49667)
INSERT dbo.Cars(Id, ModelId, DealerId, Year, OrderId, Price) VALUES (674, 12, 15, '2011-07-20 22:17:40.650', 366, 41913)
INSERT dbo.Cars(Id, ModelId, DealerId, Year, OrderId, Price) VALUES (675, 39, 21, '2000-02-15 22:19:40.710', 319, 15390)
INSERT dbo.Cars(Id, ModelId, DealerId, Year, OrderId, Price) VALUES (676, 56, 11, '2011-03-21 18:33:47.050', 160, 386.3629)
INSERT dbo.Cars(Id, ModelId, DealerId, Year, OrderId, Price) VALUES (677, 42, 22, '2007-07-07 07:07:07.900', 99, 5165)
INSERT dbo.Cars(Id, ModelId, DealerId, Year, OrderId, Price) VALUES (678, 53, 16, '2000-12-09 19:22:28.150', 34, 11716.4274)
INSERT dbo.Cars(Id, ModelId, DealerId, Year, OrderId, Price) VALUES (679, 65, 5, '2008-03-23 01:11:51.020', 259, 36266)
INSERT dbo.Cars(Id, ModelId, DealerId, Year, OrderId, Price) VALUES (680, 46, 8, '2007-07-07 07:07:07.250', 430, 20611)
INSERT dbo.Cars(Id, ModelId, DealerId, Year, OrderId, Price) VALUES (681, 94, 46, '2007-07-07 07:07:14.280', 37, 15642.3482)
INSERT dbo.Cars(Id, ModelId, DealerId, Year, OrderId, Price) VALUES (682, 16, 23, '2008-07-06 00:36:39.800', 266, 15091.3762)
INSERT dbo.Cars(Id, ModelId, DealerId, Year, OrderId, Price) VALUES (683, 33, 9, '2006-11-28 21:35:16.660', 320, 42982)
INSERT dbo.Cars(Id, ModelId, DealerId, Year, OrderId, Price) VALUES (684, 79, 15, '2007-07-07 07:07:13.300', 164, 36784.2703)
INSERT dbo.Cars(Id, ModelId, DealerId, Year, OrderId, Price) VALUES (685, 19, 1, '2008-04-30 04:28:39.820', 98, 29919.1302)
INSERT dbo.Cars(Id, ModelId, DealerId, Year, OrderId, Price) VALUES (686, 60, 43, '2000-01-01 01:01:01.140', 368, 4134.9158)
INSERT dbo.Cars(Id, ModelId, DealerId, Year, OrderId, Price) VALUES (687, 80, 44, '2007-12-18 02:42:47.520', 95, 26010)
INSERT dbo.Cars(Id, ModelId, DealerId, Year, OrderId, Price) VALUES (688, 30, 27, '2008-02-02 13:34:26.470', 161, 12338)
INSERT dbo.Cars(Id, ModelId, DealerId, Year, OrderId, Price) VALUES (689, 98, 47, '2008-08-30 22:58:06.680', 225, 24670)
INSERT dbo.Cars(Id, ModelId, DealerId, Year, OrderId, Price) VALUES (690, 77, 23, '2007-12-27 20:46:25.210', 165, 46537.1680)
INSERT dbo.Cars(Id, ModelId, DealerId, Year, OrderId, Price) VALUES (691, 6, 38, '2007-12-20 06:34:57.470', 260, 40602.9680)
INSERT dbo.Cars(Id, ModelId, DealerId, Year, OrderId, Price) VALUES (692, 14, 10, '1970-01-01 18:16:00.730', 39, 14476)
INSERT dbo.Cars(Id, ModelId, DealerId, Year, OrderId, Price) VALUES (693, 34, 46, '2001-11-10 16:33:01.280', 159, 10441.2479)
INSERT dbo.Cars(Id, ModelId, DealerId, Year, OrderId, Price) VALUES (694, 48, 26, '2003-01-17 12:26:42.260', 321, 31201.8368)
INSERT dbo.Cars(Id, ModelId, DealerId, Year, OrderId, Price) VALUES (695, 75, 24, '2008-09-11 04:30:06.720', 369, 7401.3501)
INSERT dbo.Cars(Id, ModelId, DealerId, Year, OrderId, Price) VALUES (696, 10, 30, '2000-01-01 01:01:01.440', 327, 40875)
INSERT dbo.Cars(Id, ModelId, DealerId, Year, OrderId, Price) VALUES (697, 27, 3, '2007-07-07 07:07:07.110', 34, 38985)
INSERT dbo.Cars(Id, ModelId, DealerId, Year, OrderId, Price) VALUES (698, 68, 28, '2000-01-06 18:11:05.860', 38, 21964.9491)
INSERT dbo.Cars(Id, ModelId, DealerId, Year, OrderId, Price) VALUES (699, 94, 2, '2008-07-19 20:45:15.190', 225, 41618.5475)
INSERT dbo.Cars(Id, ModelId, DealerId, Year, OrderId, Price) VALUES (700, 7, 36, '2008-05-17 02:20:23.560', 226, 32319.5976)
INSERT dbo.Cars(Id, ModelId, DealerId, Year, OrderId, Price) VALUES (701, 88, 41, '2009-02-18 13:01:47.940', 263, 23259.3494)
INSERT dbo.Cars(Id, ModelId, DealerId, Year, OrderId, Price) VALUES (702, 47, 27, '2008-04-02 19:57:59.830', 429, 44415)
INSERT dbo.Cars(Id, ModelId, DealerId, Year, OrderId, Price) VALUES (703, 48, 19, '2002-08-30 09:07:49.000', 95, 17009)
INSERT dbo.Cars(Id, ModelId, DealerId, Year, OrderId, Price) VALUES (704, 41, 21, '2000-01-01 01:01:01.530', 427, 23996)
INSERT dbo.Cars(Id, ModelId, DealerId, Year, OrderId, Price) VALUES (705, 37, 4, '2011-03-17 21:18:46.090', 31, 3337)
INSERT dbo.Cars(Id, ModelId, DealerId, Year, OrderId, Price) VALUES (706, 17, 31, '2002-12-04 16:09:05.310', 427, 11061.8799)
INSERT dbo.Cars(Id, ModelId, DealerId, Year, OrderId, Price) VALUES (707, 65, 20, '2007-07-07 07:07:07.090', 430, 47748.9270)
INSERT dbo.Cars(Id, ModelId, DealerId, Year, OrderId, Price) VALUES (708, 73, 23, '2005-08-08 14:33:28.640', 92, 32147.7200)
INSERT dbo.Cars(Id, ModelId, DealerId, Year, OrderId, Price) VALUES (709, 9, 23, '2005-06-13 02:42:42.050', 321, 39992)
INSERT dbo.Cars(Id, ModelId, DealerId, Year, OrderId, Price) VALUES (710, 50, 7, '2003-02-26 23:07:58.770', 267, 28001.3149)
INSERT dbo.Cars(Id, ModelId, DealerId, Year, OrderId, Price) VALUES (711, 79, 13, '2000-01-01 01:01:42.290', 261, 34063.9241)
INSERT dbo.Cars(Id, ModelId, DealerId, Year, OrderId, Price) VALUES (712, 92, 11, '1970-01-01 16:41:57.450', 328, 16001.9107)
INSERT dbo.Cars(Id, ModelId, DealerId, Year, OrderId, Price) VALUES (713, 65, 7, '2007-07-07 07:07:07.160', 35, 26165.8692)
INSERT dbo.Cars(Id, ModelId, DealerId, Year, OrderId, Price) VALUES (714, 12, 40, '2007-07-07 07:07:07.740', 370, 49936.8292)
INSERT dbo.Cars(Id, ModelId, DealerId, Year, OrderId, Price) VALUES (715, 27, 20, '2000-01-01 01:01:01.620', 431, 31177.2912)
INSERT dbo.Cars(Id, ModelId, DealerId, Year, OrderId, Price) VALUES (716, 62, 30, '2000-01-27 07:57:55.900', 369, 42858)
INSERT dbo.Cars(Id, ModelId, DealerId, Year, OrderId, Price) VALUES (717, 11, 12, '2009-02-14 21:13:31.090', 367, 19626.7949)
INSERT dbo.Cars(Id, ModelId, DealerId, Year, OrderId, Price) VALUES (718, 80, 43, '1970-01-01 00:00:34.990', 322, 7849.0292)
INSERT dbo.Cars(Id, ModelId, DealerId, Year, OrderId, Price) VALUES (719, 62, 33, '2000-01-01 01:01:01.870', 222, 41131.3508)
INSERT dbo.Cars(Id, ModelId, DealerId, Year, OrderId, Price) VALUES (720, 79, 22, '2001-07-14 05:17:48.470', 166, 13400.9829)
INSERT dbo.Cars(Id, ModelId, DealerId, Year, OrderId, Price) VALUES (721, 2, 47, '2002-01-10 17:24:49.750', 367, 7781.8282)
INSERT dbo.Cars(Id, ModelId, DealerId, Year, OrderId, Price) VALUES (722, 8, 48, '1977-11-14 10:14:19.550', 32, 1385.0312)
INSERT dbo.Cars(Id, ModelId, DealerId, Year, OrderId, Price) VALUES (723, 50, 9, '2001-02-28 06:14:41.230', 262, 44903)
INSERT dbo.Cars(Id, ModelId, DealerId, Year, OrderId, Price) VALUES (724, 29, 14, '2009-03-17 15:05:42.670', 100, 4189)
INSERT dbo.Cars(Id, ModelId, DealerId, Year, OrderId, Price) VALUES (725, 21, 40, '2008-10-02 05:46:14.780', 35, 28618.8668)
INSERT dbo.Cars(Id, ModelId, DealerId, Year, OrderId, Price) VALUES (726, 29, 41, '2000-01-01 01:01:01.400', 96, 10062.2101)
INSERT dbo.Cars(Id, ModelId, DealerId, Year, OrderId, Price) VALUES (727, 8, 5, '2004-10-04 10:27:54.850', 428, 8155)
INSERT dbo.Cars(Id, ModelId, DealerId, Year, OrderId, Price) VALUES (728, 95, 13, '2000-10-28 15:21:59.970', 162, 254)
INSERT dbo.Cars(Id, ModelId, DealerId, Year, OrderId, Price) VALUES (729, 6, 42, '2002-10-24 04:24:00.180', 367, 22031.9010)
INSERT dbo.Cars(Id, ModelId, DealerId, Year, OrderId, Price) VALUES (730, 6, 13, '2008-10-07 16:16:24.300', 370, 17887.0629)
INSERT dbo.Cars(Id, ModelId, DealerId, Year, OrderId, Price) VALUES (731, 38, 31, '2007-07-07 07:07:07.830', 227, 34864)
INSERT dbo.Cars(Id, ModelId, DealerId, Year, OrderId, Price) VALUES (732, 31, 19, '2001-02-25 19:12:15.250', 36, 5320)
INSERT dbo.Cars(Id, ModelId, DealerId, Year, OrderId, Price) VALUES (733, 56, 34, '2007-07-07 07:07:07.340', 430, 48344.2449)
INSERT dbo.Cars(Id, ModelId, DealerId, Year, OrderId, Price) VALUES (734, 33, 38, '2000-12-27 20:31:41.310', 366, 1422.5675)
INSERT dbo.Cars(Id, ModelId, DealerId, Year, OrderId, Price) VALUES (735, 6, 33, '2000-01-01 01:01:08.800', 167, 17005.1736)
INSERT dbo.Cars(Id, ModelId, DealerId, Year, OrderId, Price) VALUES (736, 73, 39, '1980-10-24 10:17:59.440', 261, 2082)
INSERT dbo.Cars(Id, ModelId, DealerId, Year, OrderId, Price) VALUES (737, 79, 5, '2004-05-22 18:53:57.010', 322, 49813.1432)
INSERT dbo.Cars(Id, ModelId, DealerId, Year, OrderId, Price) VALUES (738, 4, 38, '1970-01-01 00:00:01.300', 96, 35647.7952)
INSERT dbo.Cars(Id, ModelId, DealerId, Year, OrderId, Price) VALUES (739, 20, 20, '2007-07-07 07:07:07.820', 428, 34196.5576)
INSERT dbo.Cars(Id, ModelId, DealerId, Year, OrderId, Price) VALUES (740, 39, 2, '2008-07-07 22:05:01.350', 221, 27753)
INSERT dbo.Cars(Id, ModelId, DealerId, Year, OrderId, Price) VALUES (741, 25, 34, '2000-01-12 14:19:13.250', 40, 14214.2952)
INSERT dbo.Cars(Id, ModelId, DealerId, Year, OrderId, Price) VALUES (742, 16, 5, '2003-07-22 15:41:34.390', 324, 2176.8976)
INSERT dbo.Cars(Id, ModelId, DealerId, Year, OrderId, Price) VALUES (743, 12, 25, '2008-10-25 23:03:44.280', 264, 35226.9885)
INSERT dbo.Cars(Id, ModelId, DealerId, Year, OrderId, Price) VALUES (744, 29, 21, '2000-01-02 15:56:36.510', 427, 1106)
INSERT dbo.Cars(Id, ModelId, DealerId, Year, OrderId, Price) VALUES (745, 92, 33, '2008-03-08 19:26:59.440', 429, 15447.3764)
INSERT dbo.Cars(Id, ModelId, DealerId, Year, OrderId, Price) VALUES (746, 42, 43, '2009-05-06 04:05:27.740', 97, 23911.8235)
INSERT dbo.Cars(Id, ModelId, DealerId, Year, OrderId, Price) VALUES (747, 64, 29, '2007-07-07 07:07:57.980', 165, 49969)
INSERT dbo.Cars(Id, ModelId, DealerId, Year, OrderId, Price) VALUES (748, 55, 31, '2007-07-07 07:07:11.880', 268, 28408.9468)
INSERT dbo.Cars(Id, ModelId, DealerId, Year, OrderId, Price) VALUES (749, 79, 7, '2007-07-07 07:07:07.600', 161, 40112.5555)
INSERT dbo.Cars(Id, ModelId, DealerId, Year, OrderId, Price) VALUES (750, 98, 6, '2000-01-01 01:01:01.480', 99, 6459.2440)
INSERT dbo.Cars(Id, ModelId, DealerId, Year, OrderId, Price) VALUES (751, 69, 26, '2000-01-02 17:53:24.960', 226, 33811.5856)
INSERT dbo.Cars(Id, ModelId, DealerId, Year, OrderId, Price) VALUES (752, 51, 12, '2008-06-06 21:21:23.000', 36, 22570.3125)
INSERT dbo.Cars(Id, ModelId, DealerId, Year, OrderId, Price) VALUES (753, 73, 24, '1970-01-18 06:06:41.370', 329, 23275.0484)
INSERT dbo.Cars(Id, ModelId, DealerId, Year, OrderId, Price) VALUES (754, 97, 35, '2001-02-15 04:47:44.110', 262, 9410)
INSERT dbo.Cars(Id, ModelId, DealerId, Year, OrderId, Price) VALUES (755, 68, 29, '2007-07-07 07:07:07.670', 166, 31273.3575)
INSERT dbo.Cars(Id, ModelId, DealerId, Year, OrderId, Price) VALUES (756, 93, 16, '2010-05-06 02:13:37.320', 223, 7790.5601)
INSERT dbo.Cars(Id, ModelId, DealerId, Year, OrderId, Price) VALUES (757, 10, 17, '1975-09-25 19:17:40.890', 269, 38712.4337)
INSERT dbo.Cars(Id, ModelId, DealerId, Year, OrderId, Price) VALUES (758, 51, 26, '2001-01-09 18:21:04.240', 431, 12436.8684)
INSERT dbo.Cars(Id, ModelId, DealerId, Year, OrderId, Price) VALUES (759, 49, 2, '2008-10-22 21:28:21.490', 220, 9513.1830)
INSERT dbo.Cars(Id, ModelId, DealerId, Year, OrderId, Price) VALUES (760, 6, 22, '2007-08-06 03:24:17.860', 430, 10678.4000)
INSERT dbo.Cars(Id, ModelId, DealerId, Year, OrderId, Price) VALUES (761, 87, 17, '2007-07-07 07:07:07.030', 368, 38924.6073)
INSERT dbo.Cars(Id, ModelId, DealerId, Year, OrderId, Price) VALUES (762, 21, 2, '2007-07-07 07:07:14.760', 323, 31934.4341)
INSERT dbo.Cars(Id, ModelId, DealerId, Year, OrderId, Price) VALUES (763, 81, 4, '1970-01-01 00:00:01.530', 367, 45140.0032)
INSERT dbo.Cars(Id, ModelId, DealerId, Year, OrderId, Price) VALUES (764, 8, 11, '2000-01-01 01:02:29.430', 369, 32587.6111)
INSERT dbo.Cars(Id, ModelId, DealerId, Year, OrderId, Price) VALUES (765, 6, 32, '2000-01-01 01:01:27.910', 323, 9629.6815)
INSERT dbo.Cars(Id, ModelId, DealerId, Year, OrderId, Price) VALUES (766, 94, 6, '2011-10-31 09:23:21.440', 263, 39126.6752)
INSERT dbo.Cars(Id, ModelId, DealerId, Year, OrderId, Price) VALUES (767, 85, 18, '2000-01-01 01:01:03.920', 325, 12773.3596)
INSERT dbo.Cars(Id, ModelId, DealerId, Year, OrderId, Price) VALUES (768, 25, 18, '2000-01-01 01:01:01.250', 265, 48417.4301)
INSERT dbo.Cars(Id, ModelId, DealerId, Year, OrderId, Price) VALUES (769, 21, 31, '2008-03-03 10:11:20.810', 101, 1568.6720)
INSERT dbo.Cars(Id, ModelId, DealerId, Year, OrderId, Price) VALUES (770, 7, 28, '2000-01-01 01:01:01.600', 39, 16823)
INSERT dbo.Cars(Id, ModelId, DealerId, Year, OrderId, Price) VALUES (771, 78, 13, '2007-07-07 07:07:07.760', 428, 23965)
INSERT dbo.Cars(Id, ModelId, DealerId, Year, OrderId, Price) VALUES (772, 82, 50, '2007-07-07 09:49:57.740', 37, 27698.1512)
INSERT dbo.Cars(Id, ModelId, DealerId, Year, OrderId, Price) VALUES (773, 70, 50, '2001-05-09 17:02:02.590', 330, 27925.4601)
INSERT dbo.Cars(Id, ModelId, DealerId, Year, OrderId, Price) VALUES (774, 50, 23, '2008-11-09 21:26:22.690', 326, 32522.2179)
INSERT dbo.Cars(Id, ModelId, DealerId, Year, OrderId, Price) VALUES (775, 13, 3, '2007-07-29 04:33:24.700', 270, 43346)
INSERT dbo.Cars(Id, ModelId, DealerId, Year, OrderId, Price) VALUES (776, 64, 6, '2007-07-07 09:08:34.000', 160, 45089)
INSERT dbo.Cars(Id, ModelId, DealerId, Year, OrderId, Price) VALUES (777, 14, 39, '2008-06-20 11:31:05.670', 93, 39930)
INSERT dbo.Cars(Id, ModelId, DealerId, Year, OrderId, Price) VALUES (778, 5, 37, '2000-01-01 01:01:01.430', 324, 32107.1996)
INSERT dbo.Cars(Id, ModelId, DealerId, Year, OrderId, Price) VALUES (779, 67, 19, '2000-10-16 06:44:29.830', 428, 2032.6124)
INSERT dbo.Cars(Id, ModelId, DealerId, Year, OrderId, Price) VALUES (780, 35, 18, '2007-07-07 15:53:48.160', 97, 27593.6652)
INSERT dbo.Cars(Id, ModelId, DealerId, Year, OrderId, Price) VALUES (781, 12, 14, '2007-07-08 00:40:03.690', 428, 25460)
INSERT dbo.Cars(Id, ModelId, DealerId, Year, OrderId, Price) VALUES (782, 57, 3, '2007-07-07 07:07:07.690', 331, 36390)
INSERT dbo.Cars(Id, ModelId, DealerId, Year, OrderId, Price) VALUES (783, 78, 15, '2000-01-02 23:42:08.490', 368, 44312.4547)
INSERT dbo.Cars(Id, ModelId, DealerId, Year, OrderId, Price) VALUES (784, 36, 9, '2007-08-18 02:58:39.500', 371, 43366.4082)
INSERT dbo.Cars(Id, ModelId, DealerId, Year, OrderId, Price) VALUES (785, 63, 39, '2007-07-07 07:07:08.190', 37, 23639.3778)
INSERT dbo.Cars(Id, ModelId, DealerId, Year, OrderId, Price) VALUES (786, 96, 49, '1977-07-04 04:28:33.540', 271, 5679.5653)
INSERT dbo.Cars(Id, ModelId, DealerId, Year, OrderId, Price) VALUES (787, 49, 33, '2001-11-22 05:31:10.080', 264, 46516.0515)
INSERT dbo.Cars(Id, ModelId, DealerId, Year, OrderId, Price) VALUES (788, 48, 28, '2011-01-11 22:54:13.750', 227, 32994.1343)
INSERT dbo.Cars(Id, ModelId, DealerId, Year, OrderId, Price) VALUES (789, 3, 17, '2010-05-13 00:49:59.320', 98, 4863)
INSERT dbo.Cars(Id, ModelId, DealerId, Year, OrderId, Price) VALUES (790, 89, 40, '2007-07-08 00:42:47.790', 332, 49684.0381)
INSERT dbo.Cars(Id, ModelId, DealerId, Year, OrderId, Price) VALUES (791, 53, 28, '2007-07-07 07:07:37.630', 430, 10991.3045)
INSERT dbo.Cars(Id, ModelId, DealerId, Year, OrderId, Price) VALUES (792, 1, 18, '2007-07-07 07:07:07.140', 222, 32602)
INSERT dbo.Cars(Id, ModelId, DealerId, Year, OrderId, Price) VALUES (793, 35, 8, '2000-01-07 13:51:26.370', 370, 25143.7559)
INSERT dbo.Cars(Id, ModelId, DealerId, Year, OrderId, Price) VALUES (794, 2, 32, '1982-03-19 03:05:30.530', 368, 1074.8043)
INSERT dbo.Cars(Id, ModelId, DealerId, Year, OrderId, Price) VALUES (795, 28, 34, '2008-08-30 04:10:23.460', 100, 27247.4944)
INSERT dbo.Cars(Id, ModelId, DealerId, Year, OrderId, Price) VALUES (796, 74, 38, '2008-05-04 13:11:27.700', 325, 30357.1756)
INSERT dbo.Cars(Id, ModelId, DealerId, Year, OrderId, Price) VALUES (797, 38, 28, '2005-04-17 01:44:04.590', 162, 18109)
INSERT dbo.Cars(Id, ModelId, DealerId, Year, OrderId, Price) VALUES (798, 19, 12, '2000-10-07 02:25:40.820', 263, 26699.6104)
INSERT dbo.Cars(Id, ModelId, DealerId, Year, OrderId, Price) VALUES (799, 11, 27, '2007-07-07 07:07:07.880', 265, 21773.7152)
INSERT dbo.Cars(Id, ModelId, DealerId, Year, OrderId, Price) VALUES (800, 31, 43, '2009-06-11 01:09:24.840', 326, 15633.4964)
INSERT dbo.Cars(Id, ModelId, DealerId, Year, OrderId, Price) VALUES (801, 77, 17, '2001-07-19 20:34:48.690', 40, 49207.6518)
INSERT dbo.Cars(Id, ModelId, DealerId, Year, OrderId, Price) VALUES (802, 3, 29, '2006-04-21 18:37:53.910', 266, 17404)
INSERT dbo.Cars(Id, ModelId, DealerId, Year, OrderId, Price) VALUES (803, 76, 25, '2000-02-10 11:03:22.760', 101, 22960.8855)
INSERT dbo.Cars(Id, ModelId, DealerId, Year, OrderId, Price) VALUES (804, 58, 23, '2007-07-07 20:46:22.610', 98, 39106.6592)
INSERT dbo.Cars(Id, ModelId, DealerId, Year, OrderId, Price) VALUES (805, 29, 44, '2008-05-15 01:21:10.170', 266, 21618)
INSERT dbo.Cars(Id, ModelId, DealerId, Year, OrderId, Price) VALUES (806, 64, 21, '2008-11-15 00:17:29.630', 368, 6494.8944)
INSERT dbo.Cars(Id, ModelId, DealerId, Year, OrderId, Price) VALUES (807, 100, 11, '2007-07-07 07:07:11.390', 327, 22187.7339)
INSERT dbo.Cars(Id, ModelId, DealerId, Year, OrderId, Price) VALUES (808, 34, 18, '2007-12-28 15:30:12.350', 33, 16974.6825)
INSERT dbo.Cars(Id, ModelId, DealerId, Year, OrderId, Price) VALUES (809, 31, 25, '2000-01-01 01:01:04.760', 41, 9068.9016)
INSERT dbo.Cars(Id, ModelId, DealerId, Year, OrderId, Price) VALUES (810, 79, 13, '2007-07-07 07:07:07.590', 94, 12369)
INSERT dbo.Cars(Id, ModelId, DealerId, Year, OrderId, Price) VALUES (811, 40, 26, '2007-07-07 07:07:07.190', 267, 35166)
INSERT dbo.Cars(Id, ModelId, DealerId, Year, OrderId, Price) VALUES (812, 69, 22, '2007-07-08 06:22:41.200', 429, 11595.6078)
INSERT dbo.Cars(Id, ModelId, DealerId, Year, OrderId, Price) VALUES (813, 99, 17, '2000-01-01 08:56:08.030', 167, 18930)
INSERT dbo.Cars(Id, ModelId, DealerId, Year, OrderId, Price) VALUES (814, 34, 49, '2008-06-28 05:53:55.380', 221, 9681)
INSERT dbo.Cars(Id, ModelId, DealerId, Year, OrderId, Price) VALUES (815, 60, 4, '2000-01-01 01:01:01.180', 223, 34377.7465)
INSERT dbo.Cars(Id, ModelId, DealerId, Year, OrderId, Price) VALUES (816, 74, 22, '1970-01-01 00:00:01.170', 432, 5497.3934)
INSERT dbo.Cars(Id, ModelId, DealerId, Year, OrderId, Price) VALUES (817, 34, 44, '2008-07-04 10:47:20.180', 429, 38308.1126)
INSERT dbo.Cars(Id, ModelId, DealerId, Year, OrderId, Price) VALUES (818, 58, 15, '2000-01-01 01:01:06.700', 370, 2524.1097)
INSERT dbo.Cars(Id, ModelId, DealerId, Year, OrderId, Price) VALUES (819, 53, 35, '2007-07-07 07:07:07.690', 272, 34871.6960)
INSERT dbo.Cars(Id, ModelId, DealerId, Year, OrderId, Price) VALUES (820, 68, 33, '2000-01-01 01:01:01.280', 431, 49148)
INSERT dbo.Cars(Id, ModelId, DealerId, Year, OrderId, Price) VALUES (821, 37, 41, '2007-07-07 07:08:05.850', 333, 5924.5556)
INSERT dbo.Cars(Id, ModelId, DealerId, Year, OrderId, Price) VALUES (822, 42, 13, '2008-08-08 02:09:29.420', 34, 11254.9984)
INSERT dbo.Cars(Id, ModelId, DealerId, Year, OrderId, Price) VALUES (823, 73, 26, '2010-02-20 17:02:35.910', 370, 36855.4938)
INSERT dbo.Cars(Id, ModelId, DealerId, Year, OrderId, Price) VALUES (824, 97, 43, '2007-07-07 07:07:07.550', 328, 15514)
INSERT dbo.Cars(Id, ModelId, DealerId, Year, OrderId, Price) VALUES (825, 48, 24, '2001-08-09 01:41:18.370', 431, 15754.9876)
INSERT dbo.Cars(Id, ModelId, DealerId, Year, OrderId, Price) VALUES (826, 52, 11, '2010-12-14 16:41:08.700', 163, 3995.5088)
INSERT dbo.Cars(Id, ModelId, DealerId, Year, OrderId, Price) VALUES (827, 28, 36, '2007-07-07 07:07:07.800', 41, 5746)
INSERT dbo.Cars(Id, ModelId, DealerId, Year, OrderId, Price) VALUES (828, 90, 1, '2007-05-24 23:03:54.990', 273, 6660)
INSERT dbo.Cars(Id, ModelId, DealerId, Year, OrderId, Price) VALUES (829, 23, 38, '2011-01-20 12:51:23.390', 368, 44996)
INSERT dbo.Cars(Id, ModelId, DealerId, Year, OrderId, Price) VALUES (830, 18, 15, '2000-01-02 12:31:13.090', 102, 27054.1557)
INSERT dbo.Cars(Id, ModelId, DealerId, Year, OrderId, Price) VALUES (831, 14, 10, '2007-08-12 15:07:48.750', 102, 11010.8456)
INSERT dbo.Cars(Id, ModelId, DealerId, Year, OrderId, Price) VALUES (832, 51, 38, '2004-12-21 23:04:13.310', 327, 38169.8908)
INSERT dbo.Cars(Id, ModelId, DealerId, Year, OrderId, Price) VALUES (833, 73, 20, '2007-05-20 09:13:11.450', 224, 29674)
INSERT dbo.Cars(Id, ModelId, DealerId, Year, OrderId, Price) VALUES (834, 2, 30, '2008-05-30 21:35:52.660', 371, 20975)
INSERT dbo.Cars(Id, ModelId, DealerId, Year, OrderId, Price) VALUES (835, 50, 43, '2007-07-07 07:07:07.720', 164, 37045.5022)
INSERT dbo.Cars(Id, ModelId, DealerId, Year, OrderId, Price) VALUES (836, 12, 28, '2001-03-04 03:19:02.580', 38, 20944)
INSERT dbo.Cars(Id, ModelId, DealerId, Year, OrderId, Price) VALUES (837, 79, 4, '2009-02-05 08:10:41.370', 95, 235.8942)
INSERT dbo.Cars(Id, ModelId, DealerId, Year, OrderId, Price) VALUES (838, 15, 30, '2008-07-18 08:18:10.170', 161, 31192.3062)
INSERT dbo.Cars(Id, ModelId, DealerId, Year, OrderId, Price) VALUES (839, 42, 2, '2007-07-07 07:07:07.990', 429, 28241)
INSERT dbo.Cars(Id, ModelId, DealerId, Year, OrderId, Price) VALUES (840, 68, 50, '2000-08-17 07:57:55.860', 268, 30255)
INSERT dbo.Cars(Id, ModelId, DealerId, Year, OrderId, Price) VALUES (841, 27, 41, '2010-02-22 18:08:23.890', 431, 33736.6483)
INSERT dbo.Cars(Id, ModelId, DealerId, Year, OrderId, Price) VALUES (842, 38, 11, '2007-07-07 07:07:07.950', 369, 19023)
INSERT dbo.Cars(Id, ModelId, DealerId, Year, OrderId, Price) VALUES (843, 50, 50, '2000-01-01 17:49:46.640', 334, 44655.2760)
INSERT dbo.Cars(Id, ModelId, DealerId, Year, OrderId, Price) VALUES (844, 75, 49, '1979-04-28 12:13:23.680', 432, 33413.1747)
INSERT dbo.Cars(Id, ModelId, DealerId, Year, OrderId, Price) VALUES (845, 92, 7, '2007-07-07 07:07:07.370', 274, 32543.9425)
INSERT dbo.Cars(Id, ModelId, DealerId, Year, OrderId, Price) VALUES (846, 35, 43, '2000-01-01 01:01:02.820', 267, 12276)
INSERT dbo.Cars(Id, ModelId, DealerId, Year, OrderId, Price) VALUES (847, 89, 47, '2007-07-08 23:22:50.360', 371, 24787.4057)
INSERT dbo.Cars(Id, ModelId, DealerId, Year, OrderId, Price) VALUES (848, 75, 10, '2007-07-07 07:07:07.670', 432, 18218.1846)
INSERT dbo.Cars(Id, ModelId, DealerId, Year, OrderId, Price) VALUES (849, 56, 38, '2007-07-07 07:07:07.690', 38, 19484.2002)
INSERT dbo.Cars(Id, ModelId, DealerId, Year, OrderId, Price) VALUES (850, 82, 41, '2009-01-03 06:27:20.360', 225, 5289)
INSERT dbo.Cars(Id, ModelId, DealerId, Year, OrderId, Price) VALUES (851, 5, 13, '2000-01-01 01:01:01.590', 163, 37982.2518)
INSERT dbo.Cars(Id, ModelId, DealerId, Year, OrderId, Price) VALUES (852, 43, 48, '1985-05-07 19:46:03.550', 372, 34751.7760)
INSERT dbo.Cars(Id, ModelId, DealerId, Year, OrderId, Price) VALUES (853, 95, 12, '2008-05-10 20:02:50.420', 329, 13624.0073)
INSERT dbo.Cars(Id, ModelId, DealerId, Year, OrderId, Price) VALUES (854, 62, 4, '2007-07-07 07:07:07.640', 372, 19708.0845)
INSERT dbo.Cars(Id, ModelId, DealerId, Year, OrderId, Price) VALUES (855, 16, 38, '2000-01-02 18:46:52.850', 99, 48143.0285)
INSERT dbo.Cars(Id, ModelId, DealerId, Year, OrderId, Price) VALUES (856, 37, 19, '2006-11-05 16:07:53.970', 371, 36045.8526)
INSERT dbo.Cars(Id, ModelId, DealerId, Year, OrderId, Price) VALUES (857, 44, 11, '2007-09-04 23:19:57.110', 165, 24089)
INSERT dbo.Cars(Id, ModelId, DealerId, Year, OrderId, Price) VALUES (858, 81, 36, '2007-07-07 07:07:07.790', 369, 9869.9781)
INSERT dbo.Cars(Id, ModelId, DealerId, Year, OrderId, Price) VALUES (859, 76, 42, '2000-01-01 01:01:01.540', 269, 35809)
INSERT dbo.Cars(Id, ModelId, DealerId, Year, OrderId, Price) VALUES (860, 32, 49, '2007-11-25 15:09:13.730', 42, 46034)
INSERT dbo.Cars(Id, ModelId, DealerId, Year, OrderId, Price) VALUES (861, 8, 37, '2007-08-01 21:47:07.410', 42, 13537.3597)
INSERT dbo.Cars(Id, ModelId, DealerId, Year, OrderId, Price) VALUES (862, 34, 32, '2007-07-07 07:08:05.450', 324, 21680)
INSERT dbo.Cars(Id, ModelId, DealerId, Year, OrderId, Price) VALUES (863, 81, 43, '2008-12-24 23:34:58.730', 228, 44211.7577)
INSERT dbo.Cars(Id, ModelId, DealerId, Year, OrderId, Price) VALUES (864, 54, 32, '2007-07-08 05:57:30.210', 226, 8372)
INSERT dbo.Cars(Id, ModelId, DealerId, Year, OrderId, Price) VALUES (865, 75, 30, '1995-12-15 18:45:38.860', 433, 21702.7984)
INSERT dbo.Cars(Id, ModelId, DealerId, Year, OrderId, Price) VALUES (866, 18, 12, '2007-07-07 07:07:07.880', 222, 15390)
INSERT dbo.Cars(Id, ModelId, DealerId, Year, OrderId, Price) VALUES (867, 84, 33, '2008-07-11 02:03:07.140', 335, 47560)
INSERT dbo.Cars(Id, ModelId, DealerId, Year, OrderId, Price) VALUES (868, 74, 33, '2007-07-07 07:07:07.150', 429, 31124.2622)
INSERT dbo.Cars(Id, ModelId, DealerId, Year, OrderId, Price) VALUES (869, 13, 3, '2001-11-06 22:57:03.950', 166, 45219.0813)
INSERT dbo.Cars(Id, ModelId, DealerId, Year, OrderId, Price) VALUES (870, 42, 50, '2007-07-07 07:07:07.560', 264, 39920.1923)
INSERT dbo.Cars(Id, ModelId, DealerId, Year, OrderId, Price) VALUES (871, 5, 27, '2000-01-01 06:19:27.880', 432, 45577)
INSERT dbo.Cars(Id, ModelId, DealerId, Year, OrderId, Price) VALUES (872, 34, 17, '2008-01-18 15:44:04.940', 103, 25220)
INSERT dbo.Cars(Id, ModelId, DealerId, Year, OrderId, Price) VALUES (873, 71, 15, '2007-07-07 07:07:07.960', 371, 42271.9760)
INSERT dbo.Cars(Id, ModelId, DealerId, Year, OrderId, Price) VALUES (874, 2, 49, '2000-12-12 13:37:36.400', 35, 40844)
INSERT dbo.Cars(Id, ModelId, DealerId, Year, OrderId, Price) VALUES (875, 43, 22, '2007-07-07 07:07:11.780', 227, 30131)
INSERT dbo.Cars(Id, ModelId, DealerId, Year, OrderId, Price) VALUES (876, 3, 36, '2007-07-07 07:07:07.030', 330, 4032.8812)
INSERT dbo.Cars(Id, ModelId, DealerId, Year, OrderId, Price) VALUES (877, 68, 4, '2008-06-15 04:56:59.540', 43, 44444.1653)
INSERT dbo.Cars(Id, ModelId, DealerId, Year, OrderId, Price) VALUES (878, 64, 7, '2006-12-14 19:12:53.870', 275, 47288.9647)
INSERT dbo.Cars(Id, ModelId, DealerId, Year, OrderId, Price) VALUES (879, 52, 17, '2008-03-15 19:30:36.280', 369, 18318)
INSERT dbo.Cars(Id, ModelId, DealerId, Year, OrderId, Price) VALUES (880, 94, 47, '2006-07-31 05:21:05.960', 270, 9814.9532)
INSERT dbo.Cars(Id, ModelId, DealerId, Year, OrderId, Price) VALUES (881, 86, 19, '2000-05-21 01:22:52.430', 430, 1735.0149)
INSERT dbo.Cars(Id, ModelId, DealerId, Year, OrderId, Price) VALUES (882, 56, 27, '1970-01-16 16:10:32.650', 39, 42657.6495)
INSERT dbo.Cars(Id, ModelId, DealerId, Year, OrderId, Price) VALUES (883, 15, 35, '2000-01-02 08:32:30.520', 325, 13802)
INSERT dbo.Cars(Id, ModelId, DealerId, Year, OrderId, Price) VALUES (884, 83, 23, '2000-01-01 01:02:40.860', 103, 17665.9846)
INSERT dbo.Cars(Id, ModelId, DealerId, Year, OrderId, Price) VALUES (885, 82, 35, '2001-09-21 21:02:14.700', 99, 22989)
INSERT dbo.Cars(Id, ModelId, DealerId, Year, OrderId, Price) VALUES (886, 51, 3, '2008-11-30 23:10:42.840', 429, 19184.5581)
INSERT dbo.Cars(Id, ModelId, DealerId, Year, OrderId, Price) VALUES (887, 60, 37, '2007-07-07 07:07:30.580', 167, 44563.3850)
INSERT dbo.Cars(Id, ModelId, DealerId, Year, OrderId, Price) VALUES (888, 54, 41, '2008-08-20 20:14:31.430', 265, 38477.3154)
INSERT dbo.Cars(Id, ModelId, DealerId, Year, OrderId, Price) VALUES (889, 57, 2, '2000-01-01 01:01:01.840', 228, 40531.0043)
INSERT dbo.Cars(Id, ModelId, DealerId, Year, OrderId, Price) VALUES (890, 33, 18, '2000-01-01 01:01:01.350', 168, 1230)
INSERT dbo.Cars(Id, ModelId, DealerId, Year, OrderId, Price) VALUES (891, 60, 30, '2001-02-17 21:46:51.620', 224, 49377.3267)
INSERT dbo.Cars(Id, ModelId, DealerId, Year, OrderId, Price) VALUES (892, 21, 40, '2001-01-02 23:38:00.480', 331, 4339.6147)
INSERT dbo.Cars(Id, ModelId, DealerId, Year, OrderId, Price) VALUES (893, 21, 22, '2000-01-01 01:01:01.520', 326, 7636)
INSERT dbo.Cars(Id, ModelId, DealerId, Year, OrderId, Price) VALUES (894, 86, 12, '2008-06-12 23:43:40.520', 336, 29124)
INSERT dbo.Cars(Id, ModelId, DealerId, Year, OrderId, Price) VALUES (895, 6, 9, '2001-12-20 01:26:07.770', 96, 23570)
INSERT dbo.Cars(Id, ModelId, DealerId, Year, OrderId, Price) VALUES (896, 2, 26, '2007-07-07 07:07:07.320', 369, 40418)
INSERT dbo.Cars(Id, ModelId, DealerId, Year, OrderId, Price) VALUES (897, 42, 23, '2000-01-01 01:01:01.850', 229, 47080.4252)
INSERT dbo.Cars(Id, ModelId, DealerId, Year, OrderId, Price) VALUES (898, 63, 35, '2007-07-07 07:08:12.270', 168, 47699.7559)
INSERT dbo.Cars(Id, ModelId, DealerId, Year, OrderId, Price) VALUES (899, 99, 49, '2008-06-21 01:51:02.310', 271, 15910.9646)
INSERT dbo.Cars(Id, ModelId, DealerId, Year, OrderId, Price) VALUES (900, 5, 50, '2000-11-09 19:41:47.520', 430, 45608.8800)
INSERT dbo.Cars(Id, ModelId, DealerId, Year, OrderId, Price) VALUES (901, 17, 50, '2009-03-12 02:53:36.840', 430, 19542)
INSERT dbo.Cars(Id, ModelId, DealerId, Year, OrderId, Price) VALUES (902, 44, 39, '1970-01-01 00:52:18.660', 373, 39930)
INSERT dbo.Cars(Id, ModelId, DealerId, Year, OrderId, Price) VALUES (903, 47, 3, '2006-07-06 12:46:34.490', 36, 28427.0606)
INSERT dbo.Cars(Id, ModelId, DealerId, Year, OrderId, Price) VALUES (904, 46, 24, '1974-07-21 12:40:58.790', 332, 11853.8714)
INSERT dbo.Cars(Id, ModelId, DealerId, Year, OrderId, Price) VALUES (905, 17, 18, '2000-01-01 01:01:01.940', 39, 4593.0846)
INSERT dbo.Cars(Id, ModelId, DealerId, Year, OrderId, Price) VALUES (906, 98, 14, '2000-01-01 01:01:01.660', 162, 26715)
INSERT dbo.Cars(Id, ModelId, DealerId, Year, OrderId, Price) VALUES (907, 72, 31, '2001-09-13 06:37:49.820', 100, 5364.8560)
INSERT dbo.Cars(Id, ModelId, DealerId, Year, OrderId, Price) VALUES (908, 51, 2, '2010-02-11 04:39:52.090', 370, 20039.7931)
INSERT dbo.Cars(Id, ModelId, DealerId, Year, OrderId, Price) VALUES (909, 70, 31, '2007-07-07 07:07:09.790', 272, 5258)
INSERT dbo.Cars(Id, ModelId, DealerId, Year, OrderId, Price) VALUES (910, 30, 49, '2000-01-01 01:01:01.530', 164, 11860.7208)
INSERT dbo.Cars(Id, ModelId, DealerId, Year, OrderId, Price) VALUES (911, 74, 39, '2009-05-16 17:40:55.850', 370, 49866.1661)
INSERT dbo.Cars(Id, ModelId, DealerId, Year, OrderId, Price) VALUES (912, 90, 24, '2011-10-22 01:38:28.880', 228, 28624.8868)
INSERT dbo.Cars(Id, ModelId, DealerId, Year, OrderId, Price) VALUES (913, 54, 30, '2007-07-07 07:07:07.040', 168, 14507)
INSERT dbo.Cars(Id, ModelId, DealerId, Year, OrderId, Price) VALUES (914, 54, 10, '2000-01-01 01:01:01.040', 97, 11092.3704)
INSERT dbo.Cars(Id, ModelId, DealerId, Year, OrderId, Price) VALUES (915, 29, 3, '2008-01-31 17:27:37.380', 276, 44030.5442)
INSERT dbo.Cars(Id, ModelId, DealerId, Year, OrderId, Price) VALUES (916, 16, 20, '2007-07-08 02:51:13.850', 430, 48155.1232)
INSERT dbo.Cars(Id, ModelId, DealerId, Year, OrderId, Price) VALUES (917, 78, 15, '2006-06-26 05:37:18.820', 37, 31107)
INSERT dbo.Cars(Id, ModelId, DealerId, Year, OrderId, Price) VALUES (918, 55, 11, '2000-01-01 01:01:01.920', 328, 16305.2800)
INSERT dbo.Cars(Id, ModelId, DealerId, Year, OrderId, Price) VALUES (919, 95, 44, '2007-12-30 01:45:46.530', 225, 22637.7830)
INSERT dbo.Cars(Id, ModelId, DealerId, Year, OrderId, Price) VALUES (920, 32, 44, '2007-07-07 07:07:07.740', 372, 15390)
INSERT dbo.Cars(Id, ModelId, DealerId, Year, OrderId, Price) VALUES (921, 19, 30, '2000-01-02 14:13:39.980', 266, 27172)
INSERT dbo.Cars(Id, ModelId, DealerId, Year, OrderId, Price) VALUES (922, 39, 48, '2007-07-07 07:07:07.240', 433, 28512)
INSERT dbo.Cars(Id, ModelId, DealerId, Year, OrderId, Price) VALUES (923, 35, 43, '2000-01-01 01:01:03.720', 333, 26342.2352)
INSERT dbo.Cars(Id, ModelId, DealerId, Year, OrderId, Price) VALUES (924, 24, 48, '2008-07-15 22:39:01.690', 327, 27234)
INSERT dbo.Cars(Id, ModelId, DealerId, Year, OrderId, Price) VALUES (925, 5, 32, '2007-07-07 07:07:07.050', 431, 20948.4088)
INSERT dbo.Cars(Id, ModelId, DealerId, Year, OrderId, Price) VALUES (926, 3, 42, '2000-01-01 01:01:01.270', 169, 47920.8880)
INSERT dbo.Cars(Id, ModelId, DealerId, Year, OrderId, Price) VALUES (927, 51, 21, '2007-07-07 07:07:07.270', 268, 48150.6224)
INSERT dbo.Cars(Id, ModelId, DealerId, Year, OrderId, Price) VALUES (928, 37, 32, '2008-01-11 10:25:22.390', 337, 48531.8307)
INSERT dbo.Cars(Id, ModelId, DealerId, Year, OrderId, Price) VALUES (929, 36, 10, '2007-12-21 18:27:33.610', 98, 6104.4053)
INSERT dbo.Cars(Id, ModelId, DealerId, Year, OrderId, Price) VALUES (930, 29, 25, '2009-10-21 11:44:38.550', 273, 47842.3503)
INSERT dbo.Cars(Id, ModelId, DealerId, Year, OrderId, Price) VALUES (931, 67, 43, '2007-07-07 07:07:07.260', 277, 49619.8350)
INSERT dbo.Cars(Id, ModelId, DealerId, Year, OrderId, Price) VALUES (932, 25, 34, '2007-07-07 07:07:07.630', 334, 18644.6615)
INSERT dbo.Cars(Id, ModelId, DealerId, Year, OrderId, Price) VALUES (933, 73, 7, '2000-01-02 01:11:24.460', 338, 49512)
INSERT dbo.Cars(Id, ModelId, DealerId, Year, OrderId, Price) VALUES (934, 99, 6, '2007-07-07 07:07:58.780', 267, 7062.4215)
INSERT dbo.Cars(Id, ModelId, DealerId, Year, OrderId, Price) VALUES (935, 55, 49, '2007-07-08 07:23:13.470', 229, 34328.4278)
INSERT dbo.Cars(Id, ModelId, DealerId, Year, OrderId, Price) VALUES (936, 59, 18, '1978-06-01 21:14:58.060', 169, 43252.8544)
INSERT dbo.Cars(Id, ModelId, DealerId, Year, OrderId, Price) VALUES (937, 27, 26, '2008-11-11 20:55:33.250', 230, 43955.9903)
INSERT dbo.Cars(Id, ModelId, DealerId, Year, OrderId, Price) VALUES (938, 98, 35, '2000-01-01 01:01:01.960', 329, 41573.2683)
INSERT dbo.Cars(Id, ModelId, DealerId, Year, OrderId, Price) VALUES (939, 46, 12, '2008-04-12 18:35:48.330', 104, 18380)
INSERT dbo.Cars(Id, ModelId, DealerId, Year, OrderId, Price) VALUES (940, 71, 19, '2008-08-14 02:51:08.040', 328, 12955.0272)
INSERT dbo.Cars(Id, ModelId, DealerId, Year, OrderId, Price) VALUES (941, 95, 21, '2001-02-26 19:34:13.760', 278, 28605)
INSERT dbo.Cars(Id, ModelId, DealerId, Year, OrderId, Price) VALUES (942, 49, 47, '1970-01-01 00:00:10.560', 38, 32993.1894)
INSERT dbo.Cars(Id, ModelId, DealerId, Year, OrderId, Price) VALUES (943, 73, 4, '2007-07-07 07:07:28.620', 165, 18535)
INSERT dbo.Cars(Id, ModelId, DealerId, Year, OrderId, Price) VALUES (944, 31, 48, '2009-07-14 03:59:34.530', 370, 46537.6487)
INSERT dbo.Cars(Id, ModelId, DealerId, Year, OrderId, Price) VALUES (945, 23, 25, '2001-04-21 12:05:38.820', 99, 46333.4701)
INSERT dbo.Cars(Id, ModelId, DealerId, Year, OrderId, Price) VALUES (946, 30, 10, '2007-08-08 11:47:45.690', 269, 6296)
INSERT dbo.Cars(Id, ModelId, DealerId, Year, OrderId, Price) VALUES (947, 85, 8, '2000-01-01 01:01:01.640', 339, 38218)
INSERT dbo.Cars(Id, ModelId, DealerId, Year, OrderId, Price) VALUES (948, 43, 40, '2007-07-07 07:07:38.490', 39, 1712.9872)
INSERT dbo.Cars(Id, ModelId, DealerId, Year, OrderId, Price) VALUES (949, 67, 42, '2000-01-01 01:01:33.830', 279, 45218.5088)
INSERT dbo.Cars(Id, ModelId, DealerId, Year, OrderId, Price) VALUES (950, 98, 35, '2007-07-07 07:07:07.090', 44, 24989.4432)
INSERT dbo.Cars(Id, ModelId, DealerId, Year, OrderId, Price) VALUES (951, 21, 29, '2007-07-07 07:07:07.840', 226, 48752.8110)
INSERT dbo.Cars(Id, ModelId, DealerId, Year, OrderId, Price) VALUES (952, 38, 30, '2007-07-07 09:36:10.370', 105, 47790.0264)
INSERT dbo.Cars(Id, ModelId, DealerId, Year, OrderId, Price) VALUES (953, 56, 23, '2008-04-25 00:15:13.220', 166, 26970.0274)
INSERT dbo.Cars(Id, ModelId, DealerId, Year, OrderId, Price) VALUES (954, 14, 19, '2008-05-05 19:24:00.920', 40, 14630.4709)
INSERT dbo.Cars(Id, ModelId, DealerId, Year, OrderId, Price) VALUES (955, 41, 42, '2007-07-07 07:07:07.300', 434, 29248)
INSERT dbo.Cars(Id, ModelId, DealerId, Year, OrderId, Price) VALUES (956, 76, 46, '2009-10-09 09:26:11.390', 330, 38737)
INSERT dbo.Cars(Id, ModelId, DealerId, Year, OrderId, Price) VALUES (957, 1, 22, '2008-01-02 04:11:24.940', 100, 34664.3885)
INSERT dbo.Cars(Id, ModelId, DealerId, Year, OrderId, Price) VALUES (958, 68, 36, '2000-04-01 03:46:28.820', 340, 46233.2886)
INSERT dbo.Cars(Id, ModelId, DealerId, Year, OrderId, Price) VALUES (959, 80, 34, '2008-01-30 22:52:55.780', 432, 35827.6708)
INSERT dbo.Cars(Id, ModelId, DealerId, Year, OrderId, Price) VALUES (960, 76, 2, '2000-01-01 01:01:01.780', 374, 12325.7978)
INSERT dbo.Cars(Id, ModelId, DealerId, Year, OrderId, Price) VALUES (961, 78, 16, '2008-02-12 21:47:27.720', 40, 20300.6832)
INSERT dbo.Cars(Id, ModelId, DealerId, Year, OrderId, Price) VALUES (962, 2, 9, '2007-07-07 07:07:07.220', 101, 30372.2240)
INSERT dbo.Cars(Id, ModelId, DealerId, Year, OrderId, Price) VALUES (963, 11, 7, '2009-04-16 04:16:11.950', 280, 45632.0048)
INSERT dbo.Cars(Id, ModelId, DealerId, Year, OrderId, Price) VALUES (964, 81, 27, '2008-08-19 08:06:08.020', 268, 15134.4057)
INSERT dbo.Cars(Id, ModelId, DealerId, Year, OrderId, Price) VALUES (965, 85, 14, '2007-07-09 01:04:11.070', 229, 16000.1579)
INSERT dbo.Cars(Id, ModelId, DealerId, Year, OrderId, Price) VALUES (966, 83, 44, '2008-01-09 16:01:22.220', 41, 5196)
INSERT dbo.Cars(Id, ModelId, DealerId, Year, OrderId, Price) VALUES (967, 53, 16, '2000-10-08 17:28:59.330', 169, 46666.4927)
INSERT dbo.Cars(Id, ModelId, DealerId, Year, OrderId, Price) VALUES (968, 11, 36, '2000-09-10 17:37:24.120', 102, 47526.0456)
INSERT dbo.Cars(Id, ModelId, DealerId, Year, OrderId, Price) VALUES (969, 94, 15, '2007-07-07 07:07:07.330', 372, 8848.5386)
INSERT dbo.Cars(Id, ModelId, DealerId, Year, OrderId, Price) VALUES (970, 77, 6, '2009-02-10 02:23:43.590', 274, 23866.0567)
INSERT dbo.Cars(Id, ModelId, DealerId, Year, OrderId, Price) VALUES (971, 67, 28, '1988-07-27 10:27:41.520', 45, 11269.3136)
INSERT dbo.Cars(Id, ModelId, DealerId, Year, OrderId, Price) VALUES (972, 46, 12, '2007-08-01 13:42:35.850', 341, 6846)
INSERT dbo.Cars(Id, ModelId, DealerId, Year, OrderId, Price) VALUES (973, 30, 9, '2006-10-10 02:14:30.220', 100, 1487.7665)
INSERT dbo.Cars(Id, ModelId, DealerId, Year, OrderId, Price) VALUES (974, 63, 10, '2008-06-22 05:04:55.220', 227, 1786.3232)
INSERT dbo.Cars(Id, ModelId, DealerId, Year, OrderId, Price) VALUES (975, 74, 37, '2000-01-02 05:43:51.960', 167, 36761.6324)
INSERT dbo.Cars(Id, ModelId, DealerId, Year, OrderId, Price) VALUES (976, 91, 8, '1970-02-15 11:20:47.160', 106, 43315)
INSERT dbo.Cars(Id, ModelId, DealerId, Year, OrderId, Price) VALUES (977, 4, 14, '2007-07-07 07:07:07.450', 431, 44577.9935)
INSERT dbo.Cars(Id, ModelId, DealerId, Year, OrderId, Price) VALUES (978, 36, 39, '2000-01-01 01:01:07.970', 230, 5123.5538)
INSERT dbo.Cars(Id, ModelId, DealerId, Year, OrderId, Price) VALUES (979, 17, 4, '2007-07-07 07:07:22.070', 46, 44990.5724)
INSERT dbo.Cars(Id, ModelId, DealerId, Year, OrderId, Price) VALUES (980, 36, 50, '2008-08-05 15:28:18.440', 170, 21525)
INSERT dbo.Cars(Id, ModelId, DealerId, Year, OrderId, Price) VALUES (981, 19, 11, '2007-07-07 07:07:07.280', 270, 21401)
INSERT dbo.Cars(Id, ModelId, DealerId, Year, OrderId, Price) VALUES (982, 16, 15, '2007-07-07 07:07:15.890', 335, 31826.1453)
INSERT dbo.Cars(Id, ModelId, DealerId, Year, OrderId, Price) VALUES (983, 40, 12, '2007-08-01 09:40:05.500', 43, 43904.4646)
INSERT dbo.Cars(Id, ModelId, DealerId, Year, OrderId, Price) VALUES (984, 18, 39, '2000-01-03 00:46:21.660', 42, 12276)
INSERT dbo.Cars(Id, ModelId, DealerId, Year, OrderId, Price) VALUES (985, 80, 8, '2007-07-07 07:07:07.390', 101, 12005)
INSERT dbo.Cars(Id, ModelId, DealerId, Year, OrderId, Price) VALUES (986, 20, 28, '2007-07-07 07:07:07.670', 431, 14185.6960)
INSERT dbo.Cars(Id, ModelId, DealerId, Year, OrderId, Price) VALUES (987, 88, 5, '1970-01-01 00:00:01.560', 223, 48567)
INSERT dbo.Cars(Id, ModelId, DealerId, Year, OrderId, Price) VALUES (988, 40, 5, '2007-07-07 13:20:51.780', 370, 35596.4959)
INSERT dbo.Cars(Id, ModelId, DealerId, Year, OrderId, Price) VALUES (989, 90, 38, '2007-07-22 10:23:49.520', 275, 45947.4685)
INSERT dbo.Cars(Id, ModelId, DealerId, Year, OrderId, Price) VALUES (990, 8, 20, '2010-01-27 22:08:37.560', 104, 2261.8556)
INSERT dbo.Cars(Id, ModelId, DealerId, Year, OrderId, Price) VALUES (991, 45, 19, '2000-01-02 13:42:04.130', 336, 49299.5072)
INSERT dbo.Cars(Id, ModelId, DealerId, Year, OrderId, Price) VALUES (992, 93, 43, '2007-07-07 07:07:23.180', 41, 35552.5597)
INSERT dbo.Cars(Id, ModelId, DealerId, Year, OrderId, Price) VALUES (993, 45, 2, '2009-03-18 12:06:14.660', 329, 47757.1403)
INSERT dbo.Cars(Id, ModelId, DealerId, Year, OrderId, Price) VALUES (994, 74, 13, '2008-01-15 19:56:27.820', 228, 46034)
INSERT dbo.Cars(Id, ModelId, DealerId, Year, OrderId, Price) VALUES (995, 87, 15, '2009-02-26 20:10:28.750', 276, 21432)
INSERT dbo.Cars(Id, ModelId, DealerId, Year, OrderId, Price) VALUES (996, 100, 36, '2008-07-11 15:00:36.500', 170, 11238)
INSERT dbo.Cars(Id, ModelId, DealerId, Year, OrderId, Price) VALUES (997, 10, 50, '2007-07-07 07:07:07.940', 102, 1235.9691)
INSERT dbo.Cars(Id, ModelId, DealerId, Year, OrderId, Price) VALUES (998, 65, 45, '2007-07-07 07:07:07.940', 231, 44418.4479)
INSERT dbo.Cars(Id, ModelId, DealerId, Year, OrderId, Price) VALUES (999, 62, 20, '1970-01-01 00:00:01.390', 371, 35807.0784)
INSERT dbo.Cars(Id, ModelId, DealerId, Year, OrderId, Price) VALUES (1000, 26, 11, '2007-07-07 07:07:07.350', 373, 37088.4267)
GO
SET IDENTITY_INSERT dbo.Cars OFF
GO

IF @@ERROR<>0 OR @@TRANCOUNT=0 BEGIN IF @@TRANCOUNT>0 ROLLBACK SET NOEXEC ON END


--
-- Commit Transaction
--
IF @@TRANCOUNT>0 COMMIT TRANSACTION
SET NOEXEC OFF
GO